#-----------------------------------------------------------
# Vivado v2023.2 (64-bit)
# SW Build 4029153 on Fri Oct 13 20:14:34 MDT 2023
# IP Build 4028589 on Sat Oct 14 00:45:43 MDT 2023
# SharedData Build 4025554 on Tue Oct 10 17:18:54 MDT 2023
# Start of session at: Fri Jan  9 21:41:02 2026
# Process ID: 24784
# Current directory: D:/KAN/FPGA_Prj/KAN_V1
# Command line: vivado.exe -gui_launcher_event rodinguilauncherevent13504 D:\KAN\FPGA_Prj\KAN_V1\KAN_V1.xpr
# Log file: D:/KAN/FPGA_Prj/KAN_V1/vivado.log
# Journal file: D:/KAN/FPGA_Prj/KAN_V1\vivado.jou
# Running On: Silence, OS: Windows, CPU Frequency: 2895 MHz, CPU Physical cores: 16, Host memory: 14888 MB
#-----------------------------------------------------------
start_gui
open_project D:/KAN/FPGA_Prj/KAN_V1/KAN_V1.xpr
WARNING: [Board 49-26] cannot add Board Part xilinx.com:ac701:part0:1.4 available at D:/Xilinx/Vivado/2023.2/data/xhub/boards/XilinxBoardStore/boards/Xilinx/ac701/1.4/board.xml as part xc7a200tfbg676-2 specified in board_part file is either invalid or not available
WARNING: [Board 49-26] cannot add Board Part xilinx.com:kcu116:part0:1.4 available at D:/Xilinx/Vivado/2023.2/data/xhub/boards/XilinxBoardStore/boards/Xilinx/kcu116/1.4/board.xml as part xcku5p-ffvb676-2-e specified in board_part file is either invalid or not available
WARNING: [Board 49-26] cannot add Board Part xilinx.com:kcu116:part0:1.5 available at D:/Xilinx/Vivado/2023.2/data/xhub/boards/XilinxBoardStore/boards/Xilinx/kcu116/1.5/board.xml as part xcku5p-ffvb676-2-e specified in board_part file is either invalid or not available
WARNING: [Board 49-26] cannot add Board Part xilinx.com:sp701:part0:1.0 available at D:/Xilinx/Vivado/2023.2/data/xhub/boards/XilinxBoardStore/boards/Xilinx/sp701/1.0/board.xml as part xc7s100fgga676-2 specified in board_part file is either invalid or not available
WARNING: [Board 49-26] cannot add Board Part xilinx.com:sp701:part0:1.1 available at D:/Xilinx/Vivado/2023.2/data/xhub/boards/XilinxBoardStore/boards/Xilinx/sp701/1.1/board.xml as part xc7s100fgga676-2 specified in board_part file is either invalid or not available
WARNING: [Board 49-26] cannot add Board Part xilinx.com:vc707:part0:1.4 available at D:/Xilinx/Vivado/2023.2/data/xhub/boards/XilinxBoardStore/boards/Xilinx/vc707/1.4/board.xml as part xc7vx485tffg1761-2 specified in board_part file is either invalid or not available
WARNING: [Board 49-26] cannot add Board Part xilinx.com:vc709:part0:1.8 available at D:/Xilinx/Vivado/2023.2/data/xhub/boards/XilinxBoardStore/boards/Xilinx/vc709/1.8/board.xml as part xc7vx690tffg1761-2 specified in board_part file is either invalid or not available
WARNING: [Board 49-26] cannot add Board Part xilinx.com:vck190:part0:2.2 available at D:/Xilinx/Vivado/2023.2/data/xhub/boards/XilinxBoardStore/boards/Xilinx/vck190/production/2.2/board.xml as part xcvc1902-vsva2197-2mp-e-s specified in board_part file is either invalid or not available
WARNING: [Board 49-26] cannot add Board Part xilinx.com:vck190:part0:3.0 available at D:/Xilinx/Vivado/2023.2/data/xhub/boards/XilinxBoardStore/boards/Xilinx/vck190/production/3.0/board.xml as part xcvc1902-vsva2197-2mp-e-s specified in board_part file is either invalid or not available
WARNING: [Board 49-26] cannot add Board Part xilinx.com:vck190:part0:3.1 available at D:/Xilinx/Vivado/2023.2/data/xhub/boards/XilinxBoardStore/boards/Xilinx/vck190/production/3.1/board.xml as part xcvc1902-vsva2197-2mp-e-s specified in board_part file is either invalid or not available
WARNING: [Board 49-26] cannot add Board Part xilinx.com:vck190:part0:3.2 available at D:/Xilinx/Vivado/2023.2/data/xhub/boards/XilinxBoardStore/boards/Xilinx/vck190/production/3.2/board.xml as part xcvc1902-vsva2197-2mp-e-s specified in board_part file is either invalid or not available
WARNING: [Board 49-26] cannot add Board Part xilinx.com:vck190_newl:part0:1.0 available at D:/Xilinx/Vivado/2023.2/data/xhub/boards/XilinxBoardStore/boards/Xilinx/vck190_newl/production/1.0/board.xml as part xcvc1902-vsva2197-2mp-e-s specified in board_part file is either invalid or not available
WARNING: [Board 49-26] cannot add Board Part xilinx.com:vck190_newl:part0:1.1 available at D:/Xilinx/Vivado/2023.2/data/xhub/boards/XilinxBoardStore/boards/Xilinx/vck190_newl/production/1.1/board.xml as part xcvc1902-vsva2197-2mp-e-s specified in board_part file is either invalid or not available
WARNING: [Board 49-26] cannot add Board Part xilinx.com:vcu108:part0:1.6 available at D:/Xilinx/Vivado/2023.2/data/xhub/boards/XilinxBoardStore/boards/Xilinx/vcu108/1.6/board.xml as part xcvu095-ffva2104-2-e specified in board_part file is either invalid or not available
WARNING: [Board 49-26] cannot add Board Part xilinx.com:vcu108:part0:1.7 available at D:/Xilinx/Vivado/2023.2/data/xhub/boards/XilinxBoardStore/boards/Xilinx/vcu108/1.7/board.xml as part xcvu095-ffva2104-2-e specified in board_part file is either invalid or not available
WARNING: [Board 49-26] cannot add Board Part xilinx.com:vcu110:part0:1.4 available at D:/Xilinx/Vivado/2023.2/data/xhub/boards/XilinxBoardStore/boards/Xilinx/vcu110/1.4/board.xml as part xcvu190-flgc2104-2-e specified in board_part file is either invalid or not available
WARNING: [Board 49-26] cannot add Board Part xilinx.com:vcu118:part0:2.0 available at D:/Xilinx/Vivado/2023.2/data/xhub/boards/XilinxBoardStore/boards/Xilinx/vcu118/2.0/board.xml as part xcvu9p-flga2104-2l-e specified in board_part file is either invalid or not available
WARNING: [Board 49-26] cannot add Board Part xilinx.com:vcu118:part0:2.3 available at D:/Xilinx/Vivado/2023.2/data/xhub/boards/XilinxBoardStore/boards/Xilinx/vcu118/2.3/board.xml as part xcvu9p-flga2104-2l-e specified in board_part file is either invalid or not available
WARNING: [Board 49-26] cannot add Board Part xilinx.com:vcu118:part0:2.4 available at D:/Xilinx/Vivado/2023.2/data/xhub/boards/XilinxBoardStore/boards/Xilinx/vcu118/2.4/board.xml as part xcvu9p-flga2104-2l-e specified in board_part file is either invalid or not available
WARNING: [Board 49-26] cannot add Board Part xilinx.com:vcu128:part0:1.0 available at D:/Xilinx/Vivado/2023.2/data/xhub/boards/XilinxBoardStore/boards/Xilinx/vcu128/production/1.0/board.xml as part xcvu37p-fsvh2892-2l-e specified in board_part file is either invalid or not available
WARNING: [Board 49-26] cannot add Board Part xilinx.com:vcu129:part0:1.0 available at D:/Xilinx/Vivado/2023.2/data/xhub/boards/XilinxBoardStore/boards/Xilinx/vcu129/production/1.0/board.xml as part xcvu29p-fsga2577-2l-e specified in board_part file is either invalid or not available
WARNING: [Board 49-26] cannot add Board Part xilinx.com:vcu1525:part0:1.3 available at D:/Xilinx/Vivado/2023.2/data/xhub/boards/XilinxBoardStore/boards/Xilinx/vcu1525/1.3/board.xml as part xcvu9p-fsgd2104-2l-e specified in board_part file is either invalid or not available
WARNING: [Board 49-26] cannot add Board Part xilinx.com:vek280:part0:1.0 available at D:/Xilinx/Vivado/2023.2/data/xhub/boards/XilinxBoardStore/boards/Xilinx/vek280/production/1.0/board.xml as part xcve2802-vsvh1760-2mp-e-s specified in board_part file is either invalid or not available
WARNING: [Board 49-26] cannot add Board Part xilinx.com:vek280_es:part0:1.0 available at D:/Xilinx/Vivado/2023.2/data/xhub/boards/XilinxBoardStore/boards/Xilinx/vek280/es/rev_a/1.0/board.xml as part xcve2802-vsvh1760-2lp-e-s-es1 specified in board_part file is either invalid or not available
WARNING: [Board 49-26] cannot add Board Part xilinx.com:vek280_es:part0:1.1 available at D:/Xilinx/Vivado/2023.2/data/xhub/boards/XilinxBoardStore/boards/Xilinx/vek280/es/rev_a/1.1/board.xml as part xcve2802-vsvh1760-2lp-e-s-es1 specified in board_part file is either invalid or not available
WARNING: [Board 49-26] cannot add Board Part xilinx.com:vek280_es_revb:part0:1.0 available at D:/Xilinx/Vivado/2023.2/data/xhub/boards/XilinxBoardStore/boards/Xilinx/vek280/es/rev_b/1.0/board.xml as part xcve2802-vsvh1760-2mp-e-s-es1 specified in board_part file is either invalid or not available
WARNING: [Board 49-26] cannot add Board Part xilinx.com:vek280_es_revb:part0:1.1 available at D:/Xilinx/Vivado/2023.2/data/xhub/boards/XilinxBoardStore/boards/Xilinx/vek280/es/rev_b/1.1/board.xml as part xcve2802-vsvh1760-2mp-e-s-es1 specified in board_part file is either invalid or not available
WARNING: [Board 49-26] cannot add Board Part xilinx.com:vermeo_t1_mpsoc:part0:1.0 available at D:/Xilinx/Vivado/2023.2/data/xhub/boards/XilinxBoardStore/boards/Xilinx/vermeo_t1_mpsoc/1.0/board.xml as part xczu19eg-ffvd1760-2l-e specified in board_part file is either invalid or not available
WARNING: [Board 49-26] cannot add Board Part xilinx.com:vermeo_t1_rfsoc:part0:1.0 available at D:/Xilinx/Vivado/2023.2/data/xhub/boards/XilinxBoardStore/boards/Xilinx/vermeo_t1_rfsoc/1.0/board.xml as part xczu21dr-ffvd1156-2l-e specified in board_part file is either invalid or not available
WARNING: [Board 49-26] cannot add Board Part xilinx.com:vhk158:part0:1.0 available at D:/Xilinx/Vivado/2023.2/data/xhub/boards/XilinxBoardStore/boards/Xilinx/vhk158/production/1.0/board.xml as part xcvh1582-vsva3697-2mp-e-s specified in board_part file is either invalid or not available
WARNING: [Board 49-26] cannot add Board Part xilinx.com:vhk158:part0:1.1 available at D:/Xilinx/Vivado/2023.2/data/xhub/boards/XilinxBoardStore/boards/Xilinx/vhk158/production/1.1/board.xml as part xcvh1582-vsva3697-2mp-e-s specified in board_part file is either invalid or not available
WARNING: [Board 49-26] cannot add Board Part xilinx.com:vhk158_es:part0:1.0 available at D:/Xilinx/Vivado/2023.2/data/xhub/boards/XilinxBoardStore/boards/Xilinx/vhk158/es/1.0/board.xml as part xcvh1582-vsva3697-2mp-e-s-es1 specified in board_part file is either invalid or not available
WARNING: [Board 49-26] cannot add Board Part xilinx.com:vhk158_es:part0:1.1 available at D:/Xilinx/Vivado/2023.2/data/xhub/boards/XilinxBoardStore/boards/Xilinx/vhk158/es/1.1/board.xml as part xcvh1582-vsva3697-2mp-e-s-es1 specified in board_part file is either invalid or not available
WARNING: [Board 49-26] cannot add Board Part xilinx.com:vmk180:part0:2.2 available at D:/Xilinx/Vivado/2023.2/data/xhub/boards/XilinxBoardStore/boards/Xilinx/vmk180/production/2.2/board.xml as part xcvm1802-vsva2197-2mp-e-s specified in board_part file is either invalid or not available
WARNING: [Board 49-26] cannot add Board Part xilinx.com:vmk180:part0:3.0 available at D:/Xilinx/Vivado/2023.2/data/xhub/boards/XilinxBoardStore/boards/Xilinx/vmk180/production/3.0/board.xml as part xcvm1802-vsva2197-2mp-e-s specified in board_part file is either invalid or not available
WARNING: [Board 49-26] cannot add Board Part xilinx.com:vmk180:part0:3.1 available at D:/Xilinx/Vivado/2023.2/data/xhub/boards/XilinxBoardStore/boards/Xilinx/vmk180/production/3.1/board.xml as part xcvm1802-vsva2197-2mp-e-s specified in board_part file is either invalid or not available
WARNING: [Board 49-26] cannot add Board Part xilinx.com:vmk180:part0:3.2 available at D:/Xilinx/Vivado/2023.2/data/xhub/boards/XilinxBoardStore/boards/Xilinx/vmk180/production/3.2/board.xml as part xcvm1802-vsva2197-2mp-e-s specified in board_part file is either invalid or not available
WARNING: [Board 49-26] cannot add Board Part xilinx.com:vmk180_newl:part0:1.0 available at D:/Xilinx/Vivado/2023.2/data/xhub/boards/XilinxBoardStore/boards/Xilinx/vmk180_newl/production/1.0/board.xml as part xcvm1802-vsva2197-2mp-e-s specified in board_part file is either invalid or not available
WARNING: [Board 49-26] cannot add Board Part xilinx.com:vmk180_newl:part0:1.1 available at D:/Xilinx/Vivado/2023.2/data/xhub/boards/XilinxBoardStore/boards/Xilinx/vmk180_newl/production/1.1/board.xml as part xcvm1802-vsva2197-2mp-e-s specified in board_part file is either invalid or not available
WARNING: [Board 49-26] cannot add Board Part xilinx.com:vpk120:part0:1.0 available at D:/Xilinx/Vivado/2023.2/data/xhub/boards/XilinxBoardStore/boards/Xilinx/vpk120/production/1.0/board.xml as part xcvp1202-vsva2785-2mp-e-s specified in board_part file is either invalid or not available
WARNING: [Board 49-26] cannot add Board Part xilinx.com:vpk120:part0:1.1 available at D:/Xilinx/Vivado/2023.2/data/xhub/boards/XilinxBoardStore/boards/Xilinx/vpk120/production/1.1/board.xml as part xcvp1202-vsva2785-2mp-e-s specified in board_part file is either invalid or not available
WARNING: [Board 49-26] cannot add Board Part xilinx.com:vpk120:part0:1.2 available at D:/Xilinx/Vivado/2023.2/data/xhub/boards/XilinxBoardStore/boards/Xilinx/vpk120/production/1.2/board.xml as part xcvp1202-vsva2785-2mp-e-s specified in board_part file is either invalid or not available
WARNING: [Board 49-26] cannot add Board Part xilinx.com:vpk180:part0:1.0 available at D:/Xilinx/Vivado/2023.2/data/xhub/boards/XilinxBoardStore/boards/Xilinx/vpk180/production/1.0/board.xml as part xcvp1802-lsvc4072-2mp-e-s specified in board_part file is either invalid or not available
WARNING: [Board 49-26] cannot add Board Part xilinx.com:vpk180:part0:1.1 available at D:/Xilinx/Vivado/2023.2/data/xhub/boards/XilinxBoardStore/boards/Xilinx/vpk180/production/1.1/board.xml as part xcvp1802-lsvc4072-2mp-e-s specified in board_part file is either invalid or not available
WARNING: [Board 49-26] cannot add Board Part xilinx.com:zcu102:part0:3.3 available at D:/Xilinx/Vivado/2023.2/data/xhub/boards/XilinxBoardStore/boards/Xilinx/zcu102/3.3/board.xml as part xczu9eg-ffvb1156-2-e specified in board_part file is either invalid or not available
WARNING: [Board 49-26] cannot add Board Part xilinx.com:zcu102:part0:3.4 available at D:/Xilinx/Vivado/2023.2/data/xhub/boards/XilinxBoardStore/boards/Xilinx/zcu102/3.4/board.xml as part xczu9eg-ffvb1156-2-e specified in board_part file is either invalid or not available
WARNING: [Board 49-26] cannot add Board Part xilinx.com:zcu104:part0:1.1 available at D:/Xilinx/Vivado/2023.2/data/xhub/boards/XilinxBoardStore/boards/Xilinx/zcu104/1.1/board.xml as part xczu7ev-ffvc1156-2-e specified in board_part file is either invalid or not available
WARNING: [Board 49-26] cannot add Board Part xilinx.com:zcu106:part0:2.4 available at D:/Xilinx/Vivado/2023.2/data/xhub/boards/XilinxBoardStore/boards/Xilinx/zcu106/2.4/board.xml as part xczu7ev-ffvc1156-2-e specified in board_part file is either invalid or not available
WARNING: [Board 49-26] cannot add Board Part xilinx.com:zcu106:part0:2.5 available at D:/Xilinx/Vivado/2023.2/data/xhub/boards/XilinxBoardStore/boards/Xilinx/zcu106/2.5/board.xml as part xczu7ev-ffvc1156-2-e specified in board_part file is either invalid or not available
WARNING: [Board 49-26] cannot add Board Part xilinx.com:zcu106:part0:2.6 available at D:/Xilinx/Vivado/2023.2/data/xhub/boards/XilinxBoardStore/boards/Xilinx/zcu106/2.6/board.xml as part xczu7ev-ffvc1156-2-e specified in board_part file is either invalid or not available
WARNING: [Board 49-26] cannot add Board Part xilinx.com:zcu111:part0:1.2 available at D:/Xilinx/Vivado/2023.2/data/xhub/boards/XilinxBoardStore/boards/Xilinx/zcu111/1.2/board.xml as part xczu28dr-ffvg1517-2-e specified in board_part file is either invalid or not available
WARNING: [Board 49-26] cannot add Board Part xilinx.com:zcu111:part0:1.3 available at D:/Xilinx/Vivado/2023.2/data/xhub/boards/XilinxBoardStore/boards/Xilinx/zcu111/1.3/board.xml as part xczu28dr-ffvg1517-2-e specified in board_part file is either invalid or not available
WARNING: [Board 49-26] cannot add Board Part xilinx.com:zcu111:part0:1.4 available at D:/Xilinx/Vivado/2023.2/data/xhub/boards/XilinxBoardStore/boards/Xilinx/zcu111/1.4/board.xml as part xczu28dr-ffvg1517-2-e specified in board_part file is either invalid or not available
WARNING: [Board 49-26] cannot add Board Part xilinx.com:zcu1275:part0:1.0 available at D:/Xilinx/Vivado/2023.2/data/xhub/boards/XilinxBoardStore/boards/Xilinx/zcu1275/1.0/board.xml as part xczu29dr-ffvf1760-2-e specified in board_part file is either invalid or not available
WARNING: [Board 49-26] cannot add Board Part xilinx.com:zcu1285:part0:1.0 available at D:/Xilinx/Vivado/2023.2/data/xhub/boards/XilinxBoardStore/boards/Xilinx/zcu1285/1.0/board.xml as part xczu39dr-ffvf1760-2-i specified in board_part file is either invalid or not available
WARNING: [Board 49-26] cannot add Board Part xilinx.com:zcu208:part0:2.0 available at D:/Xilinx/Vivado/2023.2/data/xhub/boards/XilinxBoardStore/boards/Xilinx/zcu208/production/2.0/board.xml as part xczu48dr-fsvg1517-2-e specified in board_part file is either invalid or not available
WARNING: [Board 49-26] cannot add Board Part xilinx.com:zcu208ld:part0:2.0 available at D:/Xilinx/Vivado/2023.2/data/xhub/boards/XilinxBoardStore/boards/Xilinx/zcu208ld/production/2.0/board.xml as part xczu58dr-fsvg1517-2-i specified in board_part file is either invalid or not available
WARNING: [Board 49-26] cannot add Board Part xilinx.com:zcu216:part0:2.0 available at D:/Xilinx/Vivado/2023.2/data/xhub/boards/XilinxBoardStore/boards/Xilinx/zcu216/production/2.0/board.xml as part xczu49dr-ffvf1760-2-e specified in board_part file is either invalid or not available
WARNING: [Board 49-26] cannot add Board Part xilinx.com:zcu216ld:part0:2.0 available at D:/Xilinx/Vivado/2023.2/data/xhub/boards/XilinxBoardStore/boards/Xilinx/zcu216ld/production/2.0/board.xml as part xczu59dr-ffvf1760-2-i specified in board_part file is either invalid or not available
WARNING: [Board 49-26] cannot add Board Part xilinx.com:zcu670:part0:2.0 available at D:/Xilinx/Vivado/2023.2/data/xhub/boards/XilinxBoardStore/boards/Xilinx/zcu670/2.0/board.xml as part xczu67dr-fsve1156-2-i specified in board_part file is either invalid or not available
WARNING: [Board 49-26] cannot add Board Part xilinx.com:zcu670ld:part0:1.0 available at D:/Xilinx/Vivado/2023.2/data/xhub/boards/XilinxBoardStore/boards/Xilinx/zcu670ld/1.0/board.xml as part xczu57dr-fsve1156-2-i specified in board_part file is either invalid or not available
Scanning sources...
Finished scanning sources
INFO: [IP_Flow 19-234] Refreshing IP repositories
INFO: [IP_Flow 19-1704] No user IP repositories specified
INFO: [IP_Flow 19-2313] Loaded Vivado IP repository 'D:/Xilinx/Vivado/2023.2/data/ip'.
open_project: Time (s): cpu = 00:00:25 ; elapsed = 00:00:11 . Memory (MB): peak = 1593.242 ; gain = 227.371
launch_simulation
Command: launch_simulation 
INFO: [Vivado 12-12493] Simulation top is 'tb_bsu'
WARNING: [Vivado 12-13340] Unable to auto find GCC executables from simulator install path! (path not set)
INFO: [Vivado 12-5682] Launching behavioral simulation in 'D:/KAN/FPGA_Prj/KAN_V1/KAN_V1.sim/sim_1/behav/xsim'
INFO: [SIM-utils-51] Simulation object is 'sim_1'
INFO: [SIM-utils-72] Using boost library from 'D:/Xilinx/Vivado/2023.2/tps/boost_1_72_0'
INFO: [USF-XSim-7] Finding pre-compiled libraries...
INFO: [USF-XSim-11] File 'D:/Xilinx/Vivado/2023.2/data/xsim/xsim.ini' copied to run dir:'D:/KAN/FPGA_Prj/KAN_V1/KAN_V1.sim/sim_1/behav/xsim'
INFO: [SIM-utils-54] Inspecting design source files for 'tb_bsu' in fileset 'sim_1'...
INFO: [SIM-utils-43] Exported 'D:/KAN/FPGA_Prj/KAN_V1/KAN_V1.sim/sim_1/behav/xsim/layer0_coeff_in0_out0.mif'
INFO: [SIM-utils-43] Exported 'D:/KAN/FPGA_Prj/KAN_V1/KAN_V1.sim/sim_1/behav/xsim/layer0_coeff_in0_out0.coe'
INFO: [SIM-utils-43] Exported 'D:/KAN/FPGA_Prj/KAN_V1/KAN_V1.sim/sim_1/behav/xsim/layer0_coeff_in0_out1.mif'
INFO: [SIM-utils-43] Exported 'D:/KAN/FPGA_Prj/KAN_V1/KAN_V1.sim/sim_1/behav/xsim/layer0_coeff_in0_out1.coe'
INFO: [SIM-utils-43] Exported 'D:/KAN/FPGA_Prj/KAN_V1/KAN_V1.sim/sim_1/behav/xsim/layer0_coeff_in0_out2.mif'
INFO: [SIM-utils-43] Exported 'D:/KAN/FPGA_Prj/KAN_V1/KAN_V1.sim/sim_1/behav/xsim/layer0_coeff_in0_out2.coe'
INFO: [SIM-utils-43] Exported 'D:/KAN/FPGA_Prj/KAN_V1/KAN_V1.sim/sim_1/behav/xsim/layer0_coeff_in0_out3.mif'
INFO: [SIM-utils-43] Exported 'D:/KAN/FPGA_Prj/KAN_V1/KAN_V1.sim/sim_1/behav/xsim/layer0_coeff_in0_out3.coe'
INFO: [SIM-utils-43] Exported 'D:/KAN/FPGA_Prj/KAN_V1/KAN_V1.sim/sim_1/behav/xsim/layer0_coeff_in0_out4.mif'
INFO: [SIM-utils-43] Exported 'D:/KAN/FPGA_Prj/KAN_V1/KAN_V1.sim/sim_1/behav/xsim/layer0_coeff_in0_out4.coe'
INFO: [SIM-utils-43] Exported 'D:/KAN/FPGA_Prj/KAN_V1/KAN_V1.sim/sim_1/behav/xsim/layer0_coeff_in1_out0.mif'
INFO: [SIM-utils-43] Exported 'D:/KAN/FPGA_Prj/KAN_V1/KAN_V1.sim/sim_1/behav/xsim/layer0_coeff_in1_out0.coe'
INFO: [SIM-utils-43] Exported 'D:/KAN/FPGA_Prj/KAN_V1/KAN_V1.sim/sim_1/behav/xsim/layer0_coeff_in1_out1.mif'
INFO: [SIM-utils-43] Exported 'D:/KAN/FPGA_Prj/KAN_V1/KAN_V1.sim/sim_1/behav/xsim/layer0_coeff_in1_out1.coe'
INFO: [SIM-utils-43] Exported 'D:/KAN/FPGA_Prj/KAN_V1/KAN_V1.sim/sim_1/behav/xsim/layer0_coeff_in1_out2.mif'
INFO: [SIM-utils-43] Exported 'D:/KAN/FPGA_Prj/KAN_V1/KAN_V1.sim/sim_1/behav/xsim/layer0_coeff_in1_out2.coe'
INFO: [SIM-utils-43] Exported 'D:/KAN/FPGA_Prj/KAN_V1/KAN_V1.sim/sim_1/behav/xsim/layer0_coeff_in1_out3.mif'
INFO: [SIM-utils-43] Exported 'D:/KAN/FPGA_Prj/KAN_V1/KAN_V1.sim/sim_1/behav/xsim/layer0_coeff_in1_out3.coe'
INFO: [SIM-utils-43] Exported 'D:/KAN/FPGA_Prj/KAN_V1/KAN_V1.sim/sim_1/behav/xsim/layer0_coeff_in1_out4.mif'
INFO: [SIM-utils-43] Exported 'D:/KAN/FPGA_Prj/KAN_V1/KAN_V1.sim/sim_1/behav/xsim/layer0_coeff_in1_out4.coe'
INFO: [SIM-utils-43] Exported 'D:/KAN/FPGA_Prj/KAN_V1/KAN_V1.sim/sim_1/behav/xsim/layer0_coeff_in2_out0.mif'
INFO: [SIM-utils-43] Exported 'D:/KAN/FPGA_Prj/KAN_V1/KAN_V1.sim/sim_1/behav/xsim/layer0_coeff_in2_out0.coe'
INFO: [SIM-utils-43] Exported 'D:/KAN/FPGA_Prj/KAN_V1/KAN_V1.sim/sim_1/behav/xsim/layer0_coeff_in2_out1.mif'
INFO: [SIM-utils-43] Exported 'D:/KAN/FPGA_Prj/KAN_V1/KAN_V1.sim/sim_1/behav/xsim/layer0_coeff_in2_out1.coe'
INFO: [SIM-utils-43] Exported 'D:/KAN/FPGA_Prj/KAN_V1/KAN_V1.sim/sim_1/behav/xsim/layer0_coeff_in2_out2.mif'
INFO: [SIM-utils-43] Exported 'D:/KAN/FPGA_Prj/KAN_V1/KAN_V1.sim/sim_1/behav/xsim/layer0_coeff_in2_out2.coe'
INFO: [SIM-utils-43] Exported 'D:/KAN/FPGA_Prj/KAN_V1/KAN_V1.sim/sim_1/behav/xsim/layer0_coeff_in2_out3.mif'
INFO: [SIM-utils-43] Exported 'D:/KAN/FPGA_Prj/KAN_V1/KAN_V1.sim/sim_1/behav/xsim/layer0_coeff_in2_out3.coe'
INFO: [SIM-utils-43] Exported 'D:/KAN/FPGA_Prj/KAN_V1/KAN_V1.sim/sim_1/behav/xsim/layer0_coeff_in2_out4.mif'
INFO: [SIM-utils-43] Exported 'D:/KAN/FPGA_Prj/KAN_V1/KAN_V1.sim/sim_1/behav/xsim/layer0_coeff_in2_out4.coe'
INFO: [SIM-utils-43] Exported 'D:/KAN/FPGA_Prj/KAN_V1/KAN_V1.sim/sim_1/behav/xsim/layer1_coeff_in0_out0.mif'
INFO: [SIM-utils-43] Exported 'D:/KAN/FPGA_Prj/KAN_V1/KAN_V1.sim/sim_1/behav/xsim/layer1_coeff_in0_out0.coe'
INFO: [SIM-utils-43] Exported 'D:/KAN/FPGA_Prj/KAN_V1/KAN_V1.sim/sim_1/behav/xsim/layer1_coeff_in1_out0.mif'
INFO: [SIM-utils-43] Exported 'D:/KAN/FPGA_Prj/KAN_V1/KAN_V1.sim/sim_1/behav/xsim/layer1_coeff_in1_out0.coe'
INFO: [SIM-utils-43] Exported 'D:/KAN/FPGA_Prj/KAN_V1/KAN_V1.sim/sim_1/behav/xsim/layer1_coeff_in2_out0.mif'
INFO: [SIM-utils-43] Exported 'D:/KAN/FPGA_Prj/KAN_V1/KAN_V1.sim/sim_1/behav/xsim/layer1_coeff_in2_out0.coe'
INFO: [SIM-utils-43] Exported 'D:/KAN/FPGA_Prj/KAN_V1/KAN_V1.sim/sim_1/behav/xsim/layer1_coeff_in3_out0.mif'
INFO: [SIM-utils-43] Exported 'D:/KAN/FPGA_Prj/KAN_V1/KAN_V1.sim/sim_1/behav/xsim/layer1_coeff_in3_out0.coe'
INFO: [SIM-utils-43] Exported 'D:/KAN/FPGA_Prj/KAN_V1/KAN_V1.sim/sim_1/behav/xsim/layer1_coeff_in4_out0.mif'
INFO: [SIM-utils-43] Exported 'D:/KAN/FPGA_Prj/KAN_V1/KAN_V1.sim/sim_1/behav/xsim/layer1_coeff_in4_out0.coe'
INFO: [USF-XSim-97] Finding global include files...
INFO: [USF-XSim-98] Fetching design files from 'sim_1'...
INFO: [USF-XSim-2] XSim::Compile design
INFO: [USF-XSim-61] Executing 'COMPILE and ANALYZE' step in 'D:/KAN/FPGA_Prj/KAN_V1/KAN_V1.sim/sim_1/behav/xsim'
"xvlog --incr --relax -L uvm -prj tb_bsu_vlog.prj"
ECHO 处于关闭状态。
ECHO 处于关闭状态。
INFO: [VRFC 10-2263] Analyzing Verilog file "D:/KAN/FPGA_Prj/KAN_V1/KAN_V1.gen/sources_1/ip/layer1_coeff_in4_out0/sim/layer1_coeff_in4_out0.v" into library xil_defaultlib
INFO: [VRFC 10-311] analyzing module layer1_coeff_in4_out0
INFO: [VRFC 10-2263] Analyzing Verilog file "D:/KAN/FPGA_Prj/KAN_V1/KAN_V1.gen/sources_1/ip/layer1_coeff_in3_out0/sim/layer1_coeff_in3_out0.v" into library xil_defaultlib
INFO: [VRFC 10-311] analyzing module layer1_coeff_in3_out0
INFO: [VRFC 10-2263] Analyzing Verilog file "D:/KAN/FPGA_Prj/KAN_V1/KAN_V1.gen/sources_1/ip/layer1_coeff_in2_out0/sim/layer1_coeff_in2_out0.v" into library xil_defaultlib
INFO: [VRFC 10-311] analyzing module layer1_coeff_in2_out0
INFO: [VRFC 10-2263] Analyzing Verilog file "D:/KAN/FPGA_Prj/KAN_V1/KAN_V1.gen/sources_1/ip/layer1_coeff_in1_out0/sim/layer1_coeff_in1_out0.v" into library xil_defaultlib
INFO: [VRFC 10-311] analyzing module layer1_coeff_in1_out0
INFO: [VRFC 10-2263] Analyzing Verilog file "D:/KAN/FPGA_Prj/KAN_V1/KAN_V1.gen/sources_1/ip/layer1_coeff_in0_out0/sim/layer1_coeff_in0_out0.v" into library xil_defaultlib
INFO: [VRFC 10-311] analyzing module layer1_coeff_in0_out0
INFO: [VRFC 10-2263] Analyzing Verilog file "D:/KAN/FPGA_Prj/KAN_V1/KAN_V1.gen/sources_1/ip/layer0_coeff_in2_out4/sim/layer0_coeff_in2_out4.v" into library xil_defaultlib
INFO: [VRFC 10-311] analyzing module layer0_coeff_in2_out4
INFO: [VRFC 10-2263] Analyzing Verilog file "D:/KAN/FPGA_Prj/KAN_V1/KAN_V1.gen/sources_1/ip/layer0_coeff_in2_out3/sim/layer0_coeff_in2_out3.v" into library xil_defaultlib
INFO: [VRFC 10-311] analyzing module layer0_coeff_in2_out3
INFO: [VRFC 10-2263] Analyzing Verilog file "D:/KAN/FPGA_Prj/KAN_V1/KAN_V1.gen/sources_1/ip/layer0_coeff_in2_out2/sim/layer0_coeff_in2_out2.v" into library xil_defaultlib
INFO: [VRFC 10-311] analyzing module layer0_coeff_in2_out2
INFO: [VRFC 10-2263] Analyzing Verilog file "D:/KAN/FPGA_Prj/KAN_V1/KAN_V1.gen/sources_1/ip/layer0_coeff_in2_out1/sim/layer0_coeff_in2_out1.v" into library xil_defaultlib
INFO: [VRFC 10-311] analyzing module layer0_coeff_in2_out1
INFO: [VRFC 10-2263] Analyzing Verilog file "D:/KAN/FPGA_Prj/KAN_V1/KAN_V1.gen/sources_1/ip/layer0_coeff_in2_out0/sim/layer0_coeff_in2_out0.v" into library xil_defaultlib
INFO: [VRFC 10-311] analyzing module layer0_coeff_in2_out0
INFO: [VRFC 10-2263] Analyzing Verilog file "D:/KAN/FPGA_Prj/KAN_V1/KAN_V1.gen/sources_1/ip/layer0_coeff_in1_out4/sim/layer0_coeff_in1_out4.v" into library xil_defaultlib
INFO: [VRFC 10-311] analyzing module layer0_coeff_in1_out4
INFO: [VRFC 10-2263] Analyzing Verilog file "D:/KAN/FPGA_Prj/KAN_V1/KAN_V1.gen/sources_1/ip/layer0_coeff_in1_out3/sim/layer0_coeff_in1_out3.v" into library xil_defaultlib
INFO: [VRFC 10-311] analyzing module layer0_coeff_in1_out3
INFO: [VRFC 10-2263] Analyzing Verilog file "D:/KAN/FPGA_Prj/KAN_V1/KAN_V1.gen/sources_1/ip/layer0_coeff_in1_out2/sim/layer0_coeff_in1_out2.v" into library xil_defaultlib
INFO: [VRFC 10-311] analyzing module layer0_coeff_in1_out2
INFO: [VRFC 10-2263] Analyzing Verilog file "D:/KAN/FPGA_Prj/KAN_V1/KAN_V1.gen/sources_1/ip/layer0_coeff_in1_out1/sim/layer0_coeff_in1_out1.v" into library xil_defaultlib
INFO: [VRFC 10-311] analyzing module layer0_coeff_in1_out1
INFO: [VRFC 10-2263] Analyzing Verilog file "D:/KAN/FPGA_Prj/KAN_V1/KAN_V1.gen/sources_1/ip/layer0_coeff_in1_out0/sim/layer0_coeff_in1_out0.v" into library xil_defaultlib
INFO: [VRFC 10-311] analyzing module layer0_coeff_in1_out0
INFO: [VRFC 10-2263] Analyzing Verilog file "D:/KAN/FPGA_Prj/KAN_V1/KAN_V1.gen/sources_1/ip/layer0_coeff_in0_out4/sim/layer0_coeff_in0_out4.v" into library xil_defaultlib
INFO: [VRFC 10-311] analyzing module layer0_coeff_in0_out4
INFO: [VRFC 10-2263] Analyzing Verilog file "D:/KAN/FPGA_Prj/KAN_V1/KAN_V1.gen/sources_1/ip/layer0_coeff_in0_out3/sim/layer0_coeff_in0_out3.v" into library xil_defaultlib
INFO: [VRFC 10-311] analyzing module layer0_coeff_in0_out3
INFO: [VRFC 10-2263] Analyzing Verilog file "D:/KAN/FPGA_Prj/KAN_V1/KAN_V1.gen/sources_1/ip/layer0_coeff_in0_out2/sim/layer0_coeff_in0_out2.v" into library xil_defaultlib
INFO: [VRFC 10-311] analyzing module layer0_coeff_in0_out2
INFO: [VRFC 10-2263] Analyzing Verilog file "D:/KAN/FPGA_Prj/KAN_V1/KAN_V1.gen/sources_1/ip/layer0_coeff_in0_out1/sim/layer0_coeff_in0_out1.v" into library xil_defaultlib
INFO: [VRFC 10-311] analyzing module layer0_coeff_in0_out1
INFO: [VRFC 10-2263] Analyzing Verilog file "D:/KAN/FPGA_Prj/KAN_V1/KAN_V1.gen/sources_1/ip/layer0_coeff_in0_out0/sim/layer0_coeff_in0_out0.v" into library xil_defaultlib
INFO: [VRFC 10-311] analyzing module layer0_coeff_in0_out0
INFO: [VRFC 10-2263] Analyzing Verilog file "D:/KAN/FPGA_Prj/KAN_V1/KAN_V1.srcs/sources_1/new/BSU.v" into library xil_defaultlib
INFO: [VRFC 10-311] analyzing module BSU
ERROR: [VRFC 10-2989] 'MAC_CAL_finish' is not declared [D:/KAN/FPGA_Prj/KAN_V1/KAN_V1.srcs/sources_1/new/BSU.v:146]
ERROR: [VRFC 10-1280] procedural assignment to a non-register mul_out is not permitted, left-hand side should be reg/integer/time/genvar [D:/KAN/FPGA_Prj/KAN_V1/KAN_V1.srcs/sources_1/new/BSU.v:161]
ERROR: [VRFC 10-2989] 'out_mul' is not declared [D:/KAN/FPGA_Prj/KAN_V1/KAN_V1.srcs/sources_1/new/BSU.v:178]
ERROR: [VRFC 10-2989] 'x_2' is not declared [D:/KAN/FPGA_Prj/KAN_V1/KAN_V1.srcs/sources_1/new/BSU.v:179]
ERROR: [VRFC 10-2989] 'x_3' is not declared [D:/KAN/FPGA_Prj/KAN_V1/KAN_V1.srcs/sources_1/new/BSU.v:180]
ERROR: [VRFC 10-2989] 'x_2' is not declared [D:/KAN/FPGA_Prj/KAN_V1/KAN_V1.srcs/sources_1/new/BSU.v:190]
ERROR: [VRFC 10-2989] 'x_3' is not declared [D:/KAN/FPGA_Prj/KAN_V1/KAN_V1.srcs/sources_1/new/BSU.v:191]
ERROR: [VRFC 10-2989] 'x_1' is not declared [D:/KAN/FPGA_Prj/KAN_V1/KAN_V1.srcs/sources_1/new/BSU.v:200]
ERROR: [VRFC 10-2989] 'x_2' is not declared [D:/KAN/FPGA_Prj/KAN_V1/KAN_V1.srcs/sources_1/new/BSU.v:201]
ERROR: [VRFC 10-3236] concurrent assignment to a non-net 'U_CAL_finish' is not permitted [D:/KAN/FPGA_Prj/KAN_V1/KAN_V1.srcs/sources_1/new/BSU.v:213]
ERROR: [VRFC 10-8530] module 'BSU' is ignored due to previous errors [D:/KAN/FPGA_Prj/KAN_V1/KAN_V1.srcs/sources_1/new/BSU.v:25]
INFO: [USF-XSim-69] 'compile' step finished in '3' seconds
INFO: [USF-XSim-99] Step results log file:'D:/KAN/FPGA_Prj/KAN_V1/KAN_V1.sim/sim_1/behav/xsim/xvlog.log'
ERROR: [USF-XSim-62] 'compile' step failed with error(s). Please check the Tcl console output or 'D:/KAN/FPGA_Prj/KAN_V1/KAN_V1.sim/sim_1/behav/xsim/xvlog.log' file for more information.
ERROR: [Vivado 12-4473] Detected error while running simulation. Please correct the issue and retry this operation.
launch_simulation: Time (s): cpu = 00:00:03 ; elapsed = 00:00:05 . Memory (MB): peak = 1593.242 ; gain = 0.000
ERROR: [Common 17-39] 'launch_simulation' failed due to earlier errors.
update_compile_order -fileset sources_1
set log_file "D:/KAN/FPGA_Prj/KAN_V1/KAN_V1.sim/sim_1/behav/xsim/xvlog.log"
D:/KAN/FPGA_Prj/KAN_V1/KAN_V1.sim/sim_1/behav/xsim/xvlog.log
if {[file exists $log_file]} {
    set fp [open $log_file r]
    set content [read $fp]
    close $fp
    puts $content
} else {
    puts "日志文件不存在！请检查路径。"
}
INFO: [VRFC 10-2263] Analyzing Verilog file "D:/KAN/FPGA_Prj/KAN_V1/KAN_V1.gen/sources_1/ip/layer1_coeff_in4_out0/sim/layer1_coeff_in4_out0.v" into library xil_defaultlib
INFO: [VRFC 10-311] analyzing module layer1_coeff_in4_out0
INFO: [VRFC 10-2263] Analyzing Verilog file "D:/KAN/FPGA_Prj/KAN_V1/KAN_V1.gen/sources_1/ip/layer1_coeff_in3_out0/sim/layer1_coeff_in3_out0.v" into library xil_defaultlib
INFO: [VRFC 10-311] analyzing module layer1_coeff_in3_out0
INFO: [VRFC 10-2263] Analyzing Verilog file "D:/KAN/FPGA_Prj/KAN_V1/KAN_V1.gen/sources_1/ip/layer1_coeff_in2_out0/sim/layer1_coeff_in2_out0.v" into library xil_defaultlib
INFO: [VRFC 10-311] analyzing module layer1_coeff_in2_out0
INFO: [VRFC 10-2263] Analyzing Verilog file "D:/KAN/FPGA_Prj/KAN_V1/KAN_V1.gen/sources_1/ip/layer1_coeff_in1_out0/sim/layer1_coeff_in1_out0.v" into library xil_defaultlib
INFO: [VRFC 10-311] analyzing module layer1_coeff_in1_out0
INFO: [VRFC 10-2263] Analyzing Verilog file "D:/KAN/FPGA_Prj/KAN_V1/KAN_V1.gen/sources_1/ip/layer1_coeff_in0_out0/sim/layer1_coeff_in0_out0.v" into library xil_defaultlib
INFO: [VRFC 10-311] analyzing module layer1_coeff_in0_out0
INFO: [VRFC 10-2263] Analyzing Verilog file "D:/KAN/FPGA_Prj/KAN_V1/KAN_V1.gen/sources_1/ip/layer0_coeff_in2_out4/sim/layer0_coeff_in2_out4.v" into library xil_defaultlib
INFO: [VRFC 10-311] analyzing module layer0_coeff_in2_out4
INFO: [VRFC 10-2263] Analyzing Verilog file "D:/KAN/FPGA_Prj/KAN_V1/KAN_V1.gen/sources_1/ip/layer0_coeff_in2_out3/sim/layer0_coeff_in2_out3.v" into library xil_defaultlib
INFO: [VRFC 10-311] analyzing module layer0_coeff_in2_out3
INFO: [VRFC 10-2263] Analyzing Verilog file "D:/KAN/FPGA_Prj/KAN_V1/KAN_V1.gen/sources_1/ip/layer0_coeff_in2_out2/sim/layer0_coeff_in2_out2.v" into library xil_defaultlib
INFO: [VRFC 10-311] analyzing module layer0_coeff_in2_out2
INFO: [VRFC 10-2263] Analyzing Verilog file "D:/KAN/FPGA_Prj/KAN_V1/KAN_V1.gen/sources_1/ip/layer0_coeff_in2_out1/sim/layer0_coeff_in2_out1.v" into library xil_defaultlib
INFO: [VRFC 10-311] analyzing module layer0_coeff_in2_out1
INFO: [VRFC 10-2263] Analyzing Verilog file "D:/KAN/FPGA_Prj/KAN_V1/KAN_V1.gen/sources_1/ip/layer0_coeff_in2_out0/sim/layer0_coeff_in2_out0.v" into library xil_defaultlib
INFO: [VRFC 10-311] analyzing module layer0_coeff_in2_out0
INFO: [VRFC 10-2263] Analyzing Verilog file "D:/KAN/FPGA_Prj/KAN_V1/KAN_V1.gen/sources_1/ip/layer0_coeff_in1_out4/sim/layer0_coeff_in1_out4.v" into library xil_defaultlib
INFO: [VRFC 10-311] analyzing module layer0_coeff_in1_out4
INFO: [VRFC 10-2263] Analyzing Verilog file "D:/KAN/FPGA_Prj/KAN_V1/KAN_V1.gen/sources_1/ip/layer0_coeff_in1_out3/sim/layer0_coeff_in1_out3.v" into library xil_defaultlib
INFO: [VRFC 10-311] analyzing module layer0_coeff_in1_out3
INFO: [VRFC 10-2263] Analyzing Verilog file "D:/KAN/FPGA_Prj/KAN_V1/KAN_V1.gen/sources_1/ip/layer0_coeff_in1_out2/sim/layer0_coeff_in1_out2.v" into library xil_defaultlib
INFO: [VRFC 10-311] analyzing module layer0_coeff_in1_out2
INFO: [VRFC 10-2263] Analyzing Verilog file "D:/KAN/FPGA_Prj/KAN_V1/KAN_V1.gen/sources_1/ip/layer0_coeff_in1_out1/sim/layer0_coeff_in1_out1.v" into library xil_defaultlib
INFO: [VRFC 10-311] analyzing module layer0_coeff_in1_out1
INFO: [VRFC 10-2263] Analyzing Verilog file "D:/KAN/FPGA_Prj/KAN_V1/KAN_V1.gen/sources_1/ip/layer0_coeff_in1_out0/sim/layer0_coeff_in1_out0.v" into library xil_defaultlib
INFO: [VRFC 10-311] analyzing module layer0_coeff_in1_out0
INFO: [VRFC 10-2263] Analyzing Verilog file "D:/KAN/FPGA_Prj/KAN_V1/KAN_V1.gen/sources_1/ip/layer0_coeff_in0_out4/sim/layer0_coeff_in0_out4.v" into library xil_defaultlib
INFO: [VRFC 10-311] analyzing module layer0_coeff_in0_out4
INFO: [VRFC 10-2263] Analyzing Verilog file "D:/KAN/FPGA_Prj/KAN_V1/KAN_V1.gen/sources_1/ip/layer0_coeff_in0_out3/sim/layer0_coeff_in0_out3.v" into library xil_defaultlib
INFO: [VRFC 10-311] analyzing module layer0_coeff_in0_out3
INFO: [VRFC 10-2263] Analyzing Verilog file "D:/KAN/FPGA_Prj/KAN_V1/KAN_V1.gen/sources_1/ip/layer0_coeff_in0_out2/sim/layer0_coeff_in0_out2.v" into library xil_defaultlib
INFO: [VRFC 10-311] analyzing module layer0_coeff_in0_out2
INFO: [VRFC 10-2263] Analyzing Verilog file "D:/KAN/FPGA_Prj/KAN_V1/KAN_V1.gen/sources_1/ip/layer0_coeff_in0_out1/sim/layer0_coeff_in0_out1.v" into library xil_defaultlib
INFO: [VRFC 10-311] analyzing module layer0_coeff_in0_out1
INFO: [VRFC 10-2263] Analyzing Verilog file "D:/KAN/FPGA_Prj/KAN_V1/KAN_V1.gen/sources_1/ip/layer0_coeff_in0_out0/sim/layer0_coeff_in0_out0.v" into library xil_defaultlib
INFO: [VRFC 10-311] analyzing module layer0_coeff_in0_out0
INFO: [VRFC 10-2263] Analyzing Verilog file "D:/KAN/FPGA_Prj/KAN_V1/KAN_V1.srcs/sources_1/new/BSU.v" into library xil_defaultlib
INFO: [VRFC 10-311] analyzing module BSU
ERROR: [VRFC 10-2989] 'MAC_CAL_finish' is not declared [D:/KAN/FPGA_Prj/KAN_V1/KAN_V1.srcs/sources_1/new/BSU.v:146]
ERROR: [VRFC 10-1280] procedural assignment to a non-register mul_out is not permitted, left-hand side should be reg/integer/time/genvar [D:/KAN/FPGA_Prj/KAN_V1/KAN_V1.srcs/sources_1/new/BSU.v:161]
ERROR: [VRFC 10-2989] 'out_mul' is not declared [D:/KAN/FPGA_Prj/KAN_V1/KAN_V1.srcs/sources_1/new/BSU.v:178]
ERROR: [VRFC 10-2989] 'x_2' is not declared [D:/KAN/FPGA_Prj/KAN_V1/KAN_V1.srcs/sources_1/new/BSU.v:179]
ERROR: [VRFC 10-2989] 'x_3' is not declared [D:/KAN/FPGA_Prj/KAN_V1/KAN_V1.srcs/sources_1/new/BSU.v:180]
ERROR: [VRFC 10-2989] 'x_2' is not declared [D:/KAN/FPGA_Prj/KAN_V1/KAN_V1.srcs/sources_1/new/BSU.v:190]
ERROR: [VRFC 10-2989] 'x_3' is not declared [D:/KAN/FPGA_Prj/KAN_V1/KAN_V1.srcs/sources_1/new/BSU.v:191]
ERROR: [VRFC 10-2989] 'x_1' is not declared [D:/KAN/FPGA_Prj/KAN_V1/KAN_V1.srcs/sources_1/new/BSU.v:200]
ERROR: [VRFC 10-2989] 'x_2' is not declared [D:/KAN/FPGA_Prj/KAN_V1/KAN_V1.srcs/sources_1/new/BSU.v:201]
ERROR: [VRFC 10-3236] concurrent assignment to a non-net 'U_CAL_finish' is not permitted [D:/KAN/FPGA_Prj/KAN_V1/KAN_V1.srcs/sources_1/new/BSU.v:213]
ERROR: [VRFC 10-8530] module 'BSU' is ignored due to previous errors [D:/KAN/FPGA_Prj/KAN_V1/KAN_V1.srcs/sources_1/new/BSU.v:25]

launch_simulation
Command: launch_simulation 
INFO: [Vivado 12-12493] Simulation top is 'tb_bsu'
WARNING: [Vivado 12-13340] Unable to auto find GCC executables from simulator install path! (path not set)
INFO: [Vivado 12-5682] Launching behavioral simulation in 'D:/KAN/FPGA_Prj/KAN_V1/KAN_V1.sim/sim_1/behav/xsim'
INFO: [SIM-utils-51] Simulation object is 'sim_1'
INFO: [SIM-utils-72] Using boost library from 'D:/Xilinx/Vivado/2023.2/tps/boost_1_72_0'
INFO: [USF-XSim-7] Finding pre-compiled libraries...
INFO: [USF-XSim-11] File 'D:/Xilinx/Vivado/2023.2/data/xsim/xsim.ini' copied to run dir:'D:/KAN/FPGA_Prj/KAN_V1/KAN_V1.sim/sim_1/behav/xsim'
INFO: [SIM-utils-54] Inspecting design source files for 'tb_bsu' in fileset 'sim_1'...
INFO: [SIM-utils-43] Exported 'D:/KAN/FPGA_Prj/KAN_V1/KAN_V1.sim/sim_1/behav/xsim/layer0_coeff_in0_out0.mif'
INFO: [SIM-utils-43] Exported 'D:/KAN/FPGA_Prj/KAN_V1/KAN_V1.sim/sim_1/behav/xsim/layer0_coeff_in0_out0.coe'
INFO: [SIM-utils-43] Exported 'D:/KAN/FPGA_Prj/KAN_V1/KAN_V1.sim/sim_1/behav/xsim/layer0_coeff_in0_out1.mif'
INFO: [SIM-utils-43] Exported 'D:/KAN/FPGA_Prj/KAN_V1/KAN_V1.sim/sim_1/behav/xsim/layer0_coeff_in0_out1.coe'
INFO: [SIM-utils-43] Exported 'D:/KAN/FPGA_Prj/KAN_V1/KAN_V1.sim/sim_1/behav/xsim/layer0_coeff_in0_out2.mif'
INFO: [SIM-utils-43] Exported 'D:/KAN/FPGA_Prj/KAN_V1/KAN_V1.sim/sim_1/behav/xsim/layer0_coeff_in0_out2.coe'
INFO: [SIM-utils-43] Exported 'D:/KAN/FPGA_Prj/KAN_V1/KAN_V1.sim/sim_1/behav/xsim/layer0_coeff_in0_out3.mif'
INFO: [SIM-utils-43] Exported 'D:/KAN/FPGA_Prj/KAN_V1/KAN_V1.sim/sim_1/behav/xsim/layer0_coeff_in0_out3.coe'
INFO: [SIM-utils-43] Exported 'D:/KAN/FPGA_Prj/KAN_V1/KAN_V1.sim/sim_1/behav/xsim/layer0_coeff_in0_out4.mif'
INFO: [SIM-utils-43] Exported 'D:/KAN/FPGA_Prj/KAN_V1/KAN_V1.sim/sim_1/behav/xsim/layer0_coeff_in0_out4.coe'
INFO: [SIM-utils-43] Exported 'D:/KAN/FPGA_Prj/KAN_V1/KAN_V1.sim/sim_1/behav/xsim/layer0_coeff_in1_out0.mif'
INFO: [SIM-utils-43] Exported 'D:/KAN/FPGA_Prj/KAN_V1/KAN_V1.sim/sim_1/behav/xsim/layer0_coeff_in1_out0.coe'
INFO: [SIM-utils-43] Exported 'D:/KAN/FPGA_Prj/KAN_V1/KAN_V1.sim/sim_1/behav/xsim/layer0_coeff_in1_out1.mif'
INFO: [SIM-utils-43] Exported 'D:/KAN/FPGA_Prj/KAN_V1/KAN_V1.sim/sim_1/behav/xsim/layer0_coeff_in1_out1.coe'
INFO: [SIM-utils-43] Exported 'D:/KAN/FPGA_Prj/KAN_V1/KAN_V1.sim/sim_1/behav/xsim/layer0_coeff_in1_out2.mif'
INFO: [SIM-utils-43] Exported 'D:/KAN/FPGA_Prj/KAN_V1/KAN_V1.sim/sim_1/behav/xsim/layer0_coeff_in1_out2.coe'
INFO: [SIM-utils-43] Exported 'D:/KAN/FPGA_Prj/KAN_V1/KAN_V1.sim/sim_1/behav/xsim/layer0_coeff_in1_out3.mif'
INFO: [SIM-utils-43] Exported 'D:/KAN/FPGA_Prj/KAN_V1/KAN_V1.sim/sim_1/behav/xsim/layer0_coeff_in1_out3.coe'
INFO: [SIM-utils-43] Exported 'D:/KAN/FPGA_Prj/KAN_V1/KAN_V1.sim/sim_1/behav/xsim/layer0_coeff_in1_out4.mif'
INFO: [SIM-utils-43] Exported 'D:/KAN/FPGA_Prj/KAN_V1/KAN_V1.sim/sim_1/behav/xsim/layer0_coeff_in1_out4.coe'
INFO: [SIM-utils-43] Exported 'D:/KAN/FPGA_Prj/KAN_V1/KAN_V1.sim/sim_1/behav/xsim/layer0_coeff_in2_out0.mif'
INFO: [SIM-utils-43] Exported 'D:/KAN/FPGA_Prj/KAN_V1/KAN_V1.sim/sim_1/behav/xsim/layer0_coeff_in2_out0.coe'
INFO: [SIM-utils-43] Exported 'D:/KAN/FPGA_Prj/KAN_V1/KAN_V1.sim/sim_1/behav/xsim/layer0_coeff_in2_out1.mif'
INFO: [SIM-utils-43] Exported 'D:/KAN/FPGA_Prj/KAN_V1/KAN_V1.sim/sim_1/behav/xsim/layer0_coeff_in2_out1.coe'
INFO: [SIM-utils-43] Exported 'D:/KAN/FPGA_Prj/KAN_V1/KAN_V1.sim/sim_1/behav/xsim/layer0_coeff_in2_out2.mif'
INFO: [SIM-utils-43] Exported 'D:/KAN/FPGA_Prj/KAN_V1/KAN_V1.sim/sim_1/behav/xsim/layer0_coeff_in2_out2.coe'
INFO: [SIM-utils-43] Exported 'D:/KAN/FPGA_Prj/KAN_V1/KAN_V1.sim/sim_1/behav/xsim/layer0_coeff_in2_out3.mif'
INFO: [SIM-utils-43] Exported 'D:/KAN/FPGA_Prj/KAN_V1/KAN_V1.sim/sim_1/behav/xsim/layer0_coeff_in2_out3.coe'
INFO: [SIM-utils-43] Exported 'D:/KAN/FPGA_Prj/KAN_V1/KAN_V1.sim/sim_1/behav/xsim/layer0_coeff_in2_out4.mif'
INFO: [SIM-utils-43] Exported 'D:/KAN/FPGA_Prj/KAN_V1/KAN_V1.sim/sim_1/behav/xsim/layer0_coeff_in2_out4.coe'
INFO: [SIM-utils-43] Exported 'D:/KAN/FPGA_Prj/KAN_V1/KAN_V1.sim/sim_1/behav/xsim/layer1_coeff_in0_out0.mif'
INFO: [SIM-utils-43] Exported 'D:/KAN/FPGA_Prj/KAN_V1/KAN_V1.sim/sim_1/behav/xsim/layer1_coeff_in0_out0.coe'
INFO: [SIM-utils-43] Exported 'D:/KAN/FPGA_Prj/KAN_V1/KAN_V1.sim/sim_1/behav/xsim/layer1_coeff_in1_out0.mif'
INFO: [SIM-utils-43] Exported 'D:/KAN/FPGA_Prj/KAN_V1/KAN_V1.sim/sim_1/behav/xsim/layer1_coeff_in1_out0.coe'
INFO: [SIM-utils-43] Exported 'D:/KAN/FPGA_Prj/KAN_V1/KAN_V1.sim/sim_1/behav/xsim/layer1_coeff_in2_out0.mif'
INFO: [SIM-utils-43] Exported 'D:/KAN/FPGA_Prj/KAN_V1/KAN_V1.sim/sim_1/behav/xsim/layer1_coeff_in2_out0.coe'
INFO: [SIM-utils-43] Exported 'D:/KAN/FPGA_Prj/KAN_V1/KAN_V1.sim/sim_1/behav/xsim/layer1_coeff_in3_out0.mif'
INFO: [SIM-utils-43] Exported 'D:/KAN/FPGA_Prj/KAN_V1/KAN_V1.sim/sim_1/behav/xsim/layer1_coeff_in3_out0.coe'
INFO: [SIM-utils-43] Exported 'D:/KAN/FPGA_Prj/KAN_V1/KAN_V1.sim/sim_1/behav/xsim/layer1_coeff_in4_out0.mif'
INFO: [SIM-utils-43] Exported 'D:/KAN/FPGA_Prj/KAN_V1/KAN_V1.sim/sim_1/behav/xsim/layer1_coeff_in4_out0.coe'
INFO: [USF-XSim-97] Finding global include files...
INFO: [USF-XSim-98] Fetching design files from 'sim_1'...
INFO: [USF-XSim-2] XSim::Compile design
INFO: [USF-XSim-61] Executing 'COMPILE and ANALYZE' step in 'D:/KAN/FPGA_Prj/KAN_V1/KAN_V1.sim/sim_1/behav/xsim'
"xvlog --incr --relax -L uvm -prj tb_bsu_vlog.prj"
ECHO 处于关闭状态。
ECHO 处于关闭状态。
INFO: [VRFC 10-2263] Analyzing Verilog file "D:/KAN/FPGA_Prj/KAN_V1/KAN_V1.gen/sources_1/ip/layer1_coeff_in4_out0/sim/layer1_coeff_in4_out0.v" into library xil_defaultlib
INFO: [VRFC 10-311] analyzing module layer1_coeff_in4_out0
INFO: [VRFC 10-2263] Analyzing Verilog file "D:/KAN/FPGA_Prj/KAN_V1/KAN_V1.gen/sources_1/ip/layer1_coeff_in3_out0/sim/layer1_coeff_in3_out0.v" into library xil_defaultlib
INFO: [VRFC 10-311] analyzing module layer1_coeff_in3_out0
INFO: [VRFC 10-2263] Analyzing Verilog file "D:/KAN/FPGA_Prj/KAN_V1/KAN_V1.gen/sources_1/ip/layer1_coeff_in2_out0/sim/layer1_coeff_in2_out0.v" into library xil_defaultlib
INFO: [VRFC 10-311] analyzing module layer1_coeff_in2_out0
INFO: [VRFC 10-2263] Analyzing Verilog file "D:/KAN/FPGA_Prj/KAN_V1/KAN_V1.gen/sources_1/ip/layer1_coeff_in1_out0/sim/layer1_coeff_in1_out0.v" into library xil_defaultlib
INFO: [VRFC 10-311] analyzing module layer1_coeff_in1_out0
INFO: [VRFC 10-2263] Analyzing Verilog file "D:/KAN/FPGA_Prj/KAN_V1/KAN_V1.gen/sources_1/ip/layer1_coeff_in0_out0/sim/layer1_coeff_in0_out0.v" into library xil_defaultlib
INFO: [VRFC 10-311] analyzing module layer1_coeff_in0_out0
INFO: [VRFC 10-2263] Analyzing Verilog file "D:/KAN/FPGA_Prj/KAN_V1/KAN_V1.gen/sources_1/ip/layer0_coeff_in2_out4/sim/layer0_coeff_in2_out4.v" into library xil_defaultlib
INFO: [VRFC 10-311] analyzing module layer0_coeff_in2_out4
INFO: [VRFC 10-2263] Analyzing Verilog file "D:/KAN/FPGA_Prj/KAN_V1/KAN_V1.gen/sources_1/ip/layer0_coeff_in2_out3/sim/layer0_coeff_in2_out3.v" into library xil_defaultlib
INFO: [VRFC 10-311] analyzing module layer0_coeff_in2_out3
INFO: [VRFC 10-2263] Analyzing Verilog file "D:/KAN/FPGA_Prj/KAN_V1/KAN_V1.gen/sources_1/ip/layer0_coeff_in2_out2/sim/layer0_coeff_in2_out2.v" into library xil_defaultlib
INFO: [VRFC 10-311] analyzing module layer0_coeff_in2_out2
INFO: [VRFC 10-2263] Analyzing Verilog file "D:/KAN/FPGA_Prj/KAN_V1/KAN_V1.gen/sources_1/ip/layer0_coeff_in2_out1/sim/layer0_coeff_in2_out1.v" into library xil_defaultlib
INFO: [VRFC 10-311] analyzing module layer0_coeff_in2_out1
INFO: [VRFC 10-2263] Analyzing Verilog file "D:/KAN/FPGA_Prj/KAN_V1/KAN_V1.gen/sources_1/ip/layer0_coeff_in2_out0/sim/layer0_coeff_in2_out0.v" into library xil_defaultlib
INFO: [VRFC 10-311] analyzing module layer0_coeff_in2_out0
INFO: [VRFC 10-2263] Analyzing Verilog file "D:/KAN/FPGA_Prj/KAN_V1/KAN_V1.gen/sources_1/ip/layer0_coeff_in1_out4/sim/layer0_coeff_in1_out4.v" into library xil_defaultlib
INFO: [VRFC 10-311] analyzing module layer0_coeff_in1_out4
INFO: [VRFC 10-2263] Analyzing Verilog file "D:/KAN/FPGA_Prj/KAN_V1/KAN_V1.gen/sources_1/ip/layer0_coeff_in1_out3/sim/layer0_coeff_in1_out3.v" into library xil_defaultlib
INFO: [VRFC 10-311] analyzing module layer0_coeff_in1_out3
INFO: [VRFC 10-2263] Analyzing Verilog file "D:/KAN/FPGA_Prj/KAN_V1/KAN_V1.gen/sources_1/ip/layer0_coeff_in1_out2/sim/layer0_coeff_in1_out2.v" into library xil_defaultlib
INFO: [VRFC 10-311] analyzing module layer0_coeff_in1_out2
INFO: [VRFC 10-2263] Analyzing Verilog file "D:/KAN/FPGA_Prj/KAN_V1/KAN_V1.gen/sources_1/ip/layer0_coeff_in1_out1/sim/layer0_coeff_in1_out1.v" into library xil_defaultlib
INFO: [VRFC 10-311] analyzing module layer0_coeff_in1_out1
INFO: [VRFC 10-2263] Analyzing Verilog file "D:/KAN/FPGA_Prj/KAN_V1/KAN_V1.gen/sources_1/ip/layer0_coeff_in1_out0/sim/layer0_coeff_in1_out0.v" into library xil_defaultlib
INFO: [VRFC 10-311] analyzing module layer0_coeff_in1_out0
INFO: [VRFC 10-2263] Analyzing Verilog file "D:/KAN/FPGA_Prj/KAN_V1/KAN_V1.gen/sources_1/ip/layer0_coeff_in0_out4/sim/layer0_coeff_in0_out4.v" into library xil_defaultlib
INFO: [VRFC 10-311] analyzing module layer0_coeff_in0_out4
INFO: [VRFC 10-2263] Analyzing Verilog file "D:/KAN/FPGA_Prj/KAN_V1/KAN_V1.gen/sources_1/ip/layer0_coeff_in0_out3/sim/layer0_coeff_in0_out3.v" into library xil_defaultlib
INFO: [VRFC 10-311] analyzing module layer0_coeff_in0_out3
INFO: [VRFC 10-2263] Analyzing Verilog file "D:/KAN/FPGA_Prj/KAN_V1/KAN_V1.gen/sources_1/ip/layer0_coeff_in0_out2/sim/layer0_coeff_in0_out2.v" into library xil_defaultlib
INFO: [VRFC 10-311] analyzing module layer0_coeff_in0_out2
INFO: [VRFC 10-2263] Analyzing Verilog file "D:/KAN/FPGA_Prj/KAN_V1/KAN_V1.gen/sources_1/ip/layer0_coeff_in0_out1/sim/layer0_coeff_in0_out1.v" into library xil_defaultlib
INFO: [VRFC 10-311] analyzing module layer0_coeff_in0_out1
INFO: [VRFC 10-2263] Analyzing Verilog file "D:/KAN/FPGA_Prj/KAN_V1/KAN_V1.gen/sources_1/ip/layer0_coeff_in0_out0/sim/layer0_coeff_in0_out0.v" into library xil_defaultlib
INFO: [VRFC 10-311] analyzing module layer0_coeff_in0_out0
INFO: [VRFC 10-2263] Analyzing Verilog file "D:/KAN/FPGA_Prj/KAN_V1/KAN_V1.srcs/sources_1/new/BSU.v" into library xil_defaultlib
INFO: [VRFC 10-311] analyzing module BSU
ERROR: [VRFC 10-2989] 'MAC_CAL_finish' is not declared [D:/KAN/FPGA_Prj/KAN_V1/KAN_V1.srcs/sources_1/new/BSU.v:148]
ERROR: [VRFC 10-1280] procedural assignment to a non-register mul_out is not permitted, left-hand side should be reg/integer/time/genvar [D:/KAN/FPGA_Prj/KAN_V1/KAN_V1.srcs/sources_1/new/BSU.v:163]
ERROR: [VRFC 10-2989] 'out_mul' is not declared [D:/KAN/FPGA_Prj/KAN_V1/KAN_V1.srcs/sources_1/new/BSU.v:180]
ERROR: [VRFC 10-2989] 'out_mul' is not declared [D:/KAN/FPGA_Prj/KAN_V1/KAN_V1.srcs/sources_1/new/BSU.v:181]
ERROR: [VRFC 10-2989] 'out_mul' is not declared [D:/KAN/FPGA_Prj/KAN_V1/KAN_V1.srcs/sources_1/new/BSU.v:182]
ERROR: [VRFC 10-2989] 'x_1' is not declared [D:/KAN/FPGA_Prj/KAN_V1/KAN_V1.srcs/sources_1/new/BSU.v:202]
ERROR: [VRFC 10-3236] concurrent assignment to a non-net 'U_CAL_finish' is not permitted [D:/KAN/FPGA_Prj/KAN_V1/KAN_V1.srcs/sources_1/new/BSU.v:215]
ERROR: [VRFC 10-8530] module 'BSU' is ignored due to previous errors [D:/KAN/FPGA_Prj/KAN_V1/KAN_V1.srcs/sources_1/new/BSU.v:25]
INFO: [USF-XSim-69] 'compile' step finished in '3' seconds
INFO: [USF-XSim-99] Step results log file:'D:/KAN/FPGA_Prj/KAN_V1/KAN_V1.sim/sim_1/behav/xsim/xvlog.log'
ERROR: [USF-XSim-62] 'compile' step failed with error(s). Please check the Tcl console output or 'D:/KAN/FPGA_Prj/KAN_V1/KAN_V1.sim/sim_1/behav/xsim/xvlog.log' file for more information.
ERROR: [Vivado 12-4473] Detected error while running simulation. Please correct the issue and retry this operation.
ERROR: [Common 17-39] 'launch_simulation' failed due to earlier errors.
set log_file "D:/KAN/FPGA_Prj/KAN_V1/KAN_V1.sim/sim_1/behav/xsim/xvlog.log"
D:/KAN/FPGA_Prj/KAN_V1/KAN_V1.sim/sim_1/behav/xsim/xvlog.log
if {[file exists $log_file]} {
    set fp [open $log_file r]
    set content [read $fp]
    close $fp
    puts $content
} else {
    puts "日志文件不存在！请检查路径。"
}
INFO: [VRFC 10-2263] Analyzing Verilog file "D:/KAN/FPGA_Prj/KAN_V1/KAN_V1.gen/sources_1/ip/layer1_coeff_in4_out0/sim/layer1_coeff_in4_out0.v" into library xil_defaultlib
INFO: [VRFC 10-311] analyzing module layer1_coeff_in4_out0
INFO: [VRFC 10-2263] Analyzing Verilog file "D:/KAN/FPGA_Prj/KAN_V1/KAN_V1.gen/sources_1/ip/layer1_coeff_in3_out0/sim/layer1_coeff_in3_out0.v" into library xil_defaultlib
INFO: [VRFC 10-311] analyzing module layer1_coeff_in3_out0
INFO: [VRFC 10-2263] Analyzing Verilog file "D:/KAN/FPGA_Prj/KAN_V1/KAN_V1.gen/sources_1/ip/layer1_coeff_in2_out0/sim/layer1_coeff_in2_out0.v" into library xil_defaultlib
INFO: [VRFC 10-311] analyzing module layer1_coeff_in2_out0
INFO: [VRFC 10-2263] Analyzing Verilog file "D:/KAN/FPGA_Prj/KAN_V1/KAN_V1.gen/sources_1/ip/layer1_coeff_in1_out0/sim/layer1_coeff_in1_out0.v" into library xil_defaultlib
INFO: [VRFC 10-311] analyzing module layer1_coeff_in1_out0
INFO: [VRFC 10-2263] Analyzing Verilog file "D:/KAN/FPGA_Prj/KAN_V1/KAN_V1.gen/sources_1/ip/layer1_coeff_in0_out0/sim/layer1_coeff_in0_out0.v" into library xil_defaultlib
INFO: [VRFC 10-311] analyzing module layer1_coeff_in0_out0
INFO: [VRFC 10-2263] Analyzing Verilog file "D:/KAN/FPGA_Prj/KAN_V1/KAN_V1.gen/sources_1/ip/layer0_coeff_in2_out4/sim/layer0_coeff_in2_out4.v" into library xil_defaultlib
INFO: [VRFC 10-311] analyzing module layer0_coeff_in2_out4
INFO: [VRFC 10-2263] Analyzing Verilog file "D:/KAN/FPGA_Prj/KAN_V1/KAN_V1.gen/sources_1/ip/layer0_coeff_in2_out3/sim/layer0_coeff_in2_out3.v" into library xil_defaultlib
INFO: [VRFC 10-311] analyzing module layer0_coeff_in2_out3
INFO: [VRFC 10-2263] Analyzing Verilog file "D:/KAN/FPGA_Prj/KAN_V1/KAN_V1.gen/sources_1/ip/layer0_coeff_in2_out2/sim/layer0_coeff_in2_out2.v" into library xil_defaultlib
INFO: [VRFC 10-311] analyzing module layer0_coeff_in2_out2
INFO: [VRFC 10-2263] Analyzing Verilog file "D:/KAN/FPGA_Prj/KAN_V1/KAN_V1.gen/sources_1/ip/layer0_coeff_in2_out1/sim/layer0_coeff_in2_out1.v" into library xil_defaultlib
INFO: [VRFC 10-311] analyzing module layer0_coeff_in2_out1
INFO: [VRFC 10-2263] Analyzing Verilog file "D:/KAN/FPGA_Prj/KAN_V1/KAN_V1.gen/sources_1/ip/layer0_coeff_in2_out0/sim/layer0_coeff_in2_out0.v" into library xil_defaultlib
INFO: [VRFC 10-311] analyzing module layer0_coeff_in2_out0
INFO: [VRFC 10-2263] Analyzing Verilog file "D:/KAN/FPGA_Prj/KAN_V1/KAN_V1.gen/sources_1/ip/layer0_coeff_in1_out4/sim/layer0_coeff_in1_out4.v" into library xil_defaultlib
INFO: [VRFC 10-311] analyzing module layer0_coeff_in1_out4
INFO: [VRFC 10-2263] Analyzing Verilog file "D:/KAN/FPGA_Prj/KAN_V1/KAN_V1.gen/sources_1/ip/layer0_coeff_in1_out3/sim/layer0_coeff_in1_out3.v" into library xil_defaultlib
INFO: [VRFC 10-311] analyzing module layer0_coeff_in1_out3
INFO: [VRFC 10-2263] Analyzing Verilog file "D:/KAN/FPGA_Prj/KAN_V1/KAN_V1.gen/sources_1/ip/layer0_coeff_in1_out2/sim/layer0_coeff_in1_out2.v" into library xil_defaultlib
INFO: [VRFC 10-311] analyzing module layer0_coeff_in1_out2
INFO: [VRFC 10-2263] Analyzing Verilog file "D:/KAN/FPGA_Prj/KAN_V1/KAN_V1.gen/sources_1/ip/layer0_coeff_in1_out1/sim/layer0_coeff_in1_out1.v" into library xil_defaultlib
INFO: [VRFC 10-311] analyzing module layer0_coeff_in1_out1
INFO: [VRFC 10-2263] Analyzing Verilog file "D:/KAN/FPGA_Prj/KAN_V1/KAN_V1.gen/sources_1/ip/layer0_coeff_in1_out0/sim/layer0_coeff_in1_out0.v" into library xil_defaultlib
INFO: [VRFC 10-311] analyzing module layer0_coeff_in1_out0
INFO: [VRFC 10-2263] Analyzing Verilog file "D:/KAN/FPGA_Prj/KAN_V1/KAN_V1.gen/sources_1/ip/layer0_coeff_in0_out4/sim/layer0_coeff_in0_out4.v" into library xil_defaultlib
INFO: [VRFC 10-311] analyzing module layer0_coeff_in0_out4
INFO: [VRFC 10-2263] Analyzing Verilog file "D:/KAN/FPGA_Prj/KAN_V1/KAN_V1.gen/sources_1/ip/layer0_coeff_in0_out3/sim/layer0_coeff_in0_out3.v" into library xil_defaultlib
INFO: [VRFC 10-311] analyzing module layer0_coeff_in0_out3
INFO: [VRFC 10-2263] Analyzing Verilog file "D:/KAN/FPGA_Prj/KAN_V1/KAN_V1.gen/sources_1/ip/layer0_coeff_in0_out2/sim/layer0_coeff_in0_out2.v" into library xil_defaultlib
INFO: [VRFC 10-311] analyzing module layer0_coeff_in0_out2
INFO: [VRFC 10-2263] Analyzing Verilog file "D:/KAN/FPGA_Prj/KAN_V1/KAN_V1.gen/sources_1/ip/layer0_coeff_in0_out1/sim/layer0_coeff_in0_out1.v" into library xil_defaultlib
INFO: [VRFC 10-311] analyzing module layer0_coeff_in0_out1
INFO: [VRFC 10-2263] Analyzing Verilog file "D:/KAN/FPGA_Prj/KAN_V1/KAN_V1.gen/sources_1/ip/layer0_coeff_in0_out0/sim/layer0_coeff_in0_out0.v" into library xil_defaultlib
INFO: [VRFC 10-311] analyzing module layer0_coeff_in0_out0
INFO: [VRFC 10-2263] Analyzing Verilog file "D:/KAN/FPGA_Prj/KAN_V1/KAN_V1.srcs/sources_1/new/BSU.v" into library xil_defaultlib
INFO: [VRFC 10-311] analyzing module BSU
ERROR: [VRFC 10-2989] 'MAC_CAL_finish' is not declared [D:/KAN/FPGA_Prj/KAN_V1/KAN_V1.srcs/sources_1/new/BSU.v:148]
ERROR: [VRFC 10-1280] procedural assignment to a non-register mul_out is not permitted, left-hand side should be reg/integer/time/genvar [D:/KAN/FPGA_Prj/KAN_V1/KAN_V1.srcs/sources_1/new/BSU.v:163]
ERROR: [VRFC 10-2989] 'out_mul' is not declared [D:/KAN/FPGA_Prj/KAN_V1/KAN_V1.srcs/sources_1/new/BSU.v:180]
ERROR: [VRFC 10-2989] 'out_mul' is not declared [D:/KAN/FPGA_Prj/KAN_V1/KAN_V1.srcs/sources_1/new/BSU.v:181]
ERROR: [VRFC 10-2989] 'out_mul' is not declared [D:/KAN/FPGA_Prj/KAN_V1/KAN_V1.srcs/sources_1/new/BSU.v:182]
ERROR: [VRFC 10-2989] 'x_1' is not declared [D:/KAN/FPGA_Prj/KAN_V1/KAN_V1.srcs/sources_1/new/BSU.v:202]
ERROR: [VRFC 10-3236] concurrent assignment to a non-net 'U_CAL_finish' is not permitted [D:/KAN/FPGA_Prj/KAN_V1/KAN_V1.srcs/sources_1/new/BSU.v:215]
ERROR: [VRFC 10-8530] module 'BSU' is ignored due to previous errors [D:/KAN/FPGA_Prj/KAN_V1/KAN_V1.srcs/sources_1/new/BSU.v:25]

launch_simulation
Command: launch_simulation 
INFO: [Vivado 12-12493] Simulation top is 'tb_bsu'
WARNING: [Vivado 12-13340] Unable to auto find GCC executables from simulator install path! (path not set)
INFO: [Vivado 12-5682] Launching behavioral simulation in 'D:/KAN/FPGA_Prj/KAN_V1/KAN_V1.sim/sim_1/behav/xsim'
INFO: [SIM-utils-51] Simulation object is 'sim_1'
INFO: [SIM-utils-72] Using boost library from 'D:/Xilinx/Vivado/2023.2/tps/boost_1_72_0'
INFO: [USF-XSim-7] Finding pre-compiled libraries...
INFO: [USF-XSim-11] File 'D:/Xilinx/Vivado/2023.2/data/xsim/xsim.ini' copied to run dir:'D:/KAN/FPGA_Prj/KAN_V1/KAN_V1.sim/sim_1/behav/xsim'
INFO: [SIM-utils-54] Inspecting design source files for 'tb_bsu' in fileset 'sim_1'...
INFO: [SIM-utils-43] Exported 'D:/KAN/FPGA_Prj/KAN_V1/KAN_V1.sim/sim_1/behav/xsim/layer0_coeff_in0_out0.mif'
INFO: [SIM-utils-43] Exported 'D:/KAN/FPGA_Prj/KAN_V1/KAN_V1.sim/sim_1/behav/xsim/layer0_coeff_in0_out0.coe'
INFO: [SIM-utils-43] Exported 'D:/KAN/FPGA_Prj/KAN_V1/KAN_V1.sim/sim_1/behav/xsim/layer0_coeff_in0_out1.mif'
INFO: [SIM-utils-43] Exported 'D:/KAN/FPGA_Prj/KAN_V1/KAN_V1.sim/sim_1/behav/xsim/layer0_coeff_in0_out1.coe'
INFO: [SIM-utils-43] Exported 'D:/KAN/FPGA_Prj/KAN_V1/KAN_V1.sim/sim_1/behav/xsim/layer0_coeff_in0_out2.mif'
INFO: [SIM-utils-43] Exported 'D:/KAN/FPGA_Prj/KAN_V1/KAN_V1.sim/sim_1/behav/xsim/layer0_coeff_in0_out2.coe'
INFO: [SIM-utils-43] Exported 'D:/KAN/FPGA_Prj/KAN_V1/KAN_V1.sim/sim_1/behav/xsim/layer0_coeff_in0_out3.mif'
INFO: [SIM-utils-43] Exported 'D:/KAN/FPGA_Prj/KAN_V1/KAN_V1.sim/sim_1/behav/xsim/layer0_coeff_in0_out3.coe'
INFO: [SIM-utils-43] Exported 'D:/KAN/FPGA_Prj/KAN_V1/KAN_V1.sim/sim_1/behav/xsim/layer0_coeff_in0_out4.mif'
INFO: [SIM-utils-43] Exported 'D:/KAN/FPGA_Prj/KAN_V1/KAN_V1.sim/sim_1/behav/xsim/layer0_coeff_in0_out4.coe'
INFO: [SIM-utils-43] Exported 'D:/KAN/FPGA_Prj/KAN_V1/KAN_V1.sim/sim_1/behav/xsim/layer0_coeff_in1_out0.mif'
INFO: [SIM-utils-43] Exported 'D:/KAN/FPGA_Prj/KAN_V1/KAN_V1.sim/sim_1/behav/xsim/layer0_coeff_in1_out0.coe'
INFO: [SIM-utils-43] Exported 'D:/KAN/FPGA_Prj/KAN_V1/KAN_V1.sim/sim_1/behav/xsim/layer0_coeff_in1_out1.mif'
INFO: [SIM-utils-43] Exported 'D:/KAN/FPGA_Prj/KAN_V1/KAN_V1.sim/sim_1/behav/xsim/layer0_coeff_in1_out1.coe'
INFO: [SIM-utils-43] Exported 'D:/KAN/FPGA_Prj/KAN_V1/KAN_V1.sim/sim_1/behav/xsim/layer0_coeff_in1_out2.mif'
INFO: [SIM-utils-43] Exported 'D:/KAN/FPGA_Prj/KAN_V1/KAN_V1.sim/sim_1/behav/xsim/layer0_coeff_in1_out2.coe'
INFO: [SIM-utils-43] Exported 'D:/KAN/FPGA_Prj/KAN_V1/KAN_V1.sim/sim_1/behav/xsim/layer0_coeff_in1_out3.mif'
INFO: [SIM-utils-43] Exported 'D:/KAN/FPGA_Prj/KAN_V1/KAN_V1.sim/sim_1/behav/xsim/layer0_coeff_in1_out3.coe'
INFO: [SIM-utils-43] Exported 'D:/KAN/FPGA_Prj/KAN_V1/KAN_V1.sim/sim_1/behav/xsim/layer0_coeff_in1_out4.mif'
INFO: [SIM-utils-43] Exported 'D:/KAN/FPGA_Prj/KAN_V1/KAN_V1.sim/sim_1/behav/xsim/layer0_coeff_in1_out4.coe'
INFO: [SIM-utils-43] Exported 'D:/KAN/FPGA_Prj/KAN_V1/KAN_V1.sim/sim_1/behav/xsim/layer0_coeff_in2_out0.mif'
INFO: [SIM-utils-43] Exported 'D:/KAN/FPGA_Prj/KAN_V1/KAN_V1.sim/sim_1/behav/xsim/layer0_coeff_in2_out0.coe'
INFO: [SIM-utils-43] Exported 'D:/KAN/FPGA_Prj/KAN_V1/KAN_V1.sim/sim_1/behav/xsim/layer0_coeff_in2_out1.mif'
INFO: [SIM-utils-43] Exported 'D:/KAN/FPGA_Prj/KAN_V1/KAN_V1.sim/sim_1/behav/xsim/layer0_coeff_in2_out1.coe'
INFO: [SIM-utils-43] Exported 'D:/KAN/FPGA_Prj/KAN_V1/KAN_V1.sim/sim_1/behav/xsim/layer0_coeff_in2_out2.mif'
INFO: [SIM-utils-43] Exported 'D:/KAN/FPGA_Prj/KAN_V1/KAN_V1.sim/sim_1/behav/xsim/layer0_coeff_in2_out2.coe'
INFO: [SIM-utils-43] Exported 'D:/KAN/FPGA_Prj/KAN_V1/KAN_V1.sim/sim_1/behav/xsim/layer0_coeff_in2_out3.mif'
INFO: [SIM-utils-43] Exported 'D:/KAN/FPGA_Prj/KAN_V1/KAN_V1.sim/sim_1/behav/xsim/layer0_coeff_in2_out3.coe'
INFO: [SIM-utils-43] Exported 'D:/KAN/FPGA_Prj/KAN_V1/KAN_V1.sim/sim_1/behav/xsim/layer0_coeff_in2_out4.mif'
INFO: [SIM-utils-43] Exported 'D:/KAN/FPGA_Prj/KAN_V1/KAN_V1.sim/sim_1/behav/xsim/layer0_coeff_in2_out4.coe'
INFO: [SIM-utils-43] Exported 'D:/KAN/FPGA_Prj/KAN_V1/KAN_V1.sim/sim_1/behav/xsim/layer1_coeff_in0_out0.mif'
INFO: [SIM-utils-43] Exported 'D:/KAN/FPGA_Prj/KAN_V1/KAN_V1.sim/sim_1/behav/xsim/layer1_coeff_in0_out0.coe'
INFO: [SIM-utils-43] Exported 'D:/KAN/FPGA_Prj/KAN_V1/KAN_V1.sim/sim_1/behav/xsim/layer1_coeff_in1_out0.mif'
INFO: [SIM-utils-43] Exported 'D:/KAN/FPGA_Prj/KAN_V1/KAN_V1.sim/sim_1/behav/xsim/layer1_coeff_in1_out0.coe'
INFO: [SIM-utils-43] Exported 'D:/KAN/FPGA_Prj/KAN_V1/KAN_V1.sim/sim_1/behav/xsim/layer1_coeff_in2_out0.mif'
INFO: [SIM-utils-43] Exported 'D:/KAN/FPGA_Prj/KAN_V1/KAN_V1.sim/sim_1/behav/xsim/layer1_coeff_in2_out0.coe'
INFO: [SIM-utils-43] Exported 'D:/KAN/FPGA_Prj/KAN_V1/KAN_V1.sim/sim_1/behav/xsim/layer1_coeff_in3_out0.mif'
INFO: [SIM-utils-43] Exported 'D:/KAN/FPGA_Prj/KAN_V1/KAN_V1.sim/sim_1/behav/xsim/layer1_coeff_in3_out0.coe'
INFO: [SIM-utils-43] Exported 'D:/KAN/FPGA_Prj/KAN_V1/KAN_V1.sim/sim_1/behav/xsim/layer1_coeff_in4_out0.mif'
INFO: [SIM-utils-43] Exported 'D:/KAN/FPGA_Prj/KAN_V1/KAN_V1.sim/sim_1/behav/xsim/layer1_coeff_in4_out0.coe'
INFO: [USF-XSim-97] Finding global include files...
INFO: [USF-XSim-98] Fetching design files from 'sim_1'...
INFO: [USF-XSim-2] XSim::Compile design
INFO: [USF-XSim-61] Executing 'COMPILE and ANALYZE' step in 'D:/KAN/FPGA_Prj/KAN_V1/KAN_V1.sim/sim_1/behav/xsim'
"xvlog --incr --relax -L uvm -prj tb_bsu_vlog.prj"
ECHO 处于关闭状态。
ECHO 处于关闭状态。
INFO: [VRFC 10-2263] Analyzing Verilog file "D:/KAN/FPGA_Prj/KAN_V1/KAN_V1.gen/sources_1/ip/layer1_coeff_in4_out0/sim/layer1_coeff_in4_out0.v" into library xil_defaultlib
INFO: [VRFC 10-311] analyzing module layer1_coeff_in4_out0
INFO: [VRFC 10-2263] Analyzing Verilog file "D:/KAN/FPGA_Prj/KAN_V1/KAN_V1.gen/sources_1/ip/layer1_coeff_in3_out0/sim/layer1_coeff_in3_out0.v" into library xil_defaultlib
INFO: [VRFC 10-311] analyzing module layer1_coeff_in3_out0
INFO: [VRFC 10-2263] Analyzing Verilog file "D:/KAN/FPGA_Prj/KAN_V1/KAN_V1.gen/sources_1/ip/layer1_coeff_in2_out0/sim/layer1_coeff_in2_out0.v" into library xil_defaultlib
INFO: [VRFC 10-311] analyzing module layer1_coeff_in2_out0
INFO: [VRFC 10-2263] Analyzing Verilog file "D:/KAN/FPGA_Prj/KAN_V1/KAN_V1.gen/sources_1/ip/layer1_coeff_in1_out0/sim/layer1_coeff_in1_out0.v" into library xil_defaultlib
INFO: [VRFC 10-311] analyzing module layer1_coeff_in1_out0
INFO: [VRFC 10-2263] Analyzing Verilog file "D:/KAN/FPGA_Prj/KAN_V1/KAN_V1.gen/sources_1/ip/layer1_coeff_in0_out0/sim/layer1_coeff_in0_out0.v" into library xil_defaultlib
INFO: [VRFC 10-311] analyzing module layer1_coeff_in0_out0
INFO: [VRFC 10-2263] Analyzing Verilog file "D:/KAN/FPGA_Prj/KAN_V1/KAN_V1.gen/sources_1/ip/layer0_coeff_in2_out4/sim/layer0_coeff_in2_out4.v" into library xil_defaultlib
INFO: [VRFC 10-311] analyzing module layer0_coeff_in2_out4
INFO: [VRFC 10-2263] Analyzing Verilog file "D:/KAN/FPGA_Prj/KAN_V1/KAN_V1.gen/sources_1/ip/layer0_coeff_in2_out3/sim/layer0_coeff_in2_out3.v" into library xil_defaultlib
INFO: [VRFC 10-311] analyzing module layer0_coeff_in2_out3
INFO: [VRFC 10-2263] Analyzing Verilog file "D:/KAN/FPGA_Prj/KAN_V1/KAN_V1.gen/sources_1/ip/layer0_coeff_in2_out2/sim/layer0_coeff_in2_out2.v" into library xil_defaultlib
INFO: [VRFC 10-311] analyzing module layer0_coeff_in2_out2
INFO: [VRFC 10-2263] Analyzing Verilog file "D:/KAN/FPGA_Prj/KAN_V1/KAN_V1.gen/sources_1/ip/layer0_coeff_in2_out1/sim/layer0_coeff_in2_out1.v" into library xil_defaultlib
INFO: [VRFC 10-311] analyzing module layer0_coeff_in2_out1
INFO: [VRFC 10-2263] Analyzing Verilog file "D:/KAN/FPGA_Prj/KAN_V1/KAN_V1.gen/sources_1/ip/layer0_coeff_in2_out0/sim/layer0_coeff_in2_out0.v" into library xil_defaultlib
INFO: [VRFC 10-311] analyzing module layer0_coeff_in2_out0
INFO: [VRFC 10-2263] Analyzing Verilog file "D:/KAN/FPGA_Prj/KAN_V1/KAN_V1.gen/sources_1/ip/layer0_coeff_in1_out4/sim/layer0_coeff_in1_out4.v" into library xil_defaultlib
INFO: [VRFC 10-311] analyzing module layer0_coeff_in1_out4
INFO: [VRFC 10-2263] Analyzing Verilog file "D:/KAN/FPGA_Prj/KAN_V1/KAN_V1.gen/sources_1/ip/layer0_coeff_in1_out3/sim/layer0_coeff_in1_out3.v" into library xil_defaultlib
INFO: [VRFC 10-311] analyzing module layer0_coeff_in1_out3
INFO: [VRFC 10-2263] Analyzing Verilog file "D:/KAN/FPGA_Prj/KAN_V1/KAN_V1.gen/sources_1/ip/layer0_coeff_in1_out2/sim/layer0_coeff_in1_out2.v" into library xil_defaultlib
INFO: [VRFC 10-311] analyzing module layer0_coeff_in1_out2
INFO: [VRFC 10-2263] Analyzing Verilog file "D:/KAN/FPGA_Prj/KAN_V1/KAN_V1.gen/sources_1/ip/layer0_coeff_in1_out1/sim/layer0_coeff_in1_out1.v" into library xil_defaultlib
INFO: [VRFC 10-311] analyzing module layer0_coeff_in1_out1
INFO: [VRFC 10-2263] Analyzing Verilog file "D:/KAN/FPGA_Prj/KAN_V1/KAN_V1.gen/sources_1/ip/layer0_coeff_in1_out0/sim/layer0_coeff_in1_out0.v" into library xil_defaultlib
INFO: [VRFC 10-311] analyzing module layer0_coeff_in1_out0
INFO: [VRFC 10-2263] Analyzing Verilog file "D:/KAN/FPGA_Prj/KAN_V1/KAN_V1.gen/sources_1/ip/layer0_coeff_in0_out4/sim/layer0_coeff_in0_out4.v" into library xil_defaultlib
INFO: [VRFC 10-311] analyzing module layer0_coeff_in0_out4
INFO: [VRFC 10-2263] Analyzing Verilog file "D:/KAN/FPGA_Prj/KAN_V1/KAN_V1.gen/sources_1/ip/layer0_coeff_in0_out3/sim/layer0_coeff_in0_out3.v" into library xil_defaultlib
INFO: [VRFC 10-311] analyzing module layer0_coeff_in0_out3
INFO: [VRFC 10-2263] Analyzing Verilog file "D:/KAN/FPGA_Prj/KAN_V1/KAN_V1.gen/sources_1/ip/layer0_coeff_in0_out2/sim/layer0_coeff_in0_out2.v" into library xil_defaultlib
INFO: [VRFC 10-311] analyzing module layer0_coeff_in0_out2
INFO: [VRFC 10-2263] Analyzing Verilog file "D:/KAN/FPGA_Prj/KAN_V1/KAN_V1.gen/sources_1/ip/layer0_coeff_in0_out1/sim/layer0_coeff_in0_out1.v" into library xil_defaultlib
INFO: [VRFC 10-311] analyzing module layer0_coeff_in0_out1
INFO: [VRFC 10-2263] Analyzing Verilog file "D:/KAN/FPGA_Prj/KAN_V1/KAN_V1.gen/sources_1/ip/layer0_coeff_in0_out0/sim/layer0_coeff_in0_out0.v" into library xil_defaultlib
INFO: [VRFC 10-311] analyzing module layer0_coeff_in0_out0
INFO: [VRFC 10-2263] Analyzing Verilog file "D:/KAN/FPGA_Prj/KAN_V1/KAN_V1.srcs/sources_1/new/BSU.v" into library xil_defaultlib
INFO: [VRFC 10-311] analyzing module BSU
ERROR: [VRFC 10-2989] 'MAC_CAL_finish' is not declared [D:/KAN/FPGA_Prj/KAN_V1/KAN_V1.srcs/sources_1/new/BSU.v:148]
ERROR: [VRFC 10-1280] procedural assignment to a non-register mul_out is not permitted, left-hand side should be reg/integer/time/genvar [D:/KAN/FPGA_Prj/KAN_V1/KAN_V1.srcs/sources_1/new/BSU.v:163]
ERROR: [VRFC 10-3236] concurrent assignment to a non-net 'U_CAL_finish' is not permitted [D:/KAN/FPGA_Prj/KAN_V1/KAN_V1.srcs/sources_1/new/BSU.v:215]
ERROR: [VRFC 10-8530] module 'BSU' is ignored due to previous errors [D:/KAN/FPGA_Prj/KAN_V1/KAN_V1.srcs/sources_1/new/BSU.v:25]
INFO: [USF-XSim-69] 'compile' step finished in '3' seconds
INFO: [USF-XSim-99] Step results log file:'D:/KAN/FPGA_Prj/KAN_V1/KAN_V1.sim/sim_1/behav/xsim/xvlog.log'
ERROR: [USF-XSim-62] 'compile' step failed with error(s). Please check the Tcl console output or 'D:/KAN/FPGA_Prj/KAN_V1/KAN_V1.sim/sim_1/behav/xsim/xvlog.log' file for more information.
ERROR: [Vivado 12-4473] Detected error while running simulation. Please correct the issue and retry this operation.
ERROR: [Common 17-39] 'launch_simulation' failed due to earlier errors.
set log_file "D:/KAN/FPGA_Prj/KAN_V1/KAN_V1.sim/sim_1/behav/xsim/xvlog.log"
D:/KAN/FPGA_Prj/KAN_V1/KAN_V1.sim/sim_1/behav/xsim/xvlog.log
if {[file exists $log_file]} {
    set fp [open $log_file r]
    set content [read $fp]
    close $fp
    puts $content
} else {
    puts "日志文件不存在！请检查路径。"
}
INFO: [VRFC 10-2263] Analyzing Verilog file "D:/KAN/FPGA_Prj/KAN_V1/KAN_V1.gen/sources_1/ip/layer1_coeff_in4_out0/sim/layer1_coeff_in4_out0.v" into library xil_defaultlib
INFO: [VRFC 10-311] analyzing module layer1_coeff_in4_out0
INFO: [VRFC 10-2263] Analyzing Verilog file "D:/KAN/FPGA_Prj/KAN_V1/KAN_V1.gen/sources_1/ip/layer1_coeff_in3_out0/sim/layer1_coeff_in3_out0.v" into library xil_defaultlib
INFO: [VRFC 10-311] analyzing module layer1_coeff_in3_out0
INFO: [VRFC 10-2263] Analyzing Verilog file "D:/KAN/FPGA_Prj/KAN_V1/KAN_V1.gen/sources_1/ip/layer1_coeff_in2_out0/sim/layer1_coeff_in2_out0.v" into library xil_defaultlib
INFO: [VRFC 10-311] analyzing module layer1_coeff_in2_out0
INFO: [VRFC 10-2263] Analyzing Verilog file "D:/KAN/FPGA_Prj/KAN_V1/KAN_V1.gen/sources_1/ip/layer1_coeff_in1_out0/sim/layer1_coeff_in1_out0.v" into library xil_defaultlib
INFO: [VRFC 10-311] analyzing module layer1_coeff_in1_out0
INFO: [VRFC 10-2263] Analyzing Verilog file "D:/KAN/FPGA_Prj/KAN_V1/KAN_V1.gen/sources_1/ip/layer1_coeff_in0_out0/sim/layer1_coeff_in0_out0.v" into library xil_defaultlib
INFO: [VRFC 10-311] analyzing module layer1_coeff_in0_out0
INFO: [VRFC 10-2263] Analyzing Verilog file "D:/KAN/FPGA_Prj/KAN_V1/KAN_V1.gen/sources_1/ip/layer0_coeff_in2_out4/sim/layer0_coeff_in2_out4.v" into library xil_defaultlib
INFO: [VRFC 10-311] analyzing module layer0_coeff_in2_out4
INFO: [VRFC 10-2263] Analyzing Verilog file "D:/KAN/FPGA_Prj/KAN_V1/KAN_V1.gen/sources_1/ip/layer0_coeff_in2_out3/sim/layer0_coeff_in2_out3.v" into library xil_defaultlib
INFO: [VRFC 10-311] analyzing module layer0_coeff_in2_out3
INFO: [VRFC 10-2263] Analyzing Verilog file "D:/KAN/FPGA_Prj/KAN_V1/KAN_V1.gen/sources_1/ip/layer0_coeff_in2_out2/sim/layer0_coeff_in2_out2.v" into library xil_defaultlib
INFO: [VRFC 10-311] analyzing module layer0_coeff_in2_out2
INFO: [VRFC 10-2263] Analyzing Verilog file "D:/KAN/FPGA_Prj/KAN_V1/KAN_V1.gen/sources_1/ip/layer0_coeff_in2_out1/sim/layer0_coeff_in2_out1.v" into library xil_defaultlib
INFO: [VRFC 10-311] analyzing module layer0_coeff_in2_out1
INFO: [VRFC 10-2263] Analyzing Verilog file "D:/KAN/FPGA_Prj/KAN_V1/KAN_V1.gen/sources_1/ip/layer0_coeff_in2_out0/sim/layer0_coeff_in2_out0.v" into library xil_defaultlib
INFO: [VRFC 10-311] analyzing module layer0_coeff_in2_out0
INFO: [VRFC 10-2263] Analyzing Verilog file "D:/KAN/FPGA_Prj/KAN_V1/KAN_V1.gen/sources_1/ip/layer0_coeff_in1_out4/sim/layer0_coeff_in1_out4.v" into library xil_defaultlib
INFO: [VRFC 10-311] analyzing module layer0_coeff_in1_out4
INFO: [VRFC 10-2263] Analyzing Verilog file "D:/KAN/FPGA_Prj/KAN_V1/KAN_V1.gen/sources_1/ip/layer0_coeff_in1_out3/sim/layer0_coeff_in1_out3.v" into library xil_defaultlib
INFO: [VRFC 10-311] analyzing module layer0_coeff_in1_out3
INFO: [VRFC 10-2263] Analyzing Verilog file "D:/KAN/FPGA_Prj/KAN_V1/KAN_V1.gen/sources_1/ip/layer0_coeff_in1_out2/sim/layer0_coeff_in1_out2.v" into library xil_defaultlib
INFO: [VRFC 10-311] analyzing module layer0_coeff_in1_out2
INFO: [VRFC 10-2263] Analyzing Verilog file "D:/KAN/FPGA_Prj/KAN_V1/KAN_V1.gen/sources_1/ip/layer0_coeff_in1_out1/sim/layer0_coeff_in1_out1.v" into library xil_defaultlib
INFO: [VRFC 10-311] analyzing module layer0_coeff_in1_out1
INFO: [VRFC 10-2263] Analyzing Verilog file "D:/KAN/FPGA_Prj/KAN_V1/KAN_V1.gen/sources_1/ip/layer0_coeff_in1_out0/sim/layer0_coeff_in1_out0.v" into library xil_defaultlib
INFO: [VRFC 10-311] analyzing module layer0_coeff_in1_out0
INFO: [VRFC 10-2263] Analyzing Verilog file "D:/KAN/FPGA_Prj/KAN_V1/KAN_V1.gen/sources_1/ip/layer0_coeff_in0_out4/sim/layer0_coeff_in0_out4.v" into library xil_defaultlib
INFO: [VRFC 10-311] analyzing module layer0_coeff_in0_out4
INFO: [VRFC 10-2263] Analyzing Verilog file "D:/KAN/FPGA_Prj/KAN_V1/KAN_V1.gen/sources_1/ip/layer0_coeff_in0_out3/sim/layer0_coeff_in0_out3.v" into library xil_defaultlib
INFO: [VRFC 10-311] analyzing module layer0_coeff_in0_out3
INFO: [VRFC 10-2263] Analyzing Verilog file "D:/KAN/FPGA_Prj/KAN_V1/KAN_V1.gen/sources_1/ip/layer0_coeff_in0_out2/sim/layer0_coeff_in0_out2.v" into library xil_defaultlib
INFO: [VRFC 10-311] analyzing module layer0_coeff_in0_out2
INFO: [VRFC 10-2263] Analyzing Verilog file "D:/KAN/FPGA_Prj/KAN_V1/KAN_V1.gen/sources_1/ip/layer0_coeff_in0_out1/sim/layer0_coeff_in0_out1.v" into library xil_defaultlib
INFO: [VRFC 10-311] analyzing module layer0_coeff_in0_out1
INFO: [VRFC 10-2263] Analyzing Verilog file "D:/KAN/FPGA_Prj/KAN_V1/KAN_V1.gen/sources_1/ip/layer0_coeff_in0_out0/sim/layer0_coeff_in0_out0.v" into library xil_defaultlib
INFO: [VRFC 10-311] analyzing module layer0_coeff_in0_out0
INFO: [VRFC 10-2263] Analyzing Verilog file "D:/KAN/FPGA_Prj/KAN_V1/KAN_V1.srcs/sources_1/new/BSU.v" into library xil_defaultlib
INFO: [VRFC 10-311] analyzing module BSU
ERROR: [VRFC 10-2989] 'MAC_CAL_finish' is not declared [D:/KAN/FPGA_Prj/KAN_V1/KAN_V1.srcs/sources_1/new/BSU.v:148]
ERROR: [VRFC 10-1280] procedural assignment to a non-register mul_out is not permitted, left-hand side should be reg/integer/time/genvar [D:/KAN/FPGA_Prj/KAN_V1/KAN_V1.srcs/sources_1/new/BSU.v:163]
ERROR: [VRFC 10-3236] concurrent assignment to a non-net 'U_CAL_finish' is not permitted [D:/KAN/FPGA_Prj/KAN_V1/KAN_V1.srcs/sources_1/new/BSU.v:215]
ERROR: [VRFC 10-8530] module 'BSU' is ignored due to previous errors [D:/KAN/FPGA_Prj/KAN_V1/KAN_V1.srcs/sources_1/new/BSU.v:25]

launch_simulation
Command: launch_simulation 
INFO: [Vivado 12-12493] Simulation top is 'tb_bsu'
WARNING: [Vivado 12-13340] Unable to auto find GCC executables from simulator install path! (path not set)
INFO: [Vivado 12-5682] Launching behavioral simulation in 'D:/KAN/FPGA_Prj/KAN_V1/KAN_V1.sim/sim_1/behav/xsim'
INFO: [SIM-utils-51] Simulation object is 'sim_1'
INFO: [SIM-utils-72] Using boost library from 'D:/Xilinx/Vivado/2023.2/tps/boost_1_72_0'
INFO: [USF-XSim-7] Finding pre-compiled libraries...
INFO: [USF-XSim-11] File 'D:/Xilinx/Vivado/2023.2/data/xsim/xsim.ini' copied to run dir:'D:/KAN/FPGA_Prj/KAN_V1/KAN_V1.sim/sim_1/behav/xsim'
INFO: [SIM-utils-54] Inspecting design source files for 'tb_bsu' in fileset 'sim_1'...
INFO: [SIM-utils-43] Exported 'D:/KAN/FPGA_Prj/KAN_V1/KAN_V1.sim/sim_1/behav/xsim/layer0_coeff_in0_out0.mif'
INFO: [SIM-utils-43] Exported 'D:/KAN/FPGA_Prj/KAN_V1/KAN_V1.sim/sim_1/behav/xsim/layer0_coeff_in0_out0.coe'
INFO: [SIM-utils-43] Exported 'D:/KAN/FPGA_Prj/KAN_V1/KAN_V1.sim/sim_1/behav/xsim/layer0_coeff_in0_out1.mif'
INFO: [SIM-utils-43] Exported 'D:/KAN/FPGA_Prj/KAN_V1/KAN_V1.sim/sim_1/behav/xsim/layer0_coeff_in0_out1.coe'
INFO: [SIM-utils-43] Exported 'D:/KAN/FPGA_Prj/KAN_V1/KAN_V1.sim/sim_1/behav/xsim/layer0_coeff_in0_out2.mif'
INFO: [SIM-utils-43] Exported 'D:/KAN/FPGA_Prj/KAN_V1/KAN_V1.sim/sim_1/behav/xsim/layer0_coeff_in0_out2.coe'
INFO: [SIM-utils-43] Exported 'D:/KAN/FPGA_Prj/KAN_V1/KAN_V1.sim/sim_1/behav/xsim/layer0_coeff_in0_out3.mif'
INFO: [SIM-utils-43] Exported 'D:/KAN/FPGA_Prj/KAN_V1/KAN_V1.sim/sim_1/behav/xsim/layer0_coeff_in0_out3.coe'
INFO: [SIM-utils-43] Exported 'D:/KAN/FPGA_Prj/KAN_V1/KAN_V1.sim/sim_1/behav/xsim/layer0_coeff_in0_out4.mif'
INFO: [SIM-utils-43] Exported 'D:/KAN/FPGA_Prj/KAN_V1/KAN_V1.sim/sim_1/behav/xsim/layer0_coeff_in0_out4.coe'
INFO: [SIM-utils-43] Exported 'D:/KAN/FPGA_Prj/KAN_V1/KAN_V1.sim/sim_1/behav/xsim/layer0_coeff_in1_out0.mif'
INFO: [SIM-utils-43] Exported 'D:/KAN/FPGA_Prj/KAN_V1/KAN_V1.sim/sim_1/behav/xsim/layer0_coeff_in1_out0.coe'
INFO: [SIM-utils-43] Exported 'D:/KAN/FPGA_Prj/KAN_V1/KAN_V1.sim/sim_1/behav/xsim/layer0_coeff_in1_out1.mif'
INFO: [SIM-utils-43] Exported 'D:/KAN/FPGA_Prj/KAN_V1/KAN_V1.sim/sim_1/behav/xsim/layer0_coeff_in1_out1.coe'
INFO: [SIM-utils-43] Exported 'D:/KAN/FPGA_Prj/KAN_V1/KAN_V1.sim/sim_1/behav/xsim/layer0_coeff_in1_out2.mif'
INFO: [SIM-utils-43] Exported 'D:/KAN/FPGA_Prj/KAN_V1/KAN_V1.sim/sim_1/behav/xsim/layer0_coeff_in1_out2.coe'
INFO: [SIM-utils-43] Exported 'D:/KAN/FPGA_Prj/KAN_V1/KAN_V1.sim/sim_1/behav/xsim/layer0_coeff_in1_out3.mif'
INFO: [SIM-utils-43] Exported 'D:/KAN/FPGA_Prj/KAN_V1/KAN_V1.sim/sim_1/behav/xsim/layer0_coeff_in1_out3.coe'
INFO: [SIM-utils-43] Exported 'D:/KAN/FPGA_Prj/KAN_V1/KAN_V1.sim/sim_1/behav/xsim/layer0_coeff_in1_out4.mif'
INFO: [SIM-utils-43] Exported 'D:/KAN/FPGA_Prj/KAN_V1/KAN_V1.sim/sim_1/behav/xsim/layer0_coeff_in1_out4.coe'
INFO: [SIM-utils-43] Exported 'D:/KAN/FPGA_Prj/KAN_V1/KAN_V1.sim/sim_1/behav/xsim/layer0_coeff_in2_out0.mif'
INFO: [SIM-utils-43] Exported 'D:/KAN/FPGA_Prj/KAN_V1/KAN_V1.sim/sim_1/behav/xsim/layer0_coeff_in2_out0.coe'
INFO: [SIM-utils-43] Exported 'D:/KAN/FPGA_Prj/KAN_V1/KAN_V1.sim/sim_1/behav/xsim/layer0_coeff_in2_out1.mif'
INFO: [SIM-utils-43] Exported 'D:/KAN/FPGA_Prj/KAN_V1/KAN_V1.sim/sim_1/behav/xsim/layer0_coeff_in2_out1.coe'
INFO: [SIM-utils-43] Exported 'D:/KAN/FPGA_Prj/KAN_V1/KAN_V1.sim/sim_1/behav/xsim/layer0_coeff_in2_out2.mif'
INFO: [SIM-utils-43] Exported 'D:/KAN/FPGA_Prj/KAN_V1/KAN_V1.sim/sim_1/behav/xsim/layer0_coeff_in2_out2.coe'
INFO: [SIM-utils-43] Exported 'D:/KAN/FPGA_Prj/KAN_V1/KAN_V1.sim/sim_1/behav/xsim/layer0_coeff_in2_out3.mif'
INFO: [SIM-utils-43] Exported 'D:/KAN/FPGA_Prj/KAN_V1/KAN_V1.sim/sim_1/behav/xsim/layer0_coeff_in2_out3.coe'
INFO: [SIM-utils-43] Exported 'D:/KAN/FPGA_Prj/KAN_V1/KAN_V1.sim/sim_1/behav/xsim/layer0_coeff_in2_out4.mif'
INFO: [SIM-utils-43] Exported 'D:/KAN/FPGA_Prj/KAN_V1/KAN_V1.sim/sim_1/behav/xsim/layer0_coeff_in2_out4.coe'
INFO: [SIM-utils-43] Exported 'D:/KAN/FPGA_Prj/KAN_V1/KAN_V1.sim/sim_1/behav/xsim/layer1_coeff_in0_out0.mif'
INFO: [SIM-utils-43] Exported 'D:/KAN/FPGA_Prj/KAN_V1/KAN_V1.sim/sim_1/behav/xsim/layer1_coeff_in0_out0.coe'
INFO: [SIM-utils-43] Exported 'D:/KAN/FPGA_Prj/KAN_V1/KAN_V1.sim/sim_1/behav/xsim/layer1_coeff_in1_out0.mif'
INFO: [SIM-utils-43] Exported 'D:/KAN/FPGA_Prj/KAN_V1/KAN_V1.sim/sim_1/behav/xsim/layer1_coeff_in1_out0.coe'
INFO: [SIM-utils-43] Exported 'D:/KAN/FPGA_Prj/KAN_V1/KAN_V1.sim/sim_1/behav/xsim/layer1_coeff_in2_out0.mif'
INFO: [SIM-utils-43] Exported 'D:/KAN/FPGA_Prj/KAN_V1/KAN_V1.sim/sim_1/behav/xsim/layer1_coeff_in2_out0.coe'
INFO: [SIM-utils-43] Exported 'D:/KAN/FPGA_Prj/KAN_V1/KAN_V1.sim/sim_1/behav/xsim/layer1_coeff_in3_out0.mif'
INFO: [SIM-utils-43] Exported 'D:/KAN/FPGA_Prj/KAN_V1/KAN_V1.sim/sim_1/behav/xsim/layer1_coeff_in3_out0.coe'
INFO: [SIM-utils-43] Exported 'D:/KAN/FPGA_Prj/KAN_V1/KAN_V1.sim/sim_1/behav/xsim/layer1_coeff_in4_out0.mif'
INFO: [SIM-utils-43] Exported 'D:/KAN/FPGA_Prj/KAN_V1/KAN_V1.sim/sim_1/behav/xsim/layer1_coeff_in4_out0.coe'
INFO: [USF-XSim-97] Finding global include files...
INFO: [USF-XSim-98] Fetching design files from 'sim_1'...
INFO: [USF-XSim-2] XSim::Compile design
INFO: [USF-XSim-61] Executing 'COMPILE and ANALYZE' step in 'D:/KAN/FPGA_Prj/KAN_V1/KAN_V1.sim/sim_1/behav/xsim'
"xvlog --incr --relax -L uvm -prj tb_bsu_vlog.prj"
ECHO 处于关闭状态。
ECHO 处于关闭状态。
INFO: [VRFC 10-2263] Analyzing Verilog file "D:/KAN/FPGA_Prj/KAN_V1/KAN_V1.gen/sources_1/ip/layer1_coeff_in4_out0/sim/layer1_coeff_in4_out0.v" into library xil_defaultlib
INFO: [VRFC 10-311] analyzing module layer1_coeff_in4_out0
INFO: [VRFC 10-2263] Analyzing Verilog file "D:/KAN/FPGA_Prj/KAN_V1/KAN_V1.gen/sources_1/ip/layer1_coeff_in3_out0/sim/layer1_coeff_in3_out0.v" into library xil_defaultlib
INFO: [VRFC 10-311] analyzing module layer1_coeff_in3_out0
INFO: [VRFC 10-2263] Analyzing Verilog file "D:/KAN/FPGA_Prj/KAN_V1/KAN_V1.gen/sources_1/ip/layer1_coeff_in2_out0/sim/layer1_coeff_in2_out0.v" into library xil_defaultlib
INFO: [VRFC 10-311] analyzing module layer1_coeff_in2_out0
INFO: [VRFC 10-2263] Analyzing Verilog file "D:/KAN/FPGA_Prj/KAN_V1/KAN_V1.gen/sources_1/ip/layer1_coeff_in1_out0/sim/layer1_coeff_in1_out0.v" into library xil_defaultlib
INFO: [VRFC 10-311] analyzing module layer1_coeff_in1_out0
INFO: [VRFC 10-2263] Analyzing Verilog file "D:/KAN/FPGA_Prj/KAN_V1/KAN_V1.gen/sources_1/ip/layer1_coeff_in0_out0/sim/layer1_coeff_in0_out0.v" into library xil_defaultlib
INFO: [VRFC 10-311] analyzing module layer1_coeff_in0_out0
INFO: [VRFC 10-2263] Analyzing Verilog file "D:/KAN/FPGA_Prj/KAN_V1/KAN_V1.gen/sources_1/ip/layer0_coeff_in2_out4/sim/layer0_coeff_in2_out4.v" into library xil_defaultlib
INFO: [VRFC 10-311] analyzing module layer0_coeff_in2_out4
INFO: [VRFC 10-2263] Analyzing Verilog file "D:/KAN/FPGA_Prj/KAN_V1/KAN_V1.gen/sources_1/ip/layer0_coeff_in2_out3/sim/layer0_coeff_in2_out3.v" into library xil_defaultlib
INFO: [VRFC 10-311] analyzing module layer0_coeff_in2_out3
INFO: [VRFC 10-2263] Analyzing Verilog file "D:/KAN/FPGA_Prj/KAN_V1/KAN_V1.gen/sources_1/ip/layer0_coeff_in2_out2/sim/layer0_coeff_in2_out2.v" into library xil_defaultlib
INFO: [VRFC 10-311] analyzing module layer0_coeff_in2_out2
INFO: [VRFC 10-2263] Analyzing Verilog file "D:/KAN/FPGA_Prj/KAN_V1/KAN_V1.gen/sources_1/ip/layer0_coeff_in2_out1/sim/layer0_coeff_in2_out1.v" into library xil_defaultlib
INFO: [VRFC 10-311] analyzing module layer0_coeff_in2_out1
INFO: [VRFC 10-2263] Analyzing Verilog file "D:/KAN/FPGA_Prj/KAN_V1/KAN_V1.gen/sources_1/ip/layer0_coeff_in2_out0/sim/layer0_coeff_in2_out0.v" into library xil_defaultlib
INFO: [VRFC 10-311] analyzing module layer0_coeff_in2_out0
INFO: [VRFC 10-2263] Analyzing Verilog file "D:/KAN/FPGA_Prj/KAN_V1/KAN_V1.gen/sources_1/ip/layer0_coeff_in1_out4/sim/layer0_coeff_in1_out4.v" into library xil_defaultlib
INFO: [VRFC 10-311] analyzing module layer0_coeff_in1_out4
INFO: [VRFC 10-2263] Analyzing Verilog file "D:/KAN/FPGA_Prj/KAN_V1/KAN_V1.gen/sources_1/ip/layer0_coeff_in1_out3/sim/layer0_coeff_in1_out3.v" into library xil_defaultlib
INFO: [VRFC 10-311] analyzing module layer0_coeff_in1_out3
INFO: [VRFC 10-2263] Analyzing Verilog file "D:/KAN/FPGA_Prj/KAN_V1/KAN_V1.gen/sources_1/ip/layer0_coeff_in1_out2/sim/layer0_coeff_in1_out2.v" into library xil_defaultlib
INFO: [VRFC 10-311] analyzing module layer0_coeff_in1_out2
INFO: [VRFC 10-2263] Analyzing Verilog file "D:/KAN/FPGA_Prj/KAN_V1/KAN_V1.gen/sources_1/ip/layer0_coeff_in1_out1/sim/layer0_coeff_in1_out1.v" into library xil_defaultlib
INFO: [VRFC 10-311] analyzing module layer0_coeff_in1_out1
INFO: [VRFC 10-2263] Analyzing Verilog file "D:/KAN/FPGA_Prj/KAN_V1/KAN_V1.gen/sources_1/ip/layer0_coeff_in1_out0/sim/layer0_coeff_in1_out0.v" into library xil_defaultlib
INFO: [VRFC 10-311] analyzing module layer0_coeff_in1_out0
INFO: [VRFC 10-2263] Analyzing Verilog file "D:/KAN/FPGA_Prj/KAN_V1/KAN_V1.gen/sources_1/ip/layer0_coeff_in0_out4/sim/layer0_coeff_in0_out4.v" into library xil_defaultlib
INFO: [VRFC 10-311] analyzing module layer0_coeff_in0_out4
INFO: [VRFC 10-2263] Analyzing Verilog file "D:/KAN/FPGA_Prj/KAN_V1/KAN_V1.gen/sources_1/ip/layer0_coeff_in0_out3/sim/layer0_coeff_in0_out3.v" into library xil_defaultlib
INFO: [VRFC 10-311] analyzing module layer0_coeff_in0_out3
INFO: [VRFC 10-2263] Analyzing Verilog file "D:/KAN/FPGA_Prj/KAN_V1/KAN_V1.gen/sources_1/ip/layer0_coeff_in0_out2/sim/layer0_coeff_in0_out2.v" into library xil_defaultlib
INFO: [VRFC 10-311] analyzing module layer0_coeff_in0_out2
INFO: [VRFC 10-2263] Analyzing Verilog file "D:/KAN/FPGA_Prj/KAN_V1/KAN_V1.gen/sources_1/ip/layer0_coeff_in0_out1/sim/layer0_coeff_in0_out1.v" into library xil_defaultlib
INFO: [VRFC 10-311] analyzing module layer0_coeff_in0_out1
INFO: [VRFC 10-2263] Analyzing Verilog file "D:/KAN/FPGA_Prj/KAN_V1/KAN_V1.gen/sources_1/ip/layer0_coeff_in0_out0/sim/layer0_coeff_in0_out0.v" into library xil_defaultlib
INFO: [VRFC 10-311] analyzing module layer0_coeff_in0_out0
INFO: [VRFC 10-2263] Analyzing Verilog file "D:/KAN/FPGA_Prj/KAN_V1/KAN_V1.srcs/sources_1/new/BSU.v" into library xil_defaultlib
INFO: [VRFC 10-311] analyzing module BSU
ERROR: [VRFC 10-1280] procedural assignment to a non-register mul_out is not permitted, left-hand side should be reg/integer/time/genvar [D:/KAN/FPGA_Prj/KAN_V1/KAN_V1.srcs/sources_1/new/BSU.v:164]
ERROR: [VRFC 10-3236] concurrent assignment to a non-net 'U_CAL_finish' is not permitted [D:/KAN/FPGA_Prj/KAN_V1/KAN_V1.srcs/sources_1/new/BSU.v:216]
ERROR: [VRFC 10-3236] concurrent assignment to a non-net 'MAC_CAL_finish' is not permitted [D:/KAN/FPGA_Prj/KAN_V1/KAN_V1.srcs/sources_1/new/BSU.v:217]
ERROR: [VRFC 10-8530] module 'BSU' is ignored due to previous errors [D:/KAN/FPGA_Prj/KAN_V1/KAN_V1.srcs/sources_1/new/BSU.v:25]
INFO: [USF-XSim-69] 'compile' step finished in '3' seconds
INFO: [USF-XSim-99] Step results log file:'D:/KAN/FPGA_Prj/KAN_V1/KAN_V1.sim/sim_1/behav/xsim/xvlog.log'
ERROR: [USF-XSim-62] 'compile' step failed with error(s). Please check the Tcl console output or 'D:/KAN/FPGA_Prj/KAN_V1/KAN_V1.sim/sim_1/behav/xsim/xvlog.log' file for more information.
ERROR: [Vivado 12-4473] Detected error while running simulation. Please correct the issue and retry this operation.
ERROR: [Common 17-39] 'launch_simulation' failed due to earlier errors.
set log_file "D:/KAN/FPGA_Prj/KAN_V1/KAN_V1.sim/sim_1/behav/xsim/xvlog.log"
D:/KAN/FPGA_Prj/KAN_V1/KAN_V1.sim/sim_1/behav/xsim/xvlog.log
if {[file exists $log_file]} {
    set fp [open $log_file r]
    set content [read $fp]
    close $fp
    puts $content
} else {
    puts "日志文件不存在！请检查路径。"
}
INFO: [VRFC 10-2263] Analyzing Verilog file "D:/KAN/FPGA_Prj/KAN_V1/KAN_V1.gen/sources_1/ip/layer1_coeff_in4_out0/sim/layer1_coeff_in4_out0.v" into library xil_defaultlib
INFO: [VRFC 10-311] analyzing module layer1_coeff_in4_out0
INFO: [VRFC 10-2263] Analyzing Verilog file "D:/KAN/FPGA_Prj/KAN_V1/KAN_V1.gen/sources_1/ip/layer1_coeff_in3_out0/sim/layer1_coeff_in3_out0.v" into library xil_defaultlib
INFO: [VRFC 10-311] analyzing module layer1_coeff_in3_out0
INFO: [VRFC 10-2263] Analyzing Verilog file "D:/KAN/FPGA_Prj/KAN_V1/KAN_V1.gen/sources_1/ip/layer1_coeff_in2_out0/sim/layer1_coeff_in2_out0.v" into library xil_defaultlib
INFO: [VRFC 10-311] analyzing module layer1_coeff_in2_out0
INFO: [VRFC 10-2263] Analyzing Verilog file "D:/KAN/FPGA_Prj/KAN_V1/KAN_V1.gen/sources_1/ip/layer1_coeff_in1_out0/sim/layer1_coeff_in1_out0.v" into library xil_defaultlib
INFO: [VRFC 10-311] analyzing module layer1_coeff_in1_out0
INFO: [VRFC 10-2263] Analyzing Verilog file "D:/KAN/FPGA_Prj/KAN_V1/KAN_V1.gen/sources_1/ip/layer1_coeff_in0_out0/sim/layer1_coeff_in0_out0.v" into library xil_defaultlib
INFO: [VRFC 10-311] analyzing module layer1_coeff_in0_out0
INFO: [VRFC 10-2263] Analyzing Verilog file "D:/KAN/FPGA_Prj/KAN_V1/KAN_V1.gen/sources_1/ip/layer0_coeff_in2_out4/sim/layer0_coeff_in2_out4.v" into library xil_defaultlib
INFO: [VRFC 10-311] analyzing module layer0_coeff_in2_out4
INFO: [VRFC 10-2263] Analyzing Verilog file "D:/KAN/FPGA_Prj/KAN_V1/KAN_V1.gen/sources_1/ip/layer0_coeff_in2_out3/sim/layer0_coeff_in2_out3.v" into library xil_defaultlib
INFO: [VRFC 10-311] analyzing module layer0_coeff_in2_out3
INFO: [VRFC 10-2263] Analyzing Verilog file "D:/KAN/FPGA_Prj/KAN_V1/KAN_V1.gen/sources_1/ip/layer0_coeff_in2_out2/sim/layer0_coeff_in2_out2.v" into library xil_defaultlib
INFO: [VRFC 10-311] analyzing module layer0_coeff_in2_out2
INFO: [VRFC 10-2263] Analyzing Verilog file "D:/KAN/FPGA_Prj/KAN_V1/KAN_V1.gen/sources_1/ip/layer0_coeff_in2_out1/sim/layer0_coeff_in2_out1.v" into library xil_defaultlib
INFO: [VRFC 10-311] analyzing module layer0_coeff_in2_out1
INFO: [VRFC 10-2263] Analyzing Verilog file "D:/KAN/FPGA_Prj/KAN_V1/KAN_V1.gen/sources_1/ip/layer0_coeff_in2_out0/sim/layer0_coeff_in2_out0.v" into library xil_defaultlib
INFO: [VRFC 10-311] analyzing module layer0_coeff_in2_out0
INFO: [VRFC 10-2263] Analyzing Verilog file "D:/KAN/FPGA_Prj/KAN_V1/KAN_V1.gen/sources_1/ip/layer0_coeff_in1_out4/sim/layer0_coeff_in1_out4.v" into library xil_defaultlib
INFO: [VRFC 10-311] analyzing module layer0_coeff_in1_out4
INFO: [VRFC 10-2263] Analyzing Verilog file "D:/KAN/FPGA_Prj/KAN_V1/KAN_V1.gen/sources_1/ip/layer0_coeff_in1_out3/sim/layer0_coeff_in1_out3.v" into library xil_defaultlib
INFO: [VRFC 10-311] analyzing module layer0_coeff_in1_out3
INFO: [VRFC 10-2263] Analyzing Verilog file "D:/KAN/FPGA_Prj/KAN_V1/KAN_V1.gen/sources_1/ip/layer0_coeff_in1_out2/sim/layer0_coeff_in1_out2.v" into library xil_defaultlib
INFO: [VRFC 10-311] analyzing module layer0_coeff_in1_out2
INFO: [VRFC 10-2263] Analyzing Verilog file "D:/KAN/FPGA_Prj/KAN_V1/KAN_V1.gen/sources_1/ip/layer0_coeff_in1_out1/sim/layer0_coeff_in1_out1.v" into library xil_defaultlib
INFO: [VRFC 10-311] analyzing module layer0_coeff_in1_out1
INFO: [VRFC 10-2263] Analyzing Verilog file "D:/KAN/FPGA_Prj/KAN_V1/KAN_V1.gen/sources_1/ip/layer0_coeff_in1_out0/sim/layer0_coeff_in1_out0.v" into library xil_defaultlib
INFO: [VRFC 10-311] analyzing module layer0_coeff_in1_out0
INFO: [VRFC 10-2263] Analyzing Verilog file "D:/KAN/FPGA_Prj/KAN_V1/KAN_V1.gen/sources_1/ip/layer0_coeff_in0_out4/sim/layer0_coeff_in0_out4.v" into library xil_defaultlib
INFO: [VRFC 10-311] analyzing module layer0_coeff_in0_out4
INFO: [VRFC 10-2263] Analyzing Verilog file "D:/KAN/FPGA_Prj/KAN_V1/KAN_V1.gen/sources_1/ip/layer0_coeff_in0_out3/sim/layer0_coeff_in0_out3.v" into library xil_defaultlib
INFO: [VRFC 10-311] analyzing module layer0_coeff_in0_out3
INFO: [VRFC 10-2263] Analyzing Verilog file "D:/KAN/FPGA_Prj/KAN_V1/KAN_V1.gen/sources_1/ip/layer0_coeff_in0_out2/sim/layer0_coeff_in0_out2.v" into library xil_defaultlib
INFO: [VRFC 10-311] analyzing module layer0_coeff_in0_out2
INFO: [VRFC 10-2263] Analyzing Verilog file "D:/KAN/FPGA_Prj/KAN_V1/KAN_V1.gen/sources_1/ip/layer0_coeff_in0_out1/sim/layer0_coeff_in0_out1.v" into library xil_defaultlib
INFO: [VRFC 10-311] analyzing module layer0_coeff_in0_out1
INFO: [VRFC 10-2263] Analyzing Verilog file "D:/KAN/FPGA_Prj/KAN_V1/KAN_V1.gen/sources_1/ip/layer0_coeff_in0_out0/sim/layer0_coeff_in0_out0.v" into library xil_defaultlib
INFO: [VRFC 10-311] analyzing module layer0_coeff_in0_out0
INFO: [VRFC 10-2263] Analyzing Verilog file "D:/KAN/FPGA_Prj/KAN_V1/KAN_V1.srcs/sources_1/new/BSU.v" into library xil_defaultlib
INFO: [VRFC 10-311] analyzing module BSU
ERROR: [VRFC 10-1280] procedural assignment to a non-register mul_out is not permitted, left-hand side should be reg/integer/time/genvar [D:/KAN/FPGA_Prj/KAN_V1/KAN_V1.srcs/sources_1/new/BSU.v:164]
ERROR: [VRFC 10-3236] concurrent assignment to a non-net 'U_CAL_finish' is not permitted [D:/KAN/FPGA_Prj/KAN_V1/KAN_V1.srcs/sources_1/new/BSU.v:216]
ERROR: [VRFC 10-3236] concurrent assignment to a non-net 'MAC_CAL_finish' is not permitted [D:/KAN/FPGA_Prj/KAN_V1/KAN_V1.srcs/sources_1/new/BSU.v:217]
ERROR: [VRFC 10-8530] module 'BSU' is ignored due to previous errors [D:/KAN/FPGA_Prj/KAN_V1/KAN_V1.srcs/sources_1/new/BSU.v:25]

launch_simulation
Command: launch_simulation 
INFO: [Vivado 12-12493] Simulation top is 'tb_bsu'
WARNING: [Vivado 12-13340] Unable to auto find GCC executables from simulator install path! (path not set)
INFO: [Vivado 12-5682] Launching behavioral simulation in 'D:/KAN/FPGA_Prj/KAN_V1/KAN_V1.sim/sim_1/behav/xsim'
INFO: [SIM-utils-51] Simulation object is 'sim_1'
INFO: [SIM-utils-72] Using boost library from 'D:/Xilinx/Vivado/2023.2/tps/boost_1_72_0'
INFO: [USF-XSim-7] Finding pre-compiled libraries...
INFO: [USF-XSim-11] File 'D:/Xilinx/Vivado/2023.2/data/xsim/xsim.ini' copied to run dir:'D:/KAN/FPGA_Prj/KAN_V1/KAN_V1.sim/sim_1/behav/xsim'
INFO: [SIM-utils-54] Inspecting design source files for 'tb_bsu' in fileset 'sim_1'...
INFO: [SIM-utils-43] Exported 'D:/KAN/FPGA_Prj/KAN_V1/KAN_V1.sim/sim_1/behav/xsim/layer0_coeff_in0_out0.mif'
INFO: [SIM-utils-43] Exported 'D:/KAN/FPGA_Prj/KAN_V1/KAN_V1.sim/sim_1/behav/xsim/layer0_coeff_in0_out0.coe'
INFO: [SIM-utils-43] Exported 'D:/KAN/FPGA_Prj/KAN_V1/KAN_V1.sim/sim_1/behav/xsim/layer0_coeff_in0_out1.mif'
INFO: [SIM-utils-43] Exported 'D:/KAN/FPGA_Prj/KAN_V1/KAN_V1.sim/sim_1/behav/xsim/layer0_coeff_in0_out1.coe'
INFO: [SIM-utils-43] Exported 'D:/KAN/FPGA_Prj/KAN_V1/KAN_V1.sim/sim_1/behav/xsim/layer0_coeff_in0_out2.mif'
INFO: [SIM-utils-43] Exported 'D:/KAN/FPGA_Prj/KAN_V1/KAN_V1.sim/sim_1/behav/xsim/layer0_coeff_in0_out2.coe'
INFO: [SIM-utils-43] Exported 'D:/KAN/FPGA_Prj/KAN_V1/KAN_V1.sim/sim_1/behav/xsim/layer0_coeff_in0_out3.mif'
INFO: [SIM-utils-43] Exported 'D:/KAN/FPGA_Prj/KAN_V1/KAN_V1.sim/sim_1/behav/xsim/layer0_coeff_in0_out3.coe'
INFO: [SIM-utils-43] Exported 'D:/KAN/FPGA_Prj/KAN_V1/KAN_V1.sim/sim_1/behav/xsim/layer0_coeff_in0_out4.mif'
INFO: [SIM-utils-43] Exported 'D:/KAN/FPGA_Prj/KAN_V1/KAN_V1.sim/sim_1/behav/xsim/layer0_coeff_in0_out4.coe'
INFO: [SIM-utils-43] Exported 'D:/KAN/FPGA_Prj/KAN_V1/KAN_V1.sim/sim_1/behav/xsim/layer0_coeff_in1_out0.mif'
INFO: [SIM-utils-43] Exported 'D:/KAN/FPGA_Prj/KAN_V1/KAN_V1.sim/sim_1/behav/xsim/layer0_coeff_in1_out0.coe'
INFO: [SIM-utils-43] Exported 'D:/KAN/FPGA_Prj/KAN_V1/KAN_V1.sim/sim_1/behav/xsim/layer0_coeff_in1_out1.mif'
INFO: [SIM-utils-43] Exported 'D:/KAN/FPGA_Prj/KAN_V1/KAN_V1.sim/sim_1/behav/xsim/layer0_coeff_in1_out1.coe'
INFO: [SIM-utils-43] Exported 'D:/KAN/FPGA_Prj/KAN_V1/KAN_V1.sim/sim_1/behav/xsim/layer0_coeff_in1_out2.mif'
INFO: [SIM-utils-43] Exported 'D:/KAN/FPGA_Prj/KAN_V1/KAN_V1.sim/sim_1/behav/xsim/layer0_coeff_in1_out2.coe'
INFO: [SIM-utils-43] Exported 'D:/KAN/FPGA_Prj/KAN_V1/KAN_V1.sim/sim_1/behav/xsim/layer0_coeff_in1_out3.mif'
INFO: [SIM-utils-43] Exported 'D:/KAN/FPGA_Prj/KAN_V1/KAN_V1.sim/sim_1/behav/xsim/layer0_coeff_in1_out3.coe'
INFO: [SIM-utils-43] Exported 'D:/KAN/FPGA_Prj/KAN_V1/KAN_V1.sim/sim_1/behav/xsim/layer0_coeff_in1_out4.mif'
INFO: [SIM-utils-43] Exported 'D:/KAN/FPGA_Prj/KAN_V1/KAN_V1.sim/sim_1/behav/xsim/layer0_coeff_in1_out4.coe'
INFO: [SIM-utils-43] Exported 'D:/KAN/FPGA_Prj/KAN_V1/KAN_V1.sim/sim_1/behav/xsim/layer0_coeff_in2_out0.mif'
INFO: [SIM-utils-43] Exported 'D:/KAN/FPGA_Prj/KAN_V1/KAN_V1.sim/sim_1/behav/xsim/layer0_coeff_in2_out0.coe'
INFO: [SIM-utils-43] Exported 'D:/KAN/FPGA_Prj/KAN_V1/KAN_V1.sim/sim_1/behav/xsim/layer0_coeff_in2_out1.mif'
INFO: [SIM-utils-43] Exported 'D:/KAN/FPGA_Prj/KAN_V1/KAN_V1.sim/sim_1/behav/xsim/layer0_coeff_in2_out1.coe'
INFO: [SIM-utils-43] Exported 'D:/KAN/FPGA_Prj/KAN_V1/KAN_V1.sim/sim_1/behav/xsim/layer0_coeff_in2_out2.mif'
INFO: [SIM-utils-43] Exported 'D:/KAN/FPGA_Prj/KAN_V1/KAN_V1.sim/sim_1/behav/xsim/layer0_coeff_in2_out2.coe'
INFO: [SIM-utils-43] Exported 'D:/KAN/FPGA_Prj/KAN_V1/KAN_V1.sim/sim_1/behav/xsim/layer0_coeff_in2_out3.mif'
INFO: [SIM-utils-43] Exported 'D:/KAN/FPGA_Prj/KAN_V1/KAN_V1.sim/sim_1/behav/xsim/layer0_coeff_in2_out3.coe'
INFO: [SIM-utils-43] Exported 'D:/KAN/FPGA_Prj/KAN_V1/KAN_V1.sim/sim_1/behav/xsim/layer0_coeff_in2_out4.mif'
INFO: [SIM-utils-43] Exported 'D:/KAN/FPGA_Prj/KAN_V1/KAN_V1.sim/sim_1/behav/xsim/layer0_coeff_in2_out4.coe'
INFO: [SIM-utils-43] Exported 'D:/KAN/FPGA_Prj/KAN_V1/KAN_V1.sim/sim_1/behav/xsim/layer1_coeff_in0_out0.mif'
INFO: [SIM-utils-43] Exported 'D:/KAN/FPGA_Prj/KAN_V1/KAN_V1.sim/sim_1/behav/xsim/layer1_coeff_in0_out0.coe'
INFO: [SIM-utils-43] Exported 'D:/KAN/FPGA_Prj/KAN_V1/KAN_V1.sim/sim_1/behav/xsim/layer1_coeff_in1_out0.mif'
INFO: [SIM-utils-43] Exported 'D:/KAN/FPGA_Prj/KAN_V1/KAN_V1.sim/sim_1/behav/xsim/layer1_coeff_in1_out0.coe'
INFO: [SIM-utils-43] Exported 'D:/KAN/FPGA_Prj/KAN_V1/KAN_V1.sim/sim_1/behav/xsim/layer1_coeff_in2_out0.mif'
INFO: [SIM-utils-43] Exported 'D:/KAN/FPGA_Prj/KAN_V1/KAN_V1.sim/sim_1/behav/xsim/layer1_coeff_in2_out0.coe'
INFO: [SIM-utils-43] Exported 'D:/KAN/FPGA_Prj/KAN_V1/KAN_V1.sim/sim_1/behav/xsim/layer1_coeff_in3_out0.mif'
INFO: [SIM-utils-43] Exported 'D:/KAN/FPGA_Prj/KAN_V1/KAN_V1.sim/sim_1/behav/xsim/layer1_coeff_in3_out0.coe'
INFO: [SIM-utils-43] Exported 'D:/KAN/FPGA_Prj/KAN_V1/KAN_V1.sim/sim_1/behav/xsim/layer1_coeff_in4_out0.mif'
INFO: [SIM-utils-43] Exported 'D:/KAN/FPGA_Prj/KAN_V1/KAN_V1.sim/sim_1/behav/xsim/layer1_coeff_in4_out0.coe'
INFO: [USF-XSim-97] Finding global include files...
INFO: [USF-XSim-98] Fetching design files from 'sim_1'...
INFO: [USF-XSim-2] XSim::Compile design
INFO: [USF-XSim-61] Executing 'COMPILE and ANALYZE' step in 'D:/KAN/FPGA_Prj/KAN_V1/KAN_V1.sim/sim_1/behav/xsim'
"xvlog --incr --relax -L uvm -prj tb_bsu_vlog.prj"
ECHO 处于关闭状态。
ECHO 处于关闭状态。
INFO: [VRFC 10-2263] Analyzing Verilog file "D:/KAN/FPGA_Prj/KAN_V1/KAN_V1.gen/sources_1/ip/layer1_coeff_in4_out0/sim/layer1_coeff_in4_out0.v" into library xil_defaultlib
INFO: [VRFC 10-311] analyzing module layer1_coeff_in4_out0
INFO: [VRFC 10-2263] Analyzing Verilog file "D:/KAN/FPGA_Prj/KAN_V1/KAN_V1.gen/sources_1/ip/layer1_coeff_in3_out0/sim/layer1_coeff_in3_out0.v" into library xil_defaultlib
INFO: [VRFC 10-311] analyzing module layer1_coeff_in3_out0
INFO: [VRFC 10-2263] Analyzing Verilog file "D:/KAN/FPGA_Prj/KAN_V1/KAN_V1.gen/sources_1/ip/layer1_coeff_in2_out0/sim/layer1_coeff_in2_out0.v" into library xil_defaultlib
INFO: [VRFC 10-311] analyzing module layer1_coeff_in2_out0
INFO: [VRFC 10-2263] Analyzing Verilog file "D:/KAN/FPGA_Prj/KAN_V1/KAN_V1.gen/sources_1/ip/layer1_coeff_in1_out0/sim/layer1_coeff_in1_out0.v" into library xil_defaultlib
INFO: [VRFC 10-311] analyzing module layer1_coeff_in1_out0
INFO: [VRFC 10-2263] Analyzing Verilog file "D:/KAN/FPGA_Prj/KAN_V1/KAN_V1.gen/sources_1/ip/layer1_coeff_in0_out0/sim/layer1_coeff_in0_out0.v" into library xil_defaultlib
INFO: [VRFC 10-311] analyzing module layer1_coeff_in0_out0
INFO: [VRFC 10-2263] Analyzing Verilog file "D:/KAN/FPGA_Prj/KAN_V1/KAN_V1.gen/sources_1/ip/layer0_coeff_in2_out4/sim/layer0_coeff_in2_out4.v" into library xil_defaultlib
INFO: [VRFC 10-311] analyzing module layer0_coeff_in2_out4
INFO: [VRFC 10-2263] Analyzing Verilog file "D:/KAN/FPGA_Prj/KAN_V1/KAN_V1.gen/sources_1/ip/layer0_coeff_in2_out3/sim/layer0_coeff_in2_out3.v" into library xil_defaultlib
INFO: [VRFC 10-311] analyzing module layer0_coeff_in2_out3
INFO: [VRFC 10-2263] Analyzing Verilog file "D:/KAN/FPGA_Prj/KAN_V1/KAN_V1.gen/sources_1/ip/layer0_coeff_in2_out2/sim/layer0_coeff_in2_out2.v" into library xil_defaultlib
INFO: [VRFC 10-311] analyzing module layer0_coeff_in2_out2
INFO: [VRFC 10-2263] Analyzing Verilog file "D:/KAN/FPGA_Prj/KAN_V1/KAN_V1.gen/sources_1/ip/layer0_coeff_in2_out1/sim/layer0_coeff_in2_out1.v" into library xil_defaultlib
INFO: [VRFC 10-311] analyzing module layer0_coeff_in2_out1
INFO: [VRFC 10-2263] Analyzing Verilog file "D:/KAN/FPGA_Prj/KAN_V1/KAN_V1.gen/sources_1/ip/layer0_coeff_in2_out0/sim/layer0_coeff_in2_out0.v" into library xil_defaultlib
INFO: [VRFC 10-311] analyzing module layer0_coeff_in2_out0
INFO: [VRFC 10-2263] Analyzing Verilog file "D:/KAN/FPGA_Prj/KAN_V1/KAN_V1.gen/sources_1/ip/layer0_coeff_in1_out4/sim/layer0_coeff_in1_out4.v" into library xil_defaultlib
INFO: [VRFC 10-311] analyzing module layer0_coeff_in1_out4
INFO: [VRFC 10-2263] Analyzing Verilog file "D:/KAN/FPGA_Prj/KAN_V1/KAN_V1.gen/sources_1/ip/layer0_coeff_in1_out3/sim/layer0_coeff_in1_out3.v" into library xil_defaultlib
INFO: [VRFC 10-311] analyzing module layer0_coeff_in1_out3
INFO: [VRFC 10-2263] Analyzing Verilog file "D:/KAN/FPGA_Prj/KAN_V1/KAN_V1.gen/sources_1/ip/layer0_coeff_in1_out2/sim/layer0_coeff_in1_out2.v" into library xil_defaultlib
INFO: [VRFC 10-311] analyzing module layer0_coeff_in1_out2
INFO: [VRFC 10-2263] Analyzing Verilog file "D:/KAN/FPGA_Prj/KAN_V1/KAN_V1.gen/sources_1/ip/layer0_coeff_in1_out1/sim/layer0_coeff_in1_out1.v" into library xil_defaultlib
INFO: [VRFC 10-311] analyzing module layer0_coeff_in1_out1
INFO: [VRFC 10-2263] Analyzing Verilog file "D:/KAN/FPGA_Prj/KAN_V1/KAN_V1.gen/sources_1/ip/layer0_coeff_in1_out0/sim/layer0_coeff_in1_out0.v" into library xil_defaultlib
INFO: [VRFC 10-311] analyzing module layer0_coeff_in1_out0
INFO: [VRFC 10-2263] Analyzing Verilog file "D:/KAN/FPGA_Prj/KAN_V1/KAN_V1.gen/sources_1/ip/layer0_coeff_in0_out4/sim/layer0_coeff_in0_out4.v" into library xil_defaultlib
INFO: [VRFC 10-311] analyzing module layer0_coeff_in0_out4
INFO: [VRFC 10-2263] Analyzing Verilog file "D:/KAN/FPGA_Prj/KAN_V1/KAN_V1.gen/sources_1/ip/layer0_coeff_in0_out3/sim/layer0_coeff_in0_out3.v" into library xil_defaultlib
INFO: [VRFC 10-311] analyzing module layer0_coeff_in0_out3
INFO: [VRFC 10-2263] Analyzing Verilog file "D:/KAN/FPGA_Prj/KAN_V1/KAN_V1.gen/sources_1/ip/layer0_coeff_in0_out2/sim/layer0_coeff_in0_out2.v" into library xil_defaultlib
INFO: [VRFC 10-311] analyzing module layer0_coeff_in0_out2
INFO: [VRFC 10-2263] Analyzing Verilog file "D:/KAN/FPGA_Prj/KAN_V1/KAN_V1.gen/sources_1/ip/layer0_coeff_in0_out1/sim/layer0_coeff_in0_out1.v" into library xil_defaultlib
INFO: [VRFC 10-311] analyzing module layer0_coeff_in0_out1
INFO: [VRFC 10-2263] Analyzing Verilog file "D:/KAN/FPGA_Prj/KAN_V1/KAN_V1.gen/sources_1/ip/layer0_coeff_in0_out0/sim/layer0_coeff_in0_out0.v" into library xil_defaultlib
INFO: [VRFC 10-311] analyzing module layer0_coeff_in0_out0
INFO: [VRFC 10-2263] Analyzing Verilog file "D:/KAN/FPGA_Prj/KAN_V1/KAN_V1.srcs/sources_1/new/BSU.v" into library xil_defaultlib
INFO: [VRFC 10-311] analyzing module BSU
ERROR: [VRFC 10-1280] procedural assignment to a non-register mul_out is not permitted, left-hand side should be reg/integer/time/genvar [D:/KAN/FPGA_Prj/KAN_V1/KAN_V1.srcs/sources_1/new/BSU.v:164]
ERROR: [VRFC 10-8530] module 'BSU' is ignored due to previous errors [D:/KAN/FPGA_Prj/KAN_V1/KAN_V1.srcs/sources_1/new/BSU.v:25]
INFO: [USF-XSim-69] 'compile' step finished in '3' seconds
INFO: [USF-XSim-99] Step results log file:'D:/KAN/FPGA_Prj/KAN_V1/KAN_V1.sim/sim_1/behav/xsim/xvlog.log'
ERROR: [USF-XSim-62] 'compile' step failed with error(s). Please check the Tcl console output or 'D:/KAN/FPGA_Prj/KAN_V1/KAN_V1.sim/sim_1/behav/xsim/xvlog.log' file for more information.
ERROR: [Vivado 12-4473] Detected error while running simulation. Please correct the issue and retry this operation.
launch_simulation: Time (s): cpu = 00:00:02 ; elapsed = 00:00:06 . Memory (MB): peak = 1593.242 ; gain = 0.000
ERROR: [Common 17-39] 'launch_simulation' failed due to earlier errors.
set log_file "D:/KAN/FPGA_Prj/KAN_V1/KAN_V1.sim/sim_1/behav/xsim/xvlog.log"
D:/KAN/FPGA_Prj/KAN_V1/KAN_V1.sim/sim_1/behav/xsim/xvlog.log
if {[file exists $log_file]} {
    set fp [open $log_file r]
    set content [read $fp]
    close $fp
    puts $content
} else {
    puts "日志文件不存在！请检查路径。"
}
INFO: [VRFC 10-2263] Analyzing Verilog file "D:/KAN/FPGA_Prj/KAN_V1/KAN_V1.gen/sources_1/ip/layer1_coeff_in4_out0/sim/layer1_coeff_in4_out0.v" into library xil_defaultlib
INFO: [VRFC 10-311] analyzing module layer1_coeff_in4_out0
INFO: [VRFC 10-2263] Analyzing Verilog file "D:/KAN/FPGA_Prj/KAN_V1/KAN_V1.gen/sources_1/ip/layer1_coeff_in3_out0/sim/layer1_coeff_in3_out0.v" into library xil_defaultlib
INFO: [VRFC 10-311] analyzing module layer1_coeff_in3_out0
INFO: [VRFC 10-2263] Analyzing Verilog file "D:/KAN/FPGA_Prj/KAN_V1/KAN_V1.gen/sources_1/ip/layer1_coeff_in2_out0/sim/layer1_coeff_in2_out0.v" into library xil_defaultlib
INFO: [VRFC 10-311] analyzing module layer1_coeff_in2_out0
INFO: [VRFC 10-2263] Analyzing Verilog file "D:/KAN/FPGA_Prj/KAN_V1/KAN_V1.gen/sources_1/ip/layer1_coeff_in1_out0/sim/layer1_coeff_in1_out0.v" into library xil_defaultlib
INFO: [VRFC 10-311] analyzing module layer1_coeff_in1_out0
INFO: [VRFC 10-2263] Analyzing Verilog file "D:/KAN/FPGA_Prj/KAN_V1/KAN_V1.gen/sources_1/ip/layer1_coeff_in0_out0/sim/layer1_coeff_in0_out0.v" into library xil_defaultlib
INFO: [VRFC 10-311] analyzing module layer1_coeff_in0_out0
INFO: [VRFC 10-2263] Analyzing Verilog file "D:/KAN/FPGA_Prj/KAN_V1/KAN_V1.gen/sources_1/ip/layer0_coeff_in2_out4/sim/layer0_coeff_in2_out4.v" into library xil_defaultlib
INFO: [VRFC 10-311] analyzing module layer0_coeff_in2_out4
INFO: [VRFC 10-2263] Analyzing Verilog file "D:/KAN/FPGA_Prj/KAN_V1/KAN_V1.gen/sources_1/ip/layer0_coeff_in2_out3/sim/layer0_coeff_in2_out3.v" into library xil_defaultlib
INFO: [VRFC 10-311] analyzing module layer0_coeff_in2_out3
INFO: [VRFC 10-2263] Analyzing Verilog file "D:/KAN/FPGA_Prj/KAN_V1/KAN_V1.gen/sources_1/ip/layer0_coeff_in2_out2/sim/layer0_coeff_in2_out2.v" into library xil_defaultlib
INFO: [VRFC 10-311] analyzing module layer0_coeff_in2_out2
INFO: [VRFC 10-2263] Analyzing Verilog file "D:/KAN/FPGA_Prj/KAN_V1/KAN_V1.gen/sources_1/ip/layer0_coeff_in2_out1/sim/layer0_coeff_in2_out1.v" into library xil_defaultlib
INFO: [VRFC 10-311] analyzing module layer0_coeff_in2_out1
INFO: [VRFC 10-2263] Analyzing Verilog file "D:/KAN/FPGA_Prj/KAN_V1/KAN_V1.gen/sources_1/ip/layer0_coeff_in2_out0/sim/layer0_coeff_in2_out0.v" into library xil_defaultlib
INFO: [VRFC 10-311] analyzing module layer0_coeff_in2_out0
INFO: [VRFC 10-2263] Analyzing Verilog file "D:/KAN/FPGA_Prj/KAN_V1/KAN_V1.gen/sources_1/ip/layer0_coeff_in1_out4/sim/layer0_coeff_in1_out4.v" into library xil_defaultlib
INFO: [VRFC 10-311] analyzing module layer0_coeff_in1_out4
INFO: [VRFC 10-2263] Analyzing Verilog file "D:/KAN/FPGA_Prj/KAN_V1/KAN_V1.gen/sources_1/ip/layer0_coeff_in1_out3/sim/layer0_coeff_in1_out3.v" into library xil_defaultlib
INFO: [VRFC 10-311] analyzing module layer0_coeff_in1_out3
INFO: [VRFC 10-2263] Analyzing Verilog file "D:/KAN/FPGA_Prj/KAN_V1/KAN_V1.gen/sources_1/ip/layer0_coeff_in1_out2/sim/layer0_coeff_in1_out2.v" into library xil_defaultlib
INFO: [VRFC 10-311] analyzing module layer0_coeff_in1_out2
INFO: [VRFC 10-2263] Analyzing Verilog file "D:/KAN/FPGA_Prj/KAN_V1/KAN_V1.gen/sources_1/ip/layer0_coeff_in1_out1/sim/layer0_coeff_in1_out1.v" into library xil_defaultlib
INFO: [VRFC 10-311] analyzing module layer0_coeff_in1_out1
INFO: [VRFC 10-2263] Analyzing Verilog file "D:/KAN/FPGA_Prj/KAN_V1/KAN_V1.gen/sources_1/ip/layer0_coeff_in1_out0/sim/layer0_coeff_in1_out0.v" into library xil_defaultlib
INFO: [VRFC 10-311] analyzing module layer0_coeff_in1_out0
INFO: [VRFC 10-2263] Analyzing Verilog file "D:/KAN/FPGA_Prj/KAN_V1/KAN_V1.gen/sources_1/ip/layer0_coeff_in0_out4/sim/layer0_coeff_in0_out4.v" into library xil_defaultlib
INFO: [VRFC 10-311] analyzing module layer0_coeff_in0_out4
INFO: [VRFC 10-2263] Analyzing Verilog file "D:/KAN/FPGA_Prj/KAN_V1/KAN_V1.gen/sources_1/ip/layer0_coeff_in0_out3/sim/layer0_coeff_in0_out3.v" into library xil_defaultlib
INFO: [VRFC 10-311] analyzing module layer0_coeff_in0_out3
INFO: [VRFC 10-2263] Analyzing Verilog file "D:/KAN/FPGA_Prj/KAN_V1/KAN_V1.gen/sources_1/ip/layer0_coeff_in0_out2/sim/layer0_coeff_in0_out2.v" into library xil_defaultlib
INFO: [VRFC 10-311] analyzing module layer0_coeff_in0_out2
INFO: [VRFC 10-2263] Analyzing Verilog file "D:/KAN/FPGA_Prj/KAN_V1/KAN_V1.gen/sources_1/ip/layer0_coeff_in0_out1/sim/layer0_coeff_in0_out1.v" into library xil_defaultlib
INFO: [VRFC 10-311] analyzing module layer0_coeff_in0_out1
INFO: [VRFC 10-2263] Analyzing Verilog file "D:/KAN/FPGA_Prj/KAN_V1/KAN_V1.gen/sources_1/ip/layer0_coeff_in0_out0/sim/layer0_coeff_in0_out0.v" into library xil_defaultlib
INFO: [VRFC 10-311] analyzing module layer0_coeff_in0_out0
INFO: [VRFC 10-2263] Analyzing Verilog file "D:/KAN/FPGA_Prj/KAN_V1/KAN_V1.srcs/sources_1/new/BSU.v" into library xil_defaultlib
INFO: [VRFC 10-311] analyzing module BSU
ERROR: [VRFC 10-1280] procedural assignment to a non-register mul_out is not permitted, left-hand side should be reg/integer/time/genvar [D:/KAN/FPGA_Prj/KAN_V1/KAN_V1.srcs/sources_1/new/BSU.v:164]
ERROR: [VRFC 10-8530] module 'BSU' is ignored due to previous errors [D:/KAN/FPGA_Prj/KAN_V1/KAN_V1.srcs/sources_1/new/BSU.v:25]

launch_simulation
Command: launch_simulation 
INFO: [Vivado 12-12493] Simulation top is 'tb_bsu'
WARNING: [Vivado 12-13340] Unable to auto find GCC executables from simulator install path! (path not set)
INFO: [Vivado 12-5682] Launching behavioral simulation in 'D:/KAN/FPGA_Prj/KAN_V1/KAN_V1.sim/sim_1/behav/xsim'
INFO: [SIM-utils-51] Simulation object is 'sim_1'
INFO: [SIM-utils-72] Using boost library from 'D:/Xilinx/Vivado/2023.2/tps/boost_1_72_0'
INFO: [USF-XSim-7] Finding pre-compiled libraries...
INFO: [USF-XSim-11] File 'D:/Xilinx/Vivado/2023.2/data/xsim/xsim.ini' copied to run dir:'D:/KAN/FPGA_Prj/KAN_V1/KAN_V1.sim/sim_1/behav/xsim'
INFO: [SIM-utils-54] Inspecting design source files for 'tb_bsu' in fileset 'sim_1'...
INFO: [SIM-utils-43] Exported 'D:/KAN/FPGA_Prj/KAN_V1/KAN_V1.sim/sim_1/behav/xsim/layer0_coeff_in0_out0.mif'
INFO: [SIM-utils-43] Exported 'D:/KAN/FPGA_Prj/KAN_V1/KAN_V1.sim/sim_1/behav/xsim/layer0_coeff_in0_out0.coe'
INFO: [SIM-utils-43] Exported 'D:/KAN/FPGA_Prj/KAN_V1/KAN_V1.sim/sim_1/behav/xsim/layer0_coeff_in0_out1.mif'
INFO: [SIM-utils-43] Exported 'D:/KAN/FPGA_Prj/KAN_V1/KAN_V1.sim/sim_1/behav/xsim/layer0_coeff_in0_out1.coe'
INFO: [SIM-utils-43] Exported 'D:/KAN/FPGA_Prj/KAN_V1/KAN_V1.sim/sim_1/behav/xsim/layer0_coeff_in0_out2.mif'
INFO: [SIM-utils-43] Exported 'D:/KAN/FPGA_Prj/KAN_V1/KAN_V1.sim/sim_1/behav/xsim/layer0_coeff_in0_out2.coe'
INFO: [SIM-utils-43] Exported 'D:/KAN/FPGA_Prj/KAN_V1/KAN_V1.sim/sim_1/behav/xsim/layer0_coeff_in0_out3.mif'
INFO: [SIM-utils-43] Exported 'D:/KAN/FPGA_Prj/KAN_V1/KAN_V1.sim/sim_1/behav/xsim/layer0_coeff_in0_out3.coe'
INFO: [SIM-utils-43] Exported 'D:/KAN/FPGA_Prj/KAN_V1/KAN_V1.sim/sim_1/behav/xsim/layer0_coeff_in0_out4.mif'
INFO: [SIM-utils-43] Exported 'D:/KAN/FPGA_Prj/KAN_V1/KAN_V1.sim/sim_1/behav/xsim/layer0_coeff_in0_out4.coe'
INFO: [SIM-utils-43] Exported 'D:/KAN/FPGA_Prj/KAN_V1/KAN_V1.sim/sim_1/behav/xsim/layer0_coeff_in1_out0.mif'
INFO: [SIM-utils-43] Exported 'D:/KAN/FPGA_Prj/KAN_V1/KAN_V1.sim/sim_1/behav/xsim/layer0_coeff_in1_out0.coe'
INFO: [SIM-utils-43] Exported 'D:/KAN/FPGA_Prj/KAN_V1/KAN_V1.sim/sim_1/behav/xsim/layer0_coeff_in1_out1.mif'
INFO: [SIM-utils-43] Exported 'D:/KAN/FPGA_Prj/KAN_V1/KAN_V1.sim/sim_1/behav/xsim/layer0_coeff_in1_out1.coe'
INFO: [SIM-utils-43] Exported 'D:/KAN/FPGA_Prj/KAN_V1/KAN_V1.sim/sim_1/behav/xsim/layer0_coeff_in1_out2.mif'
INFO: [SIM-utils-43] Exported 'D:/KAN/FPGA_Prj/KAN_V1/KAN_V1.sim/sim_1/behav/xsim/layer0_coeff_in1_out2.coe'
INFO: [SIM-utils-43] Exported 'D:/KAN/FPGA_Prj/KAN_V1/KAN_V1.sim/sim_1/behav/xsim/layer0_coeff_in1_out3.mif'
INFO: [SIM-utils-43] Exported 'D:/KAN/FPGA_Prj/KAN_V1/KAN_V1.sim/sim_1/behav/xsim/layer0_coeff_in1_out3.coe'
INFO: [SIM-utils-43] Exported 'D:/KAN/FPGA_Prj/KAN_V1/KAN_V1.sim/sim_1/behav/xsim/layer0_coeff_in1_out4.mif'
INFO: [SIM-utils-43] Exported 'D:/KAN/FPGA_Prj/KAN_V1/KAN_V1.sim/sim_1/behav/xsim/layer0_coeff_in1_out4.coe'
INFO: [SIM-utils-43] Exported 'D:/KAN/FPGA_Prj/KAN_V1/KAN_V1.sim/sim_1/behav/xsim/layer0_coeff_in2_out0.mif'
INFO: [SIM-utils-43] Exported 'D:/KAN/FPGA_Prj/KAN_V1/KAN_V1.sim/sim_1/behav/xsim/layer0_coeff_in2_out0.coe'
INFO: [SIM-utils-43] Exported 'D:/KAN/FPGA_Prj/KAN_V1/KAN_V1.sim/sim_1/behav/xsim/layer0_coeff_in2_out1.mif'
INFO: [SIM-utils-43] Exported 'D:/KAN/FPGA_Prj/KAN_V1/KAN_V1.sim/sim_1/behav/xsim/layer0_coeff_in2_out1.coe'
INFO: [SIM-utils-43] Exported 'D:/KAN/FPGA_Prj/KAN_V1/KAN_V1.sim/sim_1/behav/xsim/layer0_coeff_in2_out2.mif'
INFO: [SIM-utils-43] Exported 'D:/KAN/FPGA_Prj/KAN_V1/KAN_V1.sim/sim_1/behav/xsim/layer0_coeff_in2_out2.coe'
INFO: [SIM-utils-43] Exported 'D:/KAN/FPGA_Prj/KAN_V1/KAN_V1.sim/sim_1/behav/xsim/layer0_coeff_in2_out3.mif'
INFO: [SIM-utils-43] Exported 'D:/KAN/FPGA_Prj/KAN_V1/KAN_V1.sim/sim_1/behav/xsim/layer0_coeff_in2_out3.coe'
INFO: [SIM-utils-43] Exported 'D:/KAN/FPGA_Prj/KAN_V1/KAN_V1.sim/sim_1/behav/xsim/layer0_coeff_in2_out4.mif'
INFO: [SIM-utils-43] Exported 'D:/KAN/FPGA_Prj/KAN_V1/KAN_V1.sim/sim_1/behav/xsim/layer0_coeff_in2_out4.coe'
INFO: [SIM-utils-43] Exported 'D:/KAN/FPGA_Prj/KAN_V1/KAN_V1.sim/sim_1/behav/xsim/layer1_coeff_in0_out0.mif'
INFO: [SIM-utils-43] Exported 'D:/KAN/FPGA_Prj/KAN_V1/KAN_V1.sim/sim_1/behav/xsim/layer1_coeff_in0_out0.coe'
INFO: [SIM-utils-43] Exported 'D:/KAN/FPGA_Prj/KAN_V1/KAN_V1.sim/sim_1/behav/xsim/layer1_coeff_in1_out0.mif'
INFO: [SIM-utils-43] Exported 'D:/KAN/FPGA_Prj/KAN_V1/KAN_V1.sim/sim_1/behav/xsim/layer1_coeff_in1_out0.coe'
INFO: [SIM-utils-43] Exported 'D:/KAN/FPGA_Prj/KAN_V1/KAN_V1.sim/sim_1/behav/xsim/layer1_coeff_in2_out0.mif'
INFO: [SIM-utils-43] Exported 'D:/KAN/FPGA_Prj/KAN_V1/KAN_V1.sim/sim_1/behav/xsim/layer1_coeff_in2_out0.coe'
INFO: [SIM-utils-43] Exported 'D:/KAN/FPGA_Prj/KAN_V1/KAN_V1.sim/sim_1/behav/xsim/layer1_coeff_in3_out0.mif'
INFO: [SIM-utils-43] Exported 'D:/KAN/FPGA_Prj/KAN_V1/KAN_V1.sim/sim_1/behav/xsim/layer1_coeff_in3_out0.coe'
INFO: [SIM-utils-43] Exported 'D:/KAN/FPGA_Prj/KAN_V1/KAN_V1.sim/sim_1/behav/xsim/layer1_coeff_in4_out0.mif'
INFO: [SIM-utils-43] Exported 'D:/KAN/FPGA_Prj/KAN_V1/KAN_V1.sim/sim_1/behav/xsim/layer1_coeff_in4_out0.coe'
INFO: [USF-XSim-97] Finding global include files...
INFO: [USF-XSim-98] Fetching design files from 'sim_1'...
INFO: [USF-XSim-2] XSim::Compile design
INFO: [USF-XSim-61] Executing 'COMPILE and ANALYZE' step in 'D:/KAN/FPGA_Prj/KAN_V1/KAN_V1.sim/sim_1/behav/xsim'
"xvlog --incr --relax -L uvm -prj tb_bsu_vlog.prj"
ECHO 处于关闭状态。
ECHO 处于关闭状态。
INFO: [VRFC 10-2263] Analyzing Verilog file "D:/KAN/FPGA_Prj/KAN_V1/KAN_V1.gen/sources_1/ip/layer1_coeff_in4_out0/sim/layer1_coeff_in4_out0.v" into library xil_defaultlib
INFO: [VRFC 10-311] analyzing module layer1_coeff_in4_out0
INFO: [VRFC 10-2263] Analyzing Verilog file "D:/KAN/FPGA_Prj/KAN_V1/KAN_V1.gen/sources_1/ip/layer1_coeff_in3_out0/sim/layer1_coeff_in3_out0.v" into library xil_defaultlib
INFO: [VRFC 10-311] analyzing module layer1_coeff_in3_out0
INFO: [VRFC 10-2263] Analyzing Verilog file "D:/KAN/FPGA_Prj/KAN_V1/KAN_V1.gen/sources_1/ip/layer1_coeff_in2_out0/sim/layer1_coeff_in2_out0.v" into library xil_defaultlib
INFO: [VRFC 10-311] analyzing module layer1_coeff_in2_out0
INFO: [VRFC 10-2263] Analyzing Verilog file "D:/KAN/FPGA_Prj/KAN_V1/KAN_V1.gen/sources_1/ip/layer1_coeff_in1_out0/sim/layer1_coeff_in1_out0.v" into library xil_defaultlib
INFO: [VRFC 10-311] analyzing module layer1_coeff_in1_out0
INFO: [VRFC 10-2263] Analyzing Verilog file "D:/KAN/FPGA_Prj/KAN_V1/KAN_V1.gen/sources_1/ip/layer1_coeff_in0_out0/sim/layer1_coeff_in0_out0.v" into library xil_defaultlib
INFO: [VRFC 10-311] analyzing module layer1_coeff_in0_out0
INFO: [VRFC 10-2263] Analyzing Verilog file "D:/KAN/FPGA_Prj/KAN_V1/KAN_V1.gen/sources_1/ip/layer0_coeff_in2_out4/sim/layer0_coeff_in2_out4.v" into library xil_defaultlib
INFO: [VRFC 10-311] analyzing module layer0_coeff_in2_out4
INFO: [VRFC 10-2263] Analyzing Verilog file "D:/KAN/FPGA_Prj/KAN_V1/KAN_V1.gen/sources_1/ip/layer0_coeff_in2_out3/sim/layer0_coeff_in2_out3.v" into library xil_defaultlib
INFO: [VRFC 10-311] analyzing module layer0_coeff_in2_out3
INFO: [VRFC 10-2263] Analyzing Verilog file "D:/KAN/FPGA_Prj/KAN_V1/KAN_V1.gen/sources_1/ip/layer0_coeff_in2_out2/sim/layer0_coeff_in2_out2.v" into library xil_defaultlib
INFO: [VRFC 10-311] analyzing module layer0_coeff_in2_out2
INFO: [VRFC 10-2263] Analyzing Verilog file "D:/KAN/FPGA_Prj/KAN_V1/KAN_V1.gen/sources_1/ip/layer0_coeff_in2_out1/sim/layer0_coeff_in2_out1.v" into library xil_defaultlib
INFO: [VRFC 10-311] analyzing module layer0_coeff_in2_out1
INFO: [VRFC 10-2263] Analyzing Verilog file "D:/KAN/FPGA_Prj/KAN_V1/KAN_V1.gen/sources_1/ip/layer0_coeff_in2_out0/sim/layer0_coeff_in2_out0.v" into library xil_defaultlib
INFO: [VRFC 10-311] analyzing module layer0_coeff_in2_out0
INFO: [VRFC 10-2263] Analyzing Verilog file "D:/KAN/FPGA_Prj/KAN_V1/KAN_V1.gen/sources_1/ip/layer0_coeff_in1_out4/sim/layer0_coeff_in1_out4.v" into library xil_defaultlib
INFO: [VRFC 10-311] analyzing module layer0_coeff_in1_out4
INFO: [VRFC 10-2263] Analyzing Verilog file "D:/KAN/FPGA_Prj/KAN_V1/KAN_V1.gen/sources_1/ip/layer0_coeff_in1_out3/sim/layer0_coeff_in1_out3.v" into library xil_defaultlib
INFO: [VRFC 10-311] analyzing module layer0_coeff_in1_out3
INFO: [VRFC 10-2263] Analyzing Verilog file "D:/KAN/FPGA_Prj/KAN_V1/KAN_V1.gen/sources_1/ip/layer0_coeff_in1_out2/sim/layer0_coeff_in1_out2.v" into library xil_defaultlib
INFO: [VRFC 10-311] analyzing module layer0_coeff_in1_out2
INFO: [VRFC 10-2263] Analyzing Verilog file "D:/KAN/FPGA_Prj/KAN_V1/KAN_V1.gen/sources_1/ip/layer0_coeff_in1_out1/sim/layer0_coeff_in1_out1.v" into library xil_defaultlib
INFO: [VRFC 10-311] analyzing module layer0_coeff_in1_out1
INFO: [VRFC 10-2263] Analyzing Verilog file "D:/KAN/FPGA_Prj/KAN_V1/KAN_V1.gen/sources_1/ip/layer0_coeff_in1_out0/sim/layer0_coeff_in1_out0.v" into library xil_defaultlib
INFO: [VRFC 10-311] analyzing module layer0_coeff_in1_out0
INFO: [VRFC 10-2263] Analyzing Verilog file "D:/KAN/FPGA_Prj/KAN_V1/KAN_V1.gen/sources_1/ip/layer0_coeff_in0_out4/sim/layer0_coeff_in0_out4.v" into library xil_defaultlib
INFO: [VRFC 10-311] analyzing module layer0_coeff_in0_out4
INFO: [VRFC 10-2263] Analyzing Verilog file "D:/KAN/FPGA_Prj/KAN_V1/KAN_V1.gen/sources_1/ip/layer0_coeff_in0_out3/sim/layer0_coeff_in0_out3.v" into library xil_defaultlib
INFO: [VRFC 10-311] analyzing module layer0_coeff_in0_out3
INFO: [VRFC 10-2263] Analyzing Verilog file "D:/KAN/FPGA_Prj/KAN_V1/KAN_V1.gen/sources_1/ip/layer0_coeff_in0_out2/sim/layer0_coeff_in0_out2.v" into library xil_defaultlib
INFO: [VRFC 10-311] analyzing module layer0_coeff_in0_out2
INFO: [VRFC 10-2263] Analyzing Verilog file "D:/KAN/FPGA_Prj/KAN_V1/KAN_V1.gen/sources_1/ip/layer0_coeff_in0_out1/sim/layer0_coeff_in0_out1.v" into library xil_defaultlib
INFO: [VRFC 10-311] analyzing module layer0_coeff_in0_out1
INFO: [VRFC 10-2263] Analyzing Verilog file "D:/KAN/FPGA_Prj/KAN_V1/KAN_V1.gen/sources_1/ip/layer0_coeff_in0_out0/sim/layer0_coeff_in0_out0.v" into library xil_defaultlib
INFO: [VRFC 10-311] analyzing module layer0_coeff_in0_out0
INFO: [VRFC 10-2263] Analyzing Verilog file "D:/KAN/FPGA_Prj/KAN_V1/KAN_V1.srcs/sources_1/new/BSU.v" into library xil_defaultlib
INFO: [VRFC 10-311] analyzing module BSU
INFO: [VRFC 10-2263] Analyzing Verilog file "D:/KAN/FPGA_Prj/KAN_V1/KAN_V1.srcs/sources_1/new/internal_finder.v" into library xil_defaultlib
INFO: [VRFC 10-311] analyzing module internal_finder
INFO: [VRFC 10-2263] Analyzing Verilog file "D:/KAN/FPGA_Prj/KAN_V1/KAN_V1.srcs/sources_1/new/mac.v" into library xil_defaultlib
INFO: [VRFC 10-311] analyzing module mac
INFO: [VRFC 10-2263] Analyzing Verilog file "D:/KAN/FPGA_Prj/KAN_V1/KAN_V1.srcs/sources_1/new/multiplier.v" into library xil_defaultlib
INFO: [VRFC 10-311] analyzing module multiplier
INFO: [VRFC 10-2263] Analyzing SystemVerilog file "D:/KAN/FPGA_Prj/KAN_V1/KAN_V1.srcs/sources_1/new/Coeff_Rom.sv" into library xil_defaultlib
INFO: [VRFC 10-311] analyzing module Coeff_Rom
INFO: [VRFC 10-2263] Analyzing Verilog file "D:/KAN/FPGA_Prj/KAN_V1/KAN_V1.srcs/sim_1/new/tb_bsu.v" into library xil_defaultlib
INFO: [VRFC 10-311] analyzing module tb_bsu
INFO: [VRFC 10-2263] Analyzing Verilog file "D:/KAN/FPGA_Prj/KAN_V1/KAN_V1.sim/sim_1/behav/xsim/glbl.v" into library xil_defaultlib
INFO: [VRFC 10-311] analyzing module glbl
INFO: [USF-XSim-69] 'compile' step finished in '3' seconds
INFO: [USF-XSim-3] XSim::Elaborate design
INFO: [USF-XSim-61] Executing 'ELABORATE' step in 'D:/KAN/FPGA_Prj/KAN_V1/KAN_V1.sim/sim_1/behav/xsim'
"xelab --incr --debug typical --relax --mt 2 -L xil_defaultlib -L blk_mem_gen_v8_4_7 -L uvm -L unisims_ver -L unimacro_ver -L secureip -L xpm --snapshot tb_bsu_behav xil_defaultlib.tb_bsu xil_defaultlib.glbl -log elaborate.log"
ECHO 处于关闭状态。
ECHO 处于关闭状态。
Vivado Simulator v2023.2
Copyright 1986-2022 Xilinx, Inc. All Rights Reserved.
Copyright 2022-2023 Advanced Micro Devices, Inc. All Rights Reserved.
Running: D:/Xilinx/Vivado/2023.2/bin/unwrapped/win64.o/xelab.exe --incr --debug typical --relax --mt 2 -L xil_defaultlib -L blk_mem_gen_v8_4_7 -L uvm -L unisims_ver -L unimacro_ver -L secureip -L xpm --snapshot tb_bsu_behav xil_defaultlib.tb_bsu xil_defaultlib.glbl -log elaborate.log 
Using 2 slave threads.
Starting static elaboration
Pass Through NonSizing Optimizer
WARNING: [VRFC 10-3091] actual bit length 32 differs from formal bit length 5 for port 'channel0_cs' [D:/KAN/FPGA_Prj/KAN_V1/KAN_V1.srcs/sim_1/new/tb_bsu.v:46]
WARNING: [VRFC 10-3091] actual bit length 32 differs from formal bit length 7 for port 'addra' [D:/KAN/FPGA_Prj/KAN_V1/KAN_V1.srcs/sources_1/new/Coeff_Rom.sv:211]
WARNING: [VRFC 10-3091] actual bit length 32 differs from formal bit length 6 for port 'addra' [D:/KAN/FPGA_Prj/KAN_V1/KAN_V1.srcs/sources_1/new/Coeff_Rom.sv:217]
WARNING: [VRFC 10-3091] actual bit length 32 differs from formal bit length 6 for port 'addra' [D:/KAN/FPGA_Prj/KAN_V1/KAN_V1.srcs/sources_1/new/Coeff_Rom.sv:223]
WARNING: [VRFC 10-3091] actual bit length 32 differs from formal bit length 6 for port 'addra' [D:/KAN/FPGA_Prj/KAN_V1/KAN_V1.srcs/sources_1/new/Coeff_Rom.sv:229]
WARNING: [VRFC 10-3091] actual bit length 32 differs from formal bit length 6 for port 'addra' [D:/KAN/FPGA_Prj/KAN_V1/KAN_V1.srcs/sources_1/new/Coeff_Rom.sv:235]
WARNING: [VRFC 10-3091] actual bit length 32 differs from formal bit length 6 for port 'addra' [D:/KAN/FPGA_Prj/KAN_V1/KAN_V1.srcs/sources_1/new/Coeff_Rom.sv:243]
WARNING: [VRFC 10-3091] actual bit length 32 differs from formal bit length 6 for port 'addra' [D:/KAN/FPGA_Prj/KAN_V1/KAN_V1.srcs/sources_1/new/Coeff_Rom.sv:249]
WARNING: [VRFC 10-3091] actual bit length 32 differs from formal bit length 6 for port 'addra' [D:/KAN/FPGA_Prj/KAN_V1/KAN_V1.srcs/sources_1/new/Coeff_Rom.sv:255]
WARNING: [VRFC 10-3091] actual bit length 32 differs from formal bit length 6 for port 'addra' [D:/KAN/FPGA_Prj/KAN_V1/KAN_V1.srcs/sources_1/new/Coeff_Rom.sv:262]
WARNING: [VRFC 10-3091] actual bit length 32 differs from formal bit length 6 for port 'addra' [D:/KAN/FPGA_Prj/KAN_V1/KAN_V1.srcs/sources_1/new/Coeff_Rom.sv:269]
WARNING: [VRFC 10-3091] actual bit length 32 differs from formal bit length 6 for port 'addra' [D:/KAN/FPGA_Prj/KAN_V1/KAN_V1.srcs/sources_1/new/Coeff_Rom.sv:276]
WARNING: [VRFC 10-3091] actual bit length 32 differs from formal bit length 6 for port 'addra' [D:/KAN/FPGA_Prj/KAN_V1/KAN_V1.srcs/sources_1/new/Coeff_Rom.sv:282]
WARNING: [VRFC 10-3091] actual bit length 32 differs from formal bit length 6 for port 'addra' [D:/KAN/FPGA_Prj/KAN_V1/KAN_V1.srcs/sources_1/new/Coeff_Rom.sv:288]
WARNING: [VRFC 10-3091] actual bit length 32 differs from formal bit length 6 for port 'addra' [D:/KAN/FPGA_Prj/KAN_V1/KAN_V1.srcs/sources_1/new/Coeff_Rom.sv:294]
WARNING: [VRFC 10-3091] actual bit length 32 differs from formal bit length 6 for port 'addra' [D:/KAN/FPGA_Prj/KAN_V1/KAN_V1.srcs/sources_1/new/Coeff_Rom.sv:300]
WARNING: [VRFC 10-3091] actual bit length 32 differs from formal bit length 6 for port 'addra' [D:/KAN/FPGA_Prj/KAN_V1/KAN_V1.srcs/sources_1/new/Coeff_Rom.sv:307]
WARNING: [VRFC 10-3091] actual bit length 32 differs from formal bit length 6 for port 'addra' [D:/KAN/FPGA_Prj/KAN_V1/KAN_V1.srcs/sources_1/new/Coeff_Rom.sv:313]
WARNING: [VRFC 10-3091] actual bit length 32 differs from formal bit length 6 for port 'addra' [D:/KAN/FPGA_Prj/KAN_V1/KAN_V1.srcs/sources_1/new/Coeff_Rom.sv:319]
WARNING: [VRFC 10-3091] actual bit length 32 differs from formal bit length 6 for port 'addra' [D:/KAN/FPGA_Prj/KAN_V1/KAN_V1.srcs/sources_1/new/Coeff_Rom.sv:325]
WARNING: [VRFC 10-3091] actual bit length 32 differs from formal bit length 6 for port 'addra' [D:/KAN/FPGA_Prj/KAN_V1/KAN_V1.srcs/sources_1/new/Coeff_Rom.sv:331]
ERROR: [VRFC 10-3236] concurrent assignment to a non-net 'coeff_addr' is not permitted [D:/KAN/FPGA_Prj/KAN_V1/KAN_V1.srcs/sources_1/new/BSU.v:91]
ERROR: [VRFC 10-3236] concurrent assignment to a non-net 'x' is not permitted [D:/KAN/FPGA_Prj/KAN_V1/KAN_V1.srcs/sources_1/new/BSU.v:92]
ERROR: [VRFC 10-3236] concurrent assignment to a non-net 'internal_finder_status' is not permitted [D:/KAN/FPGA_Prj/KAN_V1/KAN_V1.srcs/sources_1/new/BSU.v:93]
ERROR: [VRFC 10-9171] mixed concurrent and procedural assignments on 'x' [D:/KAN/FPGA_Prj/KAN_V1/KAN_V1.srcs/sources_1/new/BSU.v:160]
ERROR: [XSIM 43-3322] Static elaboration of top level Verilog design unit(s) in library work failed.
INFO: [USF-XSim-69] 'elaborate' step finished in '3' seconds
INFO: [USF-XSim-99] Step results log file:'D:/KAN/FPGA_Prj/KAN_V1/KAN_V1.sim/sim_1/behav/xsim/elaborate.log'
ERROR: [USF-XSim-62] 'elaborate' step failed with error(s). Please check the Tcl console output or 'D:/KAN/FPGA_Prj/KAN_V1/KAN_V1.sim/sim_1/behav/xsim/elaborate.log' file for more information.
ERROR: [Vivado 12-4473] Detected error while running simulation. Please correct the issue and retry this operation.
launch_simulation: Time (s): cpu = 00:00:02 ; elapsed = 00:00:08 . Memory (MB): peak = 1593.242 ; gain = 0.000
ERROR: [Common 17-39] 'launch_simulation' failed due to earlier errors.
set log_file "D:/KAN/FPGA_Prj/KAN_V1/KAN_V1.sim/sim_1/behav/xsim/xvlog.log"
D:/KAN/FPGA_Prj/KAN_V1/KAN_V1.sim/sim_1/behav/xsim/xvlog.log
if {[file exists $log_file]} {
    set fp [open $log_file r]
    set content [read $fp]
    close $fp
    puts $content
} else {
    puts "日志文件不存在！请检查路径。"
}
INFO: [VRFC 10-2263] Analyzing Verilog file "D:/KAN/FPGA_Prj/KAN_V1/KAN_V1.gen/sources_1/ip/layer1_coeff_in4_out0/sim/layer1_coeff_in4_out0.v" into library xil_defaultlib
INFO: [VRFC 10-311] analyzing module layer1_coeff_in4_out0
INFO: [VRFC 10-2263] Analyzing Verilog file "D:/KAN/FPGA_Prj/KAN_V1/KAN_V1.gen/sources_1/ip/layer1_coeff_in3_out0/sim/layer1_coeff_in3_out0.v" into library xil_defaultlib
INFO: [VRFC 10-311] analyzing module layer1_coeff_in3_out0
INFO: [VRFC 10-2263] Analyzing Verilog file "D:/KAN/FPGA_Prj/KAN_V1/KAN_V1.gen/sources_1/ip/layer1_coeff_in2_out0/sim/layer1_coeff_in2_out0.v" into library xil_defaultlib
INFO: [VRFC 10-311] analyzing module layer1_coeff_in2_out0
INFO: [VRFC 10-2263] Analyzing Verilog file "D:/KAN/FPGA_Prj/KAN_V1/KAN_V1.gen/sources_1/ip/layer1_coeff_in1_out0/sim/layer1_coeff_in1_out0.v" into library xil_defaultlib
INFO: [VRFC 10-311] analyzing module layer1_coeff_in1_out0
INFO: [VRFC 10-2263] Analyzing Verilog file "D:/KAN/FPGA_Prj/KAN_V1/KAN_V1.gen/sources_1/ip/layer1_coeff_in0_out0/sim/layer1_coeff_in0_out0.v" into library xil_defaultlib
INFO: [VRFC 10-311] analyzing module layer1_coeff_in0_out0
INFO: [VRFC 10-2263] Analyzing Verilog file "D:/KAN/FPGA_Prj/KAN_V1/KAN_V1.gen/sources_1/ip/layer0_coeff_in2_out4/sim/layer0_coeff_in2_out4.v" into library xil_defaultlib
INFO: [VRFC 10-311] analyzing module layer0_coeff_in2_out4
INFO: [VRFC 10-2263] Analyzing Verilog file "D:/KAN/FPGA_Prj/KAN_V1/KAN_V1.gen/sources_1/ip/layer0_coeff_in2_out3/sim/layer0_coeff_in2_out3.v" into library xil_defaultlib
INFO: [VRFC 10-311] analyzing module layer0_coeff_in2_out3
INFO: [VRFC 10-2263] Analyzing Verilog file "D:/KAN/FPGA_Prj/KAN_V1/KAN_V1.gen/sources_1/ip/layer0_coeff_in2_out2/sim/layer0_coeff_in2_out2.v" into library xil_defaultlib
INFO: [VRFC 10-311] analyzing module layer0_coeff_in2_out2
INFO: [VRFC 10-2263] Analyzing Verilog file "D:/KAN/FPGA_Prj/KAN_V1/KAN_V1.gen/sources_1/ip/layer0_coeff_in2_out1/sim/layer0_coeff_in2_out1.v" into library xil_defaultlib
INFO: [VRFC 10-311] analyzing module layer0_coeff_in2_out1
INFO: [VRFC 10-2263] Analyzing Verilog file "D:/KAN/FPGA_Prj/KAN_V1/KAN_V1.gen/sources_1/ip/layer0_coeff_in2_out0/sim/layer0_coeff_in2_out0.v" into library xil_defaultlib
INFO: [VRFC 10-311] analyzing module layer0_coeff_in2_out0
INFO: [VRFC 10-2263] Analyzing Verilog file "D:/KAN/FPGA_Prj/KAN_V1/KAN_V1.gen/sources_1/ip/layer0_coeff_in1_out4/sim/layer0_coeff_in1_out4.v" into library xil_defaultlib
INFO: [VRFC 10-311] analyzing module layer0_coeff_in1_out4
INFO: [VRFC 10-2263] Analyzing Verilog file "D:/KAN/FPGA_Prj/KAN_V1/KAN_V1.gen/sources_1/ip/layer0_coeff_in1_out3/sim/layer0_coeff_in1_out3.v" into library xil_defaultlib
INFO: [VRFC 10-311] analyzing module layer0_coeff_in1_out3
INFO: [VRFC 10-2263] Analyzing Verilog file "D:/KAN/FPGA_Prj/KAN_V1/KAN_V1.gen/sources_1/ip/layer0_coeff_in1_out2/sim/layer0_coeff_in1_out2.v" into library xil_defaultlib
INFO: [VRFC 10-311] analyzing module layer0_coeff_in1_out2
INFO: [VRFC 10-2263] Analyzing Verilog file "D:/KAN/FPGA_Prj/KAN_V1/KAN_V1.gen/sources_1/ip/layer0_coeff_in1_out1/sim/layer0_coeff_in1_out1.v" into library xil_defaultlib
INFO: [VRFC 10-311] analyzing module layer0_coeff_in1_out1
INFO: [VRFC 10-2263] Analyzing Verilog file "D:/KAN/FPGA_Prj/KAN_V1/KAN_V1.gen/sources_1/ip/layer0_coeff_in1_out0/sim/layer0_coeff_in1_out0.v" into library xil_defaultlib
INFO: [VRFC 10-311] analyzing module layer0_coeff_in1_out0
INFO: [VRFC 10-2263] Analyzing Verilog file "D:/KAN/FPGA_Prj/KAN_V1/KAN_V1.gen/sources_1/ip/layer0_coeff_in0_out4/sim/layer0_coeff_in0_out4.v" into library xil_defaultlib
INFO: [VRFC 10-311] analyzing module layer0_coeff_in0_out4
INFO: [VRFC 10-2263] Analyzing Verilog file "D:/KAN/FPGA_Prj/KAN_V1/KAN_V1.gen/sources_1/ip/layer0_coeff_in0_out3/sim/layer0_coeff_in0_out3.v" into library xil_defaultlib
INFO: [VRFC 10-311] analyzing module layer0_coeff_in0_out3
INFO: [VRFC 10-2263] Analyzing Verilog file "D:/KAN/FPGA_Prj/KAN_V1/KAN_V1.gen/sources_1/ip/layer0_coeff_in0_out2/sim/layer0_coeff_in0_out2.v" into library xil_defaultlib
INFO: [VRFC 10-311] analyzing module layer0_coeff_in0_out2
INFO: [VRFC 10-2263] Analyzing Verilog file "D:/KAN/FPGA_Prj/KAN_V1/KAN_V1.gen/sources_1/ip/layer0_coeff_in0_out1/sim/layer0_coeff_in0_out1.v" into library xil_defaultlib
INFO: [VRFC 10-311] analyzing module layer0_coeff_in0_out1
INFO: [VRFC 10-2263] Analyzing Verilog file "D:/KAN/FPGA_Prj/KAN_V1/KAN_V1.gen/sources_1/ip/layer0_coeff_in0_out0/sim/layer0_coeff_in0_out0.v" into library xil_defaultlib
INFO: [VRFC 10-311] analyzing module layer0_coeff_in0_out0
INFO: [VRFC 10-2263] Analyzing Verilog file "D:/KAN/FPGA_Prj/KAN_V1/KAN_V1.srcs/sources_1/new/BSU.v" into library xil_defaultlib
INFO: [VRFC 10-311] analyzing module BSU
INFO: [VRFC 10-2263] Analyzing Verilog file "D:/KAN/FPGA_Prj/KAN_V1/KAN_V1.srcs/sources_1/new/internal_finder.v" into library xil_defaultlib
INFO: [VRFC 10-311] analyzing module internal_finder
INFO: [VRFC 10-2263] Analyzing Verilog file "D:/KAN/FPGA_Prj/KAN_V1/KAN_V1.srcs/sources_1/new/mac.v" into library xil_defaultlib
INFO: [VRFC 10-311] analyzing module mac
INFO: [VRFC 10-2263] Analyzing Verilog file "D:/KAN/FPGA_Prj/KAN_V1/KAN_V1.srcs/sources_1/new/multiplier.v" into library xil_defaultlib
INFO: [VRFC 10-311] analyzing module multiplier
INFO: [VRFC 10-2263] Analyzing SystemVerilog file "D:/KAN/FPGA_Prj/KAN_V1/KAN_V1.srcs/sources_1/new/Coeff_Rom.sv" into library xil_defaultlib
INFO: [VRFC 10-311] analyzing module Coeff_Rom
INFO: [VRFC 10-2263] Analyzing Verilog file "D:/KAN/FPGA_Prj/KAN_V1/KAN_V1.srcs/sim_1/new/tb_bsu.v" into library xil_defaultlib
INFO: [VRFC 10-311] analyzing module tb_bsu
INFO: [VRFC 10-2263] Analyzing Verilog file "D:/KAN/FPGA_Prj/KAN_V1/KAN_V1.sim/sim_1/behav/xsim/glbl.v" into library xil_defaultlib
INFO: [VRFC 10-311] analyzing module glbl

launch_simulation
Command: launch_simulation 
INFO: [Vivado 12-12493] Simulation top is 'tb_bsu'
WARNING: [Vivado 12-13340] Unable to auto find GCC executables from simulator install path! (path not set)
INFO: [Vivado 12-5682] Launching behavioral simulation in 'D:/KAN/FPGA_Prj/KAN_V1/KAN_V1.sim/sim_1/behav/xsim'
INFO: [SIM-utils-51] Simulation object is 'sim_1'
INFO: [SIM-utils-72] Using boost library from 'D:/Xilinx/Vivado/2023.2/tps/boost_1_72_0'
INFO: [USF-XSim-7] Finding pre-compiled libraries...
INFO: [USF-XSim-11] File 'D:/Xilinx/Vivado/2023.2/data/xsim/xsim.ini' copied to run dir:'D:/KAN/FPGA_Prj/KAN_V1/KAN_V1.sim/sim_1/behav/xsim'
INFO: [SIM-utils-54] Inspecting design source files for 'tb_bsu' in fileset 'sim_1'...
INFO: [SIM-utils-43] Exported 'D:/KAN/FPGA_Prj/KAN_V1/KAN_V1.sim/sim_1/behav/xsim/layer0_coeff_in0_out0.mif'
INFO: [SIM-utils-43] Exported 'D:/KAN/FPGA_Prj/KAN_V1/KAN_V1.sim/sim_1/behav/xsim/layer0_coeff_in0_out0.coe'
INFO: [SIM-utils-43] Exported 'D:/KAN/FPGA_Prj/KAN_V1/KAN_V1.sim/sim_1/behav/xsim/layer0_coeff_in0_out1.mif'
INFO: [SIM-utils-43] Exported 'D:/KAN/FPGA_Prj/KAN_V1/KAN_V1.sim/sim_1/behav/xsim/layer0_coeff_in0_out1.coe'
INFO: [SIM-utils-43] Exported 'D:/KAN/FPGA_Prj/KAN_V1/KAN_V1.sim/sim_1/behav/xsim/layer0_coeff_in0_out2.mif'
INFO: [SIM-utils-43] Exported 'D:/KAN/FPGA_Prj/KAN_V1/KAN_V1.sim/sim_1/behav/xsim/layer0_coeff_in0_out2.coe'
INFO: [SIM-utils-43] Exported 'D:/KAN/FPGA_Prj/KAN_V1/KAN_V1.sim/sim_1/behav/xsim/layer0_coeff_in0_out3.mif'
INFO: [SIM-utils-43] Exported 'D:/KAN/FPGA_Prj/KAN_V1/KAN_V1.sim/sim_1/behav/xsim/layer0_coeff_in0_out3.coe'
INFO: [SIM-utils-43] Exported 'D:/KAN/FPGA_Prj/KAN_V1/KAN_V1.sim/sim_1/behav/xsim/layer0_coeff_in0_out4.mif'
INFO: [SIM-utils-43] Exported 'D:/KAN/FPGA_Prj/KAN_V1/KAN_V1.sim/sim_1/behav/xsim/layer0_coeff_in0_out4.coe'
INFO: [SIM-utils-43] Exported 'D:/KAN/FPGA_Prj/KAN_V1/KAN_V1.sim/sim_1/behav/xsim/layer0_coeff_in1_out0.mif'
INFO: [SIM-utils-43] Exported 'D:/KAN/FPGA_Prj/KAN_V1/KAN_V1.sim/sim_1/behav/xsim/layer0_coeff_in1_out0.coe'
INFO: [SIM-utils-43] Exported 'D:/KAN/FPGA_Prj/KAN_V1/KAN_V1.sim/sim_1/behav/xsim/layer0_coeff_in1_out1.mif'
INFO: [SIM-utils-43] Exported 'D:/KAN/FPGA_Prj/KAN_V1/KAN_V1.sim/sim_1/behav/xsim/layer0_coeff_in1_out1.coe'
INFO: [SIM-utils-43] Exported 'D:/KAN/FPGA_Prj/KAN_V1/KAN_V1.sim/sim_1/behav/xsim/layer0_coeff_in1_out2.mif'
INFO: [SIM-utils-43] Exported 'D:/KAN/FPGA_Prj/KAN_V1/KAN_V1.sim/sim_1/behav/xsim/layer0_coeff_in1_out2.coe'
INFO: [SIM-utils-43] Exported 'D:/KAN/FPGA_Prj/KAN_V1/KAN_V1.sim/sim_1/behav/xsim/layer0_coeff_in1_out3.mif'
INFO: [SIM-utils-43] Exported 'D:/KAN/FPGA_Prj/KAN_V1/KAN_V1.sim/sim_1/behav/xsim/layer0_coeff_in1_out3.coe'
INFO: [SIM-utils-43] Exported 'D:/KAN/FPGA_Prj/KAN_V1/KAN_V1.sim/sim_1/behav/xsim/layer0_coeff_in1_out4.mif'
INFO: [SIM-utils-43] Exported 'D:/KAN/FPGA_Prj/KAN_V1/KAN_V1.sim/sim_1/behav/xsim/layer0_coeff_in1_out4.coe'
INFO: [SIM-utils-43] Exported 'D:/KAN/FPGA_Prj/KAN_V1/KAN_V1.sim/sim_1/behav/xsim/layer0_coeff_in2_out0.mif'
INFO: [SIM-utils-43] Exported 'D:/KAN/FPGA_Prj/KAN_V1/KAN_V1.sim/sim_1/behav/xsim/layer0_coeff_in2_out0.coe'
INFO: [SIM-utils-43] Exported 'D:/KAN/FPGA_Prj/KAN_V1/KAN_V1.sim/sim_1/behav/xsim/layer0_coeff_in2_out1.mif'
INFO: [SIM-utils-43] Exported 'D:/KAN/FPGA_Prj/KAN_V1/KAN_V1.sim/sim_1/behav/xsim/layer0_coeff_in2_out1.coe'
INFO: [SIM-utils-43] Exported 'D:/KAN/FPGA_Prj/KAN_V1/KAN_V1.sim/sim_1/behav/xsim/layer0_coeff_in2_out2.mif'
INFO: [SIM-utils-43] Exported 'D:/KAN/FPGA_Prj/KAN_V1/KAN_V1.sim/sim_1/behav/xsim/layer0_coeff_in2_out2.coe'
INFO: [SIM-utils-43] Exported 'D:/KAN/FPGA_Prj/KAN_V1/KAN_V1.sim/sim_1/behav/xsim/layer0_coeff_in2_out3.mif'
INFO: [SIM-utils-43] Exported 'D:/KAN/FPGA_Prj/KAN_V1/KAN_V1.sim/sim_1/behav/xsim/layer0_coeff_in2_out3.coe'
INFO: [SIM-utils-43] Exported 'D:/KAN/FPGA_Prj/KAN_V1/KAN_V1.sim/sim_1/behav/xsim/layer0_coeff_in2_out4.mif'
INFO: [SIM-utils-43] Exported 'D:/KAN/FPGA_Prj/KAN_V1/KAN_V1.sim/sim_1/behav/xsim/layer0_coeff_in2_out4.coe'
INFO: [SIM-utils-43] Exported 'D:/KAN/FPGA_Prj/KAN_V1/KAN_V1.sim/sim_1/behav/xsim/layer1_coeff_in0_out0.mif'
INFO: [SIM-utils-43] Exported 'D:/KAN/FPGA_Prj/KAN_V1/KAN_V1.sim/sim_1/behav/xsim/layer1_coeff_in0_out0.coe'
INFO: [SIM-utils-43] Exported 'D:/KAN/FPGA_Prj/KAN_V1/KAN_V1.sim/sim_1/behav/xsim/layer1_coeff_in1_out0.mif'
INFO: [SIM-utils-43] Exported 'D:/KAN/FPGA_Prj/KAN_V1/KAN_V1.sim/sim_1/behav/xsim/layer1_coeff_in1_out0.coe'
INFO: [SIM-utils-43] Exported 'D:/KAN/FPGA_Prj/KAN_V1/KAN_V1.sim/sim_1/behav/xsim/layer1_coeff_in2_out0.mif'
INFO: [SIM-utils-43] Exported 'D:/KAN/FPGA_Prj/KAN_V1/KAN_V1.sim/sim_1/behav/xsim/layer1_coeff_in2_out0.coe'
INFO: [SIM-utils-43] Exported 'D:/KAN/FPGA_Prj/KAN_V1/KAN_V1.sim/sim_1/behav/xsim/layer1_coeff_in3_out0.mif'
INFO: [SIM-utils-43] Exported 'D:/KAN/FPGA_Prj/KAN_V1/KAN_V1.sim/sim_1/behav/xsim/layer1_coeff_in3_out0.coe'
INFO: [SIM-utils-43] Exported 'D:/KAN/FPGA_Prj/KAN_V1/KAN_V1.sim/sim_1/behav/xsim/layer1_coeff_in4_out0.mif'
INFO: [SIM-utils-43] Exported 'D:/KAN/FPGA_Prj/KAN_V1/KAN_V1.sim/sim_1/behav/xsim/layer1_coeff_in4_out0.coe'
INFO: [USF-XSim-97] Finding global include files...
INFO: [USF-XSim-98] Fetching design files from 'sim_1'...
INFO: [USF-XSim-2] XSim::Compile design
INFO: [USF-XSim-61] Executing 'COMPILE and ANALYZE' step in 'D:/KAN/FPGA_Prj/KAN_V1/KAN_V1.sim/sim_1/behav/xsim'
"xvlog --incr --relax -L uvm -prj tb_bsu_vlog.prj"
ECHO 处于关闭状态。
ECHO 处于关闭状态。
INFO: [VRFC 10-2263] Analyzing Verilog file "D:/KAN/FPGA_Prj/KAN_V1/KAN_V1.gen/sources_1/ip/layer1_coeff_in4_out0/sim/layer1_coeff_in4_out0.v" into library xil_defaultlib
INFO: [VRFC 10-311] analyzing module layer1_coeff_in4_out0
INFO: [VRFC 10-2263] Analyzing Verilog file "D:/KAN/FPGA_Prj/KAN_V1/KAN_V1.gen/sources_1/ip/layer1_coeff_in3_out0/sim/layer1_coeff_in3_out0.v" into library xil_defaultlib
INFO: [VRFC 10-311] analyzing module layer1_coeff_in3_out0
INFO: [VRFC 10-2263] Analyzing Verilog file "D:/KAN/FPGA_Prj/KAN_V1/KAN_V1.gen/sources_1/ip/layer1_coeff_in2_out0/sim/layer1_coeff_in2_out0.v" into library xil_defaultlib
INFO: [VRFC 10-311] analyzing module layer1_coeff_in2_out0
INFO: [VRFC 10-2263] Analyzing Verilog file "D:/KAN/FPGA_Prj/KAN_V1/KAN_V1.gen/sources_1/ip/layer1_coeff_in1_out0/sim/layer1_coeff_in1_out0.v" into library xil_defaultlib
INFO: [VRFC 10-311] analyzing module layer1_coeff_in1_out0
INFO: [VRFC 10-2263] Analyzing Verilog file "D:/KAN/FPGA_Prj/KAN_V1/KAN_V1.gen/sources_1/ip/layer1_coeff_in0_out0/sim/layer1_coeff_in0_out0.v" into library xil_defaultlib
INFO: [VRFC 10-311] analyzing module layer1_coeff_in0_out0
INFO: [VRFC 10-2263] Analyzing Verilog file "D:/KAN/FPGA_Prj/KAN_V1/KAN_V1.gen/sources_1/ip/layer0_coeff_in2_out4/sim/layer0_coeff_in2_out4.v" into library xil_defaultlib
INFO: [VRFC 10-311] analyzing module layer0_coeff_in2_out4
INFO: [VRFC 10-2263] Analyzing Verilog file "D:/KAN/FPGA_Prj/KAN_V1/KAN_V1.gen/sources_1/ip/layer0_coeff_in2_out3/sim/layer0_coeff_in2_out3.v" into library xil_defaultlib
INFO: [VRFC 10-311] analyzing module layer0_coeff_in2_out3
INFO: [VRFC 10-2263] Analyzing Verilog file "D:/KAN/FPGA_Prj/KAN_V1/KAN_V1.gen/sources_1/ip/layer0_coeff_in2_out2/sim/layer0_coeff_in2_out2.v" into library xil_defaultlib
INFO: [VRFC 10-311] analyzing module layer0_coeff_in2_out2
INFO: [VRFC 10-2263] Analyzing Verilog file "D:/KAN/FPGA_Prj/KAN_V1/KAN_V1.gen/sources_1/ip/layer0_coeff_in2_out1/sim/layer0_coeff_in2_out1.v" into library xil_defaultlib
INFO: [VRFC 10-311] analyzing module layer0_coeff_in2_out1
INFO: [VRFC 10-2263] Analyzing Verilog file "D:/KAN/FPGA_Prj/KAN_V1/KAN_V1.gen/sources_1/ip/layer0_coeff_in2_out0/sim/layer0_coeff_in2_out0.v" into library xil_defaultlib
INFO: [VRFC 10-311] analyzing module layer0_coeff_in2_out0
INFO: [VRFC 10-2263] Analyzing Verilog file "D:/KAN/FPGA_Prj/KAN_V1/KAN_V1.gen/sources_1/ip/layer0_coeff_in1_out4/sim/layer0_coeff_in1_out4.v" into library xil_defaultlib
INFO: [VRFC 10-311] analyzing module layer0_coeff_in1_out4
INFO: [VRFC 10-2263] Analyzing Verilog file "D:/KAN/FPGA_Prj/KAN_V1/KAN_V1.gen/sources_1/ip/layer0_coeff_in1_out3/sim/layer0_coeff_in1_out3.v" into library xil_defaultlib
INFO: [VRFC 10-311] analyzing module layer0_coeff_in1_out3
INFO: [VRFC 10-2263] Analyzing Verilog file "D:/KAN/FPGA_Prj/KAN_V1/KAN_V1.gen/sources_1/ip/layer0_coeff_in1_out2/sim/layer0_coeff_in1_out2.v" into library xil_defaultlib
INFO: [VRFC 10-311] analyzing module layer0_coeff_in1_out2
INFO: [VRFC 10-2263] Analyzing Verilog file "D:/KAN/FPGA_Prj/KAN_V1/KAN_V1.gen/sources_1/ip/layer0_coeff_in1_out1/sim/layer0_coeff_in1_out1.v" into library xil_defaultlib
INFO: [VRFC 10-311] analyzing module layer0_coeff_in1_out1
INFO: [VRFC 10-2263] Analyzing Verilog file "D:/KAN/FPGA_Prj/KAN_V1/KAN_V1.gen/sources_1/ip/layer0_coeff_in1_out0/sim/layer0_coeff_in1_out0.v" into library xil_defaultlib
INFO: [VRFC 10-311] analyzing module layer0_coeff_in1_out0
INFO: [VRFC 10-2263] Analyzing Verilog file "D:/KAN/FPGA_Prj/KAN_V1/KAN_V1.gen/sources_1/ip/layer0_coeff_in0_out4/sim/layer0_coeff_in0_out4.v" into library xil_defaultlib
INFO: [VRFC 10-311] analyzing module layer0_coeff_in0_out4
INFO: [VRFC 10-2263] Analyzing Verilog file "D:/KAN/FPGA_Prj/KAN_V1/KAN_V1.gen/sources_1/ip/layer0_coeff_in0_out3/sim/layer0_coeff_in0_out3.v" into library xil_defaultlib
INFO: [VRFC 10-311] analyzing module layer0_coeff_in0_out3
INFO: [VRFC 10-2263] Analyzing Verilog file "D:/KAN/FPGA_Prj/KAN_V1/KAN_V1.gen/sources_1/ip/layer0_coeff_in0_out2/sim/layer0_coeff_in0_out2.v" into library xil_defaultlib
INFO: [VRFC 10-311] analyzing module layer0_coeff_in0_out2
INFO: [VRFC 10-2263] Analyzing Verilog file "D:/KAN/FPGA_Prj/KAN_V1/KAN_V1.gen/sources_1/ip/layer0_coeff_in0_out1/sim/layer0_coeff_in0_out1.v" into library xil_defaultlib
INFO: [VRFC 10-311] analyzing module layer0_coeff_in0_out1
INFO: [VRFC 10-2263] Analyzing Verilog file "D:/KAN/FPGA_Prj/KAN_V1/KAN_V1.gen/sources_1/ip/layer0_coeff_in0_out0/sim/layer0_coeff_in0_out0.v" into library xil_defaultlib
INFO: [VRFC 10-311] analyzing module layer0_coeff_in0_out0
INFO: [VRFC 10-2263] Analyzing Verilog file "D:/KAN/FPGA_Prj/KAN_V1/KAN_V1.srcs/sources_1/new/BSU.v" into library xil_defaultlib
INFO: [VRFC 10-311] analyzing module BSU
INFO: [VRFC 10-2263] Analyzing Verilog file "D:/KAN/FPGA_Prj/KAN_V1/KAN_V1.srcs/sources_1/new/internal_finder.v" into library xil_defaultlib
INFO: [VRFC 10-311] analyzing module internal_finder
INFO: [VRFC 10-2263] Analyzing Verilog file "D:/KAN/FPGA_Prj/KAN_V1/KAN_V1.srcs/sources_1/new/mac.v" into library xil_defaultlib
INFO: [VRFC 10-311] analyzing module mac
INFO: [VRFC 10-2263] Analyzing Verilog file "D:/KAN/FPGA_Prj/KAN_V1/KAN_V1.srcs/sources_1/new/multiplier.v" into library xil_defaultlib
INFO: [VRFC 10-311] analyzing module multiplier
INFO: [USF-XSim-69] 'compile' step finished in '3' seconds
INFO: [USF-XSim-3] XSim::Elaborate design
INFO: [USF-XSim-61] Executing 'ELABORATE' step in 'D:/KAN/FPGA_Prj/KAN_V1/KAN_V1.sim/sim_1/behav/xsim'
"xelab --incr --debug typical --relax --mt 2 -L xil_defaultlib -L blk_mem_gen_v8_4_7 -L uvm -L unisims_ver -L unimacro_ver -L secureip -L xpm --snapshot tb_bsu_behav xil_defaultlib.tb_bsu xil_defaultlib.glbl -log elaborate.log"
ECHO 处于关闭状态。
ECHO 处于关闭状态。
Vivado Simulator v2023.2
Copyright 1986-2022 Xilinx, Inc. All Rights Reserved.
Copyright 2022-2023 Advanced Micro Devices, Inc. All Rights Reserved.
Running: D:/Xilinx/Vivado/2023.2/bin/unwrapped/win64.o/xelab.exe --incr --debug typical --relax --mt 2 -L xil_defaultlib -L blk_mem_gen_v8_4_7 -L uvm -L unisims_ver -L unimacro_ver -L secureip -L xpm --snapshot tb_bsu_behav xil_defaultlib.tb_bsu xil_defaultlib.glbl -log elaborate.log 
Using 2 slave threads.
Starting static elaboration
Pass Through NonSizing Optimizer
WARNING: [VRFC 10-3091] actual bit length 32 differs from formal bit length 5 for port 'channel0_cs' [D:/KAN/FPGA_Prj/KAN_V1/KAN_V1.srcs/sim_1/new/tb_bsu.v:46]
WARNING: [VRFC 10-3091] actual bit length 32 differs from formal bit length 7 for port 'addra' [D:/KAN/FPGA_Prj/KAN_V1/KAN_V1.srcs/sources_1/new/Coeff_Rom.sv:211]
WARNING: [VRFC 10-3091] actual bit length 32 differs from formal bit length 6 for port 'addra' [D:/KAN/FPGA_Prj/KAN_V1/KAN_V1.srcs/sources_1/new/Coeff_Rom.sv:217]
WARNING: [VRFC 10-3091] actual bit length 32 differs from formal bit length 6 for port 'addra' [D:/KAN/FPGA_Prj/KAN_V1/KAN_V1.srcs/sources_1/new/Coeff_Rom.sv:223]
WARNING: [VRFC 10-3091] actual bit length 32 differs from formal bit length 6 for port 'addra' [D:/KAN/FPGA_Prj/KAN_V1/KAN_V1.srcs/sources_1/new/Coeff_Rom.sv:229]
WARNING: [VRFC 10-3091] actual bit length 32 differs from formal bit length 6 for port 'addra' [D:/KAN/FPGA_Prj/KAN_V1/KAN_V1.srcs/sources_1/new/Coeff_Rom.sv:235]
WARNING: [VRFC 10-3091] actual bit length 32 differs from formal bit length 6 for port 'addra' [D:/KAN/FPGA_Prj/KAN_V1/KAN_V1.srcs/sources_1/new/Coeff_Rom.sv:243]
WARNING: [VRFC 10-3091] actual bit length 32 differs from formal bit length 6 for port 'addra' [D:/KAN/FPGA_Prj/KAN_V1/KAN_V1.srcs/sources_1/new/Coeff_Rom.sv:249]
WARNING: [VRFC 10-3091] actual bit length 32 differs from formal bit length 6 for port 'addra' [D:/KAN/FPGA_Prj/KAN_V1/KAN_V1.srcs/sources_1/new/Coeff_Rom.sv:255]
WARNING: [VRFC 10-3091] actual bit length 32 differs from formal bit length 6 for port 'addra' [D:/KAN/FPGA_Prj/KAN_V1/KAN_V1.srcs/sources_1/new/Coeff_Rom.sv:262]
WARNING: [VRFC 10-3091] actual bit length 32 differs from formal bit length 6 for port 'addra' [D:/KAN/FPGA_Prj/KAN_V1/KAN_V1.srcs/sources_1/new/Coeff_Rom.sv:269]
WARNING: [VRFC 10-3091] actual bit length 32 differs from formal bit length 6 for port 'addra' [D:/KAN/FPGA_Prj/KAN_V1/KAN_V1.srcs/sources_1/new/Coeff_Rom.sv:276]
WARNING: [VRFC 10-3091] actual bit length 32 differs from formal bit length 6 for port 'addra' [D:/KAN/FPGA_Prj/KAN_V1/KAN_V1.srcs/sources_1/new/Coeff_Rom.sv:282]
WARNING: [VRFC 10-3091] actual bit length 32 differs from formal bit length 6 for port 'addra' [D:/KAN/FPGA_Prj/KAN_V1/KAN_V1.srcs/sources_1/new/Coeff_Rom.sv:288]
WARNING: [VRFC 10-3091] actual bit length 32 differs from formal bit length 6 for port 'addra' [D:/KAN/FPGA_Prj/KAN_V1/KAN_V1.srcs/sources_1/new/Coeff_Rom.sv:294]
WARNING: [VRFC 10-3091] actual bit length 32 differs from formal bit length 6 for port 'addra' [D:/KAN/FPGA_Prj/KAN_V1/KAN_V1.srcs/sources_1/new/Coeff_Rom.sv:300]
WARNING: [VRFC 10-3091] actual bit length 32 differs from formal bit length 6 for port 'addra' [D:/KAN/FPGA_Prj/KAN_V1/KAN_V1.srcs/sources_1/new/Coeff_Rom.sv:307]
WARNING: [VRFC 10-3091] actual bit length 32 differs from formal bit length 6 for port 'addra' [D:/KAN/FPGA_Prj/KAN_V1/KAN_V1.srcs/sources_1/new/Coeff_Rom.sv:313]
WARNING: [VRFC 10-3091] actual bit length 32 differs from formal bit length 6 for port 'addra' [D:/KAN/FPGA_Prj/KAN_V1/KAN_V1.srcs/sources_1/new/Coeff_Rom.sv:319]
WARNING: [VRFC 10-3091] actual bit length 32 differs from formal bit length 6 for port 'addra' [D:/KAN/FPGA_Prj/KAN_V1/KAN_V1.srcs/sources_1/new/Coeff_Rom.sv:325]
WARNING: [VRFC 10-3091] actual bit length 32 differs from formal bit length 6 for port 'addra' [D:/KAN/FPGA_Prj/KAN_V1/KAN_V1.srcs/sources_1/new/Coeff_Rom.sv:331]
ERROR: [VRFC 10-3236] concurrent assignment to a non-net 'x' is not permitted [D:/KAN/FPGA_Prj/KAN_V1/KAN_V1.srcs/sources_1/new/BSU.v:92]
ERROR: [VRFC 10-3236] concurrent assignment to a non-net 'internal_finder_status' is not permitted [D:/KAN/FPGA_Prj/KAN_V1/KAN_V1.srcs/sources_1/new/BSU.v:93]
ERROR: [VRFC 10-9171] mixed concurrent and procedural assignments on 'x' [D:/KAN/FPGA_Prj/KAN_V1/KAN_V1.srcs/sources_1/new/BSU.v:160]
ERROR: [XSIM 43-3322] Static elaboration of top level Verilog design unit(s) in library work failed.
INFO: [USF-XSim-69] 'elaborate' step finished in '4' seconds
INFO: [USF-XSim-99] Step results log file:'D:/KAN/FPGA_Prj/KAN_V1/KAN_V1.sim/sim_1/behav/xsim/elaborate.log'
ERROR: [USF-XSim-62] 'elaborate' step failed with error(s). Please check the Tcl console output or 'D:/KAN/FPGA_Prj/KAN_V1/KAN_V1.sim/sim_1/behav/xsim/elaborate.log' file for more information.
ERROR: [Vivado 12-4473] Detected error while running simulation. Please correct the issue and retry this operation.
launch_simulation: Time (s): cpu = 00:00:02 ; elapsed = 00:00:08 . Memory (MB): peak = 1594.961 ; gain = 0.000
ERROR: [Common 17-39] 'launch_simulation' failed due to earlier errors.
launch_simulation
Command: launch_simulation 
INFO: [Vivado 12-12493] Simulation top is 'tb_bsu'
WARNING: [Vivado 12-13340] Unable to auto find GCC executables from simulator install path! (path not set)
INFO: [Vivado 12-5682] Launching behavioral simulation in 'D:/KAN/FPGA_Prj/KAN_V1/KAN_V1.sim/sim_1/behav/xsim'
INFO: [SIM-utils-51] Simulation object is 'sim_1'
INFO: [SIM-utils-72] Using boost library from 'D:/Xilinx/Vivado/2023.2/tps/boost_1_72_0'
INFO: [USF-XSim-7] Finding pre-compiled libraries...
INFO: [USF-XSim-11] File 'D:/Xilinx/Vivado/2023.2/data/xsim/xsim.ini' copied to run dir:'D:/KAN/FPGA_Prj/KAN_V1/KAN_V1.sim/sim_1/behav/xsim'
INFO: [SIM-utils-54] Inspecting design source files for 'tb_bsu' in fileset 'sim_1'...
INFO: [SIM-utils-43] Exported 'D:/KAN/FPGA_Prj/KAN_V1/KAN_V1.sim/sim_1/behav/xsim/layer0_coeff_in0_out0.mif'
INFO: [SIM-utils-43] Exported 'D:/KAN/FPGA_Prj/KAN_V1/KAN_V1.sim/sim_1/behav/xsim/layer0_coeff_in0_out0.coe'
INFO: [SIM-utils-43] Exported 'D:/KAN/FPGA_Prj/KAN_V1/KAN_V1.sim/sim_1/behav/xsim/layer0_coeff_in0_out1.mif'
INFO: [SIM-utils-43] Exported 'D:/KAN/FPGA_Prj/KAN_V1/KAN_V1.sim/sim_1/behav/xsim/layer0_coeff_in0_out1.coe'
INFO: [SIM-utils-43] Exported 'D:/KAN/FPGA_Prj/KAN_V1/KAN_V1.sim/sim_1/behav/xsim/layer0_coeff_in0_out2.mif'
INFO: [SIM-utils-43] Exported 'D:/KAN/FPGA_Prj/KAN_V1/KAN_V1.sim/sim_1/behav/xsim/layer0_coeff_in0_out2.coe'
INFO: [SIM-utils-43] Exported 'D:/KAN/FPGA_Prj/KAN_V1/KAN_V1.sim/sim_1/behav/xsim/layer0_coeff_in0_out3.mif'
INFO: [SIM-utils-43] Exported 'D:/KAN/FPGA_Prj/KAN_V1/KAN_V1.sim/sim_1/behav/xsim/layer0_coeff_in0_out3.coe'
INFO: [SIM-utils-43] Exported 'D:/KAN/FPGA_Prj/KAN_V1/KAN_V1.sim/sim_1/behav/xsim/layer0_coeff_in0_out4.mif'
INFO: [SIM-utils-43] Exported 'D:/KAN/FPGA_Prj/KAN_V1/KAN_V1.sim/sim_1/behav/xsim/layer0_coeff_in0_out4.coe'
INFO: [SIM-utils-43] Exported 'D:/KAN/FPGA_Prj/KAN_V1/KAN_V1.sim/sim_1/behav/xsim/layer0_coeff_in1_out0.mif'
INFO: [SIM-utils-43] Exported 'D:/KAN/FPGA_Prj/KAN_V1/KAN_V1.sim/sim_1/behav/xsim/layer0_coeff_in1_out0.coe'
INFO: [SIM-utils-43] Exported 'D:/KAN/FPGA_Prj/KAN_V1/KAN_V1.sim/sim_1/behav/xsim/layer0_coeff_in1_out1.mif'
INFO: [SIM-utils-43] Exported 'D:/KAN/FPGA_Prj/KAN_V1/KAN_V1.sim/sim_1/behav/xsim/layer0_coeff_in1_out1.coe'
INFO: [SIM-utils-43] Exported 'D:/KAN/FPGA_Prj/KAN_V1/KAN_V1.sim/sim_1/behav/xsim/layer0_coeff_in1_out2.mif'
INFO: [SIM-utils-43] Exported 'D:/KAN/FPGA_Prj/KAN_V1/KAN_V1.sim/sim_1/behav/xsim/layer0_coeff_in1_out2.coe'
INFO: [SIM-utils-43] Exported 'D:/KAN/FPGA_Prj/KAN_V1/KAN_V1.sim/sim_1/behav/xsim/layer0_coeff_in1_out3.mif'
INFO: [SIM-utils-43] Exported 'D:/KAN/FPGA_Prj/KAN_V1/KAN_V1.sim/sim_1/behav/xsim/layer0_coeff_in1_out3.coe'
INFO: [SIM-utils-43] Exported 'D:/KAN/FPGA_Prj/KAN_V1/KAN_V1.sim/sim_1/behav/xsim/layer0_coeff_in1_out4.mif'
INFO: [SIM-utils-43] Exported 'D:/KAN/FPGA_Prj/KAN_V1/KAN_V1.sim/sim_1/behav/xsim/layer0_coeff_in1_out4.coe'
INFO: [SIM-utils-43] Exported 'D:/KAN/FPGA_Prj/KAN_V1/KAN_V1.sim/sim_1/behav/xsim/layer0_coeff_in2_out0.mif'
INFO: [SIM-utils-43] Exported 'D:/KAN/FPGA_Prj/KAN_V1/KAN_V1.sim/sim_1/behav/xsim/layer0_coeff_in2_out0.coe'
INFO: [SIM-utils-43] Exported 'D:/KAN/FPGA_Prj/KAN_V1/KAN_V1.sim/sim_1/behav/xsim/layer0_coeff_in2_out1.mif'
INFO: [SIM-utils-43] Exported 'D:/KAN/FPGA_Prj/KAN_V1/KAN_V1.sim/sim_1/behav/xsim/layer0_coeff_in2_out1.coe'
INFO: [SIM-utils-43] Exported 'D:/KAN/FPGA_Prj/KAN_V1/KAN_V1.sim/sim_1/behav/xsim/layer0_coeff_in2_out2.mif'
INFO: [SIM-utils-43] Exported 'D:/KAN/FPGA_Prj/KAN_V1/KAN_V1.sim/sim_1/behav/xsim/layer0_coeff_in2_out2.coe'
INFO: [SIM-utils-43] Exported 'D:/KAN/FPGA_Prj/KAN_V1/KAN_V1.sim/sim_1/behav/xsim/layer0_coeff_in2_out3.mif'
INFO: [SIM-utils-43] Exported 'D:/KAN/FPGA_Prj/KAN_V1/KAN_V1.sim/sim_1/behav/xsim/layer0_coeff_in2_out3.coe'
INFO: [SIM-utils-43] Exported 'D:/KAN/FPGA_Prj/KAN_V1/KAN_V1.sim/sim_1/behav/xsim/layer0_coeff_in2_out4.mif'
INFO: [SIM-utils-43] Exported 'D:/KAN/FPGA_Prj/KAN_V1/KAN_V1.sim/sim_1/behav/xsim/layer0_coeff_in2_out4.coe'
INFO: [SIM-utils-43] Exported 'D:/KAN/FPGA_Prj/KAN_V1/KAN_V1.sim/sim_1/behav/xsim/layer1_coeff_in0_out0.mif'
INFO: [SIM-utils-43] Exported 'D:/KAN/FPGA_Prj/KAN_V1/KAN_V1.sim/sim_1/behav/xsim/layer1_coeff_in0_out0.coe'
INFO: [SIM-utils-43] Exported 'D:/KAN/FPGA_Prj/KAN_V1/KAN_V1.sim/sim_1/behav/xsim/layer1_coeff_in1_out0.mif'
INFO: [SIM-utils-43] Exported 'D:/KAN/FPGA_Prj/KAN_V1/KAN_V1.sim/sim_1/behav/xsim/layer1_coeff_in1_out0.coe'
INFO: [SIM-utils-43] Exported 'D:/KAN/FPGA_Prj/KAN_V1/KAN_V1.sim/sim_1/behav/xsim/layer1_coeff_in2_out0.mif'
INFO: [SIM-utils-43] Exported 'D:/KAN/FPGA_Prj/KAN_V1/KAN_V1.sim/sim_1/behav/xsim/layer1_coeff_in2_out0.coe'
INFO: [SIM-utils-43] Exported 'D:/KAN/FPGA_Prj/KAN_V1/KAN_V1.sim/sim_1/behav/xsim/layer1_coeff_in3_out0.mif'
INFO: [SIM-utils-43] Exported 'D:/KAN/FPGA_Prj/KAN_V1/KAN_V1.sim/sim_1/behav/xsim/layer1_coeff_in3_out0.coe'
INFO: [SIM-utils-43] Exported 'D:/KAN/FPGA_Prj/KAN_V1/KAN_V1.sim/sim_1/behav/xsim/layer1_coeff_in4_out0.mif'
INFO: [SIM-utils-43] Exported 'D:/KAN/FPGA_Prj/KAN_V1/KAN_V1.sim/sim_1/behav/xsim/layer1_coeff_in4_out0.coe'
INFO: [USF-XSim-97] Finding global include files...
INFO: [USF-XSim-98] Fetching design files from 'sim_1'...
INFO: [USF-XSim-2] XSim::Compile design
INFO: [USF-XSim-61] Executing 'COMPILE and ANALYZE' step in 'D:/KAN/FPGA_Prj/KAN_V1/KAN_V1.sim/sim_1/behav/xsim'
"xvlog --incr --relax -L uvm -prj tb_bsu_vlog.prj"
ECHO 处于关闭状态。
ECHO 处于关闭状态。
INFO: [VRFC 10-2263] Analyzing Verilog file "D:/KAN/FPGA_Prj/KAN_V1/KAN_V1.gen/sources_1/ip/layer1_coeff_in4_out0/sim/layer1_coeff_in4_out0.v" into library xil_defaultlib
INFO: [VRFC 10-311] analyzing module layer1_coeff_in4_out0
INFO: [VRFC 10-2263] Analyzing Verilog file "D:/KAN/FPGA_Prj/KAN_V1/KAN_V1.gen/sources_1/ip/layer1_coeff_in3_out0/sim/layer1_coeff_in3_out0.v" into library xil_defaultlib
INFO: [VRFC 10-311] analyzing module layer1_coeff_in3_out0
INFO: [VRFC 10-2263] Analyzing Verilog file "D:/KAN/FPGA_Prj/KAN_V1/KAN_V1.gen/sources_1/ip/layer1_coeff_in2_out0/sim/layer1_coeff_in2_out0.v" into library xil_defaultlib
INFO: [VRFC 10-311] analyzing module layer1_coeff_in2_out0
INFO: [VRFC 10-2263] Analyzing Verilog file "D:/KAN/FPGA_Prj/KAN_V1/KAN_V1.gen/sources_1/ip/layer1_coeff_in1_out0/sim/layer1_coeff_in1_out0.v" into library xil_defaultlib
INFO: [VRFC 10-311] analyzing module layer1_coeff_in1_out0
INFO: [VRFC 10-2263] Analyzing Verilog file "D:/KAN/FPGA_Prj/KAN_V1/KAN_V1.gen/sources_1/ip/layer1_coeff_in0_out0/sim/layer1_coeff_in0_out0.v" into library xil_defaultlib
INFO: [VRFC 10-311] analyzing module layer1_coeff_in0_out0
INFO: [VRFC 10-2263] Analyzing Verilog file "D:/KAN/FPGA_Prj/KAN_V1/KAN_V1.gen/sources_1/ip/layer0_coeff_in2_out4/sim/layer0_coeff_in2_out4.v" into library xil_defaultlib
INFO: [VRFC 10-311] analyzing module layer0_coeff_in2_out4
INFO: [VRFC 10-2263] Analyzing Verilog file "D:/KAN/FPGA_Prj/KAN_V1/KAN_V1.gen/sources_1/ip/layer0_coeff_in2_out3/sim/layer0_coeff_in2_out3.v" into library xil_defaultlib
INFO: [VRFC 10-311] analyzing module layer0_coeff_in2_out3
INFO: [VRFC 10-2263] Analyzing Verilog file "D:/KAN/FPGA_Prj/KAN_V1/KAN_V1.gen/sources_1/ip/layer0_coeff_in2_out2/sim/layer0_coeff_in2_out2.v" into library xil_defaultlib
INFO: [VRFC 10-311] analyzing module layer0_coeff_in2_out2
INFO: [VRFC 10-2263] Analyzing Verilog file "D:/KAN/FPGA_Prj/KAN_V1/KAN_V1.gen/sources_1/ip/layer0_coeff_in2_out1/sim/layer0_coeff_in2_out1.v" into library xil_defaultlib
INFO: [VRFC 10-311] analyzing module layer0_coeff_in2_out1
INFO: [VRFC 10-2263] Analyzing Verilog file "D:/KAN/FPGA_Prj/KAN_V1/KAN_V1.gen/sources_1/ip/layer0_coeff_in2_out0/sim/layer0_coeff_in2_out0.v" into library xil_defaultlib
INFO: [VRFC 10-311] analyzing module layer0_coeff_in2_out0
INFO: [VRFC 10-2263] Analyzing Verilog file "D:/KAN/FPGA_Prj/KAN_V1/KAN_V1.gen/sources_1/ip/layer0_coeff_in1_out4/sim/layer0_coeff_in1_out4.v" into library xil_defaultlib
INFO: [VRFC 10-311] analyzing module layer0_coeff_in1_out4
INFO: [VRFC 10-2263] Analyzing Verilog file "D:/KAN/FPGA_Prj/KAN_V1/KAN_V1.gen/sources_1/ip/layer0_coeff_in1_out3/sim/layer0_coeff_in1_out3.v" into library xil_defaultlib
INFO: [VRFC 10-311] analyzing module layer0_coeff_in1_out3
INFO: [VRFC 10-2263] Analyzing Verilog file "D:/KAN/FPGA_Prj/KAN_V1/KAN_V1.gen/sources_1/ip/layer0_coeff_in1_out2/sim/layer0_coeff_in1_out2.v" into library xil_defaultlib
INFO: [VRFC 10-311] analyzing module layer0_coeff_in1_out2
INFO: [VRFC 10-2263] Analyzing Verilog file "D:/KAN/FPGA_Prj/KAN_V1/KAN_V1.gen/sources_1/ip/layer0_coeff_in1_out1/sim/layer0_coeff_in1_out1.v" into library xil_defaultlib
INFO: [VRFC 10-311] analyzing module layer0_coeff_in1_out1
INFO: [VRFC 10-2263] Analyzing Verilog file "D:/KAN/FPGA_Prj/KAN_V1/KAN_V1.gen/sources_1/ip/layer0_coeff_in1_out0/sim/layer0_coeff_in1_out0.v" into library xil_defaultlib
INFO: [VRFC 10-311] analyzing module layer0_coeff_in1_out0
INFO: [VRFC 10-2263] Analyzing Verilog file "D:/KAN/FPGA_Prj/KAN_V1/KAN_V1.gen/sources_1/ip/layer0_coeff_in0_out4/sim/layer0_coeff_in0_out4.v" into library xil_defaultlib
INFO: [VRFC 10-311] analyzing module layer0_coeff_in0_out4
INFO: [VRFC 10-2263] Analyzing Verilog file "D:/KAN/FPGA_Prj/KAN_V1/KAN_V1.gen/sources_1/ip/layer0_coeff_in0_out3/sim/layer0_coeff_in0_out3.v" into library xil_defaultlib
INFO: [VRFC 10-311] analyzing module layer0_coeff_in0_out3
INFO: [VRFC 10-2263] Analyzing Verilog file "D:/KAN/FPGA_Prj/KAN_V1/KAN_V1.gen/sources_1/ip/layer0_coeff_in0_out2/sim/layer0_coeff_in0_out2.v" into library xil_defaultlib
INFO: [VRFC 10-311] analyzing module layer0_coeff_in0_out2
INFO: [VRFC 10-2263] Analyzing Verilog file "D:/KAN/FPGA_Prj/KAN_V1/KAN_V1.gen/sources_1/ip/layer0_coeff_in0_out1/sim/layer0_coeff_in0_out1.v" into library xil_defaultlib
INFO: [VRFC 10-311] analyzing module layer0_coeff_in0_out1
INFO: [VRFC 10-2263] Analyzing Verilog file "D:/KAN/FPGA_Prj/KAN_V1/KAN_V1.gen/sources_1/ip/layer0_coeff_in0_out0/sim/layer0_coeff_in0_out0.v" into library xil_defaultlib
INFO: [VRFC 10-311] analyzing module layer0_coeff_in0_out0
INFO: [VRFC 10-2263] Analyzing Verilog file "D:/KAN/FPGA_Prj/KAN_V1/KAN_V1.srcs/sources_1/new/BSU.v" into library xil_defaultlib
INFO: [VRFC 10-311] analyzing module BSU
INFO: [VRFC 10-2263] Analyzing Verilog file "D:/KAN/FPGA_Prj/KAN_V1/KAN_V1.srcs/sources_1/new/internal_finder.v" into library xil_defaultlib
INFO: [VRFC 10-311] analyzing module internal_finder
INFO: [VRFC 10-2263] Analyzing Verilog file "D:/KAN/FPGA_Prj/KAN_V1/KAN_V1.srcs/sources_1/new/mac.v" into library xil_defaultlib
INFO: [VRFC 10-311] analyzing module mac
INFO: [VRFC 10-2263] Analyzing Verilog file "D:/KAN/FPGA_Prj/KAN_V1/KAN_V1.srcs/sources_1/new/multiplier.v" into library xil_defaultlib
INFO: [VRFC 10-311] analyzing module multiplier
INFO: [USF-XSim-69] 'compile' step finished in '3' seconds
INFO: [USF-XSim-3] XSim::Elaborate design
INFO: [USF-XSim-61] Executing 'ELABORATE' step in 'D:/KAN/FPGA_Prj/KAN_V1/KAN_V1.sim/sim_1/behav/xsim'
"xelab --incr --debug typical --relax --mt 2 -L xil_defaultlib -L blk_mem_gen_v8_4_7 -L uvm -L unisims_ver -L unimacro_ver -L secureip -L xpm --snapshot tb_bsu_behav xil_defaultlib.tb_bsu xil_defaultlib.glbl -log elaborate.log"
ECHO 处于关闭状态。
ECHO 处于关闭状态。
Vivado Simulator v2023.2
Copyright 1986-2022 Xilinx, Inc. All Rights Reserved.
Copyright 2022-2023 Advanced Micro Devices, Inc. All Rights Reserved.
Running: D:/Xilinx/Vivado/2023.2/bin/unwrapped/win64.o/xelab.exe --incr --debug typical --relax --mt 2 -L xil_defaultlib -L blk_mem_gen_v8_4_7 -L uvm -L unisims_ver -L unimacro_ver -L secureip -L xpm --snapshot tb_bsu_behav xil_defaultlib.tb_bsu xil_defaultlib.glbl -log elaborate.log 
Using 2 slave threads.
Starting static elaboration
Pass Through NonSizing Optimizer
WARNING: [VRFC 10-3091] actual bit length 32 differs from formal bit length 5 for port 'channel0_cs' [D:/KAN/FPGA_Prj/KAN_V1/KAN_V1.srcs/sim_1/new/tb_bsu.v:46]
WARNING: [VRFC 10-3091] actual bit length 32 differs from formal bit length 7 for port 'addra' [D:/KAN/FPGA_Prj/KAN_V1/KAN_V1.srcs/sources_1/new/Coeff_Rom.sv:211]
WARNING: [VRFC 10-3091] actual bit length 32 differs from formal bit length 6 for port 'addra' [D:/KAN/FPGA_Prj/KAN_V1/KAN_V1.srcs/sources_1/new/Coeff_Rom.sv:217]
WARNING: [VRFC 10-3091] actual bit length 32 differs from formal bit length 6 for port 'addra' [D:/KAN/FPGA_Prj/KAN_V1/KAN_V1.srcs/sources_1/new/Coeff_Rom.sv:223]
WARNING: [VRFC 10-3091] actual bit length 32 differs from formal bit length 6 for port 'addra' [D:/KAN/FPGA_Prj/KAN_V1/KAN_V1.srcs/sources_1/new/Coeff_Rom.sv:229]
WARNING: [VRFC 10-3091] actual bit length 32 differs from formal bit length 6 for port 'addra' [D:/KAN/FPGA_Prj/KAN_V1/KAN_V1.srcs/sources_1/new/Coeff_Rom.sv:235]
WARNING: [VRFC 10-3091] actual bit length 32 differs from formal bit length 6 for port 'addra' [D:/KAN/FPGA_Prj/KAN_V1/KAN_V1.srcs/sources_1/new/Coeff_Rom.sv:243]
WARNING: [VRFC 10-3091] actual bit length 32 differs from formal bit length 6 for port 'addra' [D:/KAN/FPGA_Prj/KAN_V1/KAN_V1.srcs/sources_1/new/Coeff_Rom.sv:249]
WARNING: [VRFC 10-3091] actual bit length 32 differs from formal bit length 6 for port 'addra' [D:/KAN/FPGA_Prj/KAN_V1/KAN_V1.srcs/sources_1/new/Coeff_Rom.sv:255]
WARNING: [VRFC 10-3091] actual bit length 32 differs from formal bit length 6 for port 'addra' [D:/KAN/FPGA_Prj/KAN_V1/KAN_V1.srcs/sources_1/new/Coeff_Rom.sv:262]
WARNING: [VRFC 10-3091] actual bit length 32 differs from formal bit length 6 for port 'addra' [D:/KAN/FPGA_Prj/KAN_V1/KAN_V1.srcs/sources_1/new/Coeff_Rom.sv:269]
WARNING: [VRFC 10-3091] actual bit length 32 differs from formal bit length 6 for port 'addra' [D:/KAN/FPGA_Prj/KAN_V1/KAN_V1.srcs/sources_1/new/Coeff_Rom.sv:276]
WARNING: [VRFC 10-3091] actual bit length 32 differs from formal bit length 6 for port 'addra' [D:/KAN/FPGA_Prj/KAN_V1/KAN_V1.srcs/sources_1/new/Coeff_Rom.sv:282]
WARNING: [VRFC 10-3091] actual bit length 32 differs from formal bit length 6 for port 'addra' [D:/KAN/FPGA_Prj/KAN_V1/KAN_V1.srcs/sources_1/new/Coeff_Rom.sv:288]
WARNING: [VRFC 10-3091] actual bit length 32 differs from formal bit length 6 for port 'addra' [D:/KAN/FPGA_Prj/KAN_V1/KAN_V1.srcs/sources_1/new/Coeff_Rom.sv:294]
WARNING: [VRFC 10-3091] actual bit length 32 differs from formal bit length 6 for port 'addra' [D:/KAN/FPGA_Prj/KAN_V1/KAN_V1.srcs/sources_1/new/Coeff_Rom.sv:300]
WARNING: [VRFC 10-3091] actual bit length 32 differs from formal bit length 6 for port 'addra' [D:/KAN/FPGA_Prj/KAN_V1/KAN_V1.srcs/sources_1/new/Coeff_Rom.sv:307]
WARNING: [VRFC 10-3091] actual bit length 32 differs from formal bit length 6 for port 'addra' [D:/KAN/FPGA_Prj/KAN_V1/KAN_V1.srcs/sources_1/new/Coeff_Rom.sv:313]
WARNING: [VRFC 10-3091] actual bit length 32 differs from formal bit length 6 for port 'addra' [D:/KAN/FPGA_Prj/KAN_V1/KAN_V1.srcs/sources_1/new/Coeff_Rom.sv:319]
WARNING: [VRFC 10-3091] actual bit length 32 differs from formal bit length 6 for port 'addra' [D:/KAN/FPGA_Prj/KAN_V1/KAN_V1.srcs/sources_1/new/Coeff_Rom.sv:325]
WARNING: [VRFC 10-3091] actual bit length 32 differs from formal bit length 6 for port 'addra' [D:/KAN/FPGA_Prj/KAN_V1/KAN_V1.srcs/sources_1/new/Coeff_Rom.sv:331]
ERROR: [VRFC 10-3236] concurrent assignment to a non-net 'internal_finder_status' is not permitted [D:/KAN/FPGA_Prj/KAN_V1/KAN_V1.srcs/sources_1/new/BSU.v:95]
ERROR: [XSIM 43-3322] Static elaboration of top level Verilog design unit(s) in library work failed.
INFO: [USF-XSim-69] 'elaborate' step finished in '3' seconds
INFO: [USF-XSim-99] Step results log file:'D:/KAN/FPGA_Prj/KAN_V1/KAN_V1.sim/sim_1/behav/xsim/elaborate.log'
ERROR: [USF-XSim-62] 'elaborate' step failed with error(s). Please check the Tcl console output or 'D:/KAN/FPGA_Prj/KAN_V1/KAN_V1.sim/sim_1/behav/xsim/elaborate.log' file for more information.
ERROR: [Vivado 12-4473] Detected error while running simulation. Please correct the issue and retry this operation.
launch_simulation: Time (s): cpu = 00:00:02 ; elapsed = 00:00:08 . Memory (MB): peak = 1616.688 ; gain = 0.000
ERROR: [Common 17-39] 'launch_simulation' failed due to earlier errors.
launch_simulation
Command: launch_simulation 
INFO: [Vivado 12-12493] Simulation top is 'tb_bsu'
WARNING: [Vivado 12-13340] Unable to auto find GCC executables from simulator install path! (path not set)
INFO: [Vivado 12-5682] Launching behavioral simulation in 'D:/KAN/FPGA_Prj/KAN_V1/KAN_V1.sim/sim_1/behav/xsim'
INFO: [SIM-utils-51] Simulation object is 'sim_1'
INFO: [SIM-utils-72] Using boost library from 'D:/Xilinx/Vivado/2023.2/tps/boost_1_72_0'
INFO: [USF-XSim-7] Finding pre-compiled libraries...
INFO: [USF-XSim-11] File 'D:/Xilinx/Vivado/2023.2/data/xsim/xsim.ini' copied to run dir:'D:/KAN/FPGA_Prj/KAN_V1/KAN_V1.sim/sim_1/behav/xsim'
INFO: [SIM-utils-54] Inspecting design source files for 'tb_bsu' in fileset 'sim_1'...
INFO: [SIM-utils-43] Exported 'D:/KAN/FPGA_Prj/KAN_V1/KAN_V1.sim/sim_1/behav/xsim/layer0_coeff_in0_out0.mif'
INFO: [SIM-utils-43] Exported 'D:/KAN/FPGA_Prj/KAN_V1/KAN_V1.sim/sim_1/behav/xsim/layer0_coeff_in0_out0.coe'
INFO: [SIM-utils-43] Exported 'D:/KAN/FPGA_Prj/KAN_V1/KAN_V1.sim/sim_1/behav/xsim/layer0_coeff_in0_out1.mif'
INFO: [SIM-utils-43] Exported 'D:/KAN/FPGA_Prj/KAN_V1/KAN_V1.sim/sim_1/behav/xsim/layer0_coeff_in0_out1.coe'
INFO: [SIM-utils-43] Exported 'D:/KAN/FPGA_Prj/KAN_V1/KAN_V1.sim/sim_1/behav/xsim/layer0_coeff_in0_out2.mif'
INFO: [SIM-utils-43] Exported 'D:/KAN/FPGA_Prj/KAN_V1/KAN_V1.sim/sim_1/behav/xsim/layer0_coeff_in0_out2.coe'
INFO: [SIM-utils-43] Exported 'D:/KAN/FPGA_Prj/KAN_V1/KAN_V1.sim/sim_1/behav/xsim/layer0_coeff_in0_out3.mif'
INFO: [SIM-utils-43] Exported 'D:/KAN/FPGA_Prj/KAN_V1/KAN_V1.sim/sim_1/behav/xsim/layer0_coeff_in0_out3.coe'
INFO: [SIM-utils-43] Exported 'D:/KAN/FPGA_Prj/KAN_V1/KAN_V1.sim/sim_1/behav/xsim/layer0_coeff_in0_out4.mif'
INFO: [SIM-utils-43] Exported 'D:/KAN/FPGA_Prj/KAN_V1/KAN_V1.sim/sim_1/behav/xsim/layer0_coeff_in0_out4.coe'
INFO: [SIM-utils-43] Exported 'D:/KAN/FPGA_Prj/KAN_V1/KAN_V1.sim/sim_1/behav/xsim/layer0_coeff_in1_out0.mif'
INFO: [SIM-utils-43] Exported 'D:/KAN/FPGA_Prj/KAN_V1/KAN_V1.sim/sim_1/behav/xsim/layer0_coeff_in1_out0.coe'
INFO: [SIM-utils-43] Exported 'D:/KAN/FPGA_Prj/KAN_V1/KAN_V1.sim/sim_1/behav/xsim/layer0_coeff_in1_out1.mif'
INFO: [SIM-utils-43] Exported 'D:/KAN/FPGA_Prj/KAN_V1/KAN_V1.sim/sim_1/behav/xsim/layer0_coeff_in1_out1.coe'
INFO: [SIM-utils-43] Exported 'D:/KAN/FPGA_Prj/KAN_V1/KAN_V1.sim/sim_1/behav/xsim/layer0_coeff_in1_out2.mif'
INFO: [SIM-utils-43] Exported 'D:/KAN/FPGA_Prj/KAN_V1/KAN_V1.sim/sim_1/behav/xsim/layer0_coeff_in1_out2.coe'
INFO: [SIM-utils-43] Exported 'D:/KAN/FPGA_Prj/KAN_V1/KAN_V1.sim/sim_1/behav/xsim/layer0_coeff_in1_out3.mif'
INFO: [SIM-utils-43] Exported 'D:/KAN/FPGA_Prj/KAN_V1/KAN_V1.sim/sim_1/behav/xsim/layer0_coeff_in1_out3.coe'
INFO: [SIM-utils-43] Exported 'D:/KAN/FPGA_Prj/KAN_V1/KAN_V1.sim/sim_1/behav/xsim/layer0_coeff_in1_out4.mif'
INFO: [SIM-utils-43] Exported 'D:/KAN/FPGA_Prj/KAN_V1/KAN_V1.sim/sim_1/behav/xsim/layer0_coeff_in1_out4.coe'
INFO: [SIM-utils-43] Exported 'D:/KAN/FPGA_Prj/KAN_V1/KAN_V1.sim/sim_1/behav/xsim/layer0_coeff_in2_out0.mif'
INFO: [SIM-utils-43] Exported 'D:/KAN/FPGA_Prj/KAN_V1/KAN_V1.sim/sim_1/behav/xsim/layer0_coeff_in2_out0.coe'
INFO: [SIM-utils-43] Exported 'D:/KAN/FPGA_Prj/KAN_V1/KAN_V1.sim/sim_1/behav/xsim/layer0_coeff_in2_out1.mif'
INFO: [SIM-utils-43] Exported 'D:/KAN/FPGA_Prj/KAN_V1/KAN_V1.sim/sim_1/behav/xsim/layer0_coeff_in2_out1.coe'
INFO: [SIM-utils-43] Exported 'D:/KAN/FPGA_Prj/KAN_V1/KAN_V1.sim/sim_1/behav/xsim/layer0_coeff_in2_out2.mif'
INFO: [SIM-utils-43] Exported 'D:/KAN/FPGA_Prj/KAN_V1/KAN_V1.sim/sim_1/behav/xsim/layer0_coeff_in2_out2.coe'
INFO: [SIM-utils-43] Exported 'D:/KAN/FPGA_Prj/KAN_V1/KAN_V1.sim/sim_1/behav/xsim/layer0_coeff_in2_out3.mif'
INFO: [SIM-utils-43] Exported 'D:/KAN/FPGA_Prj/KAN_V1/KAN_V1.sim/sim_1/behav/xsim/layer0_coeff_in2_out3.coe'
INFO: [SIM-utils-43] Exported 'D:/KAN/FPGA_Prj/KAN_V1/KAN_V1.sim/sim_1/behav/xsim/layer0_coeff_in2_out4.mif'
INFO: [SIM-utils-43] Exported 'D:/KAN/FPGA_Prj/KAN_V1/KAN_V1.sim/sim_1/behav/xsim/layer0_coeff_in2_out4.coe'
INFO: [SIM-utils-43] Exported 'D:/KAN/FPGA_Prj/KAN_V1/KAN_V1.sim/sim_1/behav/xsim/layer1_coeff_in0_out0.mif'
INFO: [SIM-utils-43] Exported 'D:/KAN/FPGA_Prj/KAN_V1/KAN_V1.sim/sim_1/behav/xsim/layer1_coeff_in0_out0.coe'
INFO: [SIM-utils-43] Exported 'D:/KAN/FPGA_Prj/KAN_V1/KAN_V1.sim/sim_1/behav/xsim/layer1_coeff_in1_out0.mif'
INFO: [SIM-utils-43] Exported 'D:/KAN/FPGA_Prj/KAN_V1/KAN_V1.sim/sim_1/behav/xsim/layer1_coeff_in1_out0.coe'
INFO: [SIM-utils-43] Exported 'D:/KAN/FPGA_Prj/KAN_V1/KAN_V1.sim/sim_1/behav/xsim/layer1_coeff_in2_out0.mif'
INFO: [SIM-utils-43] Exported 'D:/KAN/FPGA_Prj/KAN_V1/KAN_V1.sim/sim_1/behav/xsim/layer1_coeff_in2_out0.coe'
INFO: [SIM-utils-43] Exported 'D:/KAN/FPGA_Prj/KAN_V1/KAN_V1.sim/sim_1/behav/xsim/layer1_coeff_in3_out0.mif'
INFO: [SIM-utils-43] Exported 'D:/KAN/FPGA_Prj/KAN_V1/KAN_V1.sim/sim_1/behav/xsim/layer1_coeff_in3_out0.coe'
INFO: [SIM-utils-43] Exported 'D:/KAN/FPGA_Prj/KAN_V1/KAN_V1.sim/sim_1/behav/xsim/layer1_coeff_in4_out0.mif'
INFO: [SIM-utils-43] Exported 'D:/KAN/FPGA_Prj/KAN_V1/KAN_V1.sim/sim_1/behav/xsim/layer1_coeff_in4_out0.coe'
INFO: [USF-XSim-97] Finding global include files...
INFO: [USF-XSim-98] Fetching design files from 'sim_1'...
INFO: [USF-XSim-2] XSim::Compile design
INFO: [USF-XSim-61] Executing 'COMPILE and ANALYZE' step in 'D:/KAN/FPGA_Prj/KAN_V1/KAN_V1.sim/sim_1/behav/xsim'
"xvlog --incr --relax -L uvm -prj tb_bsu_vlog.prj"
ECHO 处于关闭状态。
ECHO 处于关闭状态。
INFO: [VRFC 10-2263] Analyzing Verilog file "D:/KAN/FPGA_Prj/KAN_V1/KAN_V1.gen/sources_1/ip/layer1_coeff_in4_out0/sim/layer1_coeff_in4_out0.v" into library xil_defaultlib
INFO: [VRFC 10-311] analyzing module layer1_coeff_in4_out0
INFO: [VRFC 10-2263] Analyzing Verilog file "D:/KAN/FPGA_Prj/KAN_V1/KAN_V1.gen/sources_1/ip/layer1_coeff_in3_out0/sim/layer1_coeff_in3_out0.v" into library xil_defaultlib
INFO: [VRFC 10-311] analyzing module layer1_coeff_in3_out0
INFO: [VRFC 10-2263] Analyzing Verilog file "D:/KAN/FPGA_Prj/KAN_V1/KAN_V1.gen/sources_1/ip/layer1_coeff_in2_out0/sim/layer1_coeff_in2_out0.v" into library xil_defaultlib
INFO: [VRFC 10-311] analyzing module layer1_coeff_in2_out0
INFO: [VRFC 10-2263] Analyzing Verilog file "D:/KAN/FPGA_Prj/KAN_V1/KAN_V1.gen/sources_1/ip/layer1_coeff_in1_out0/sim/layer1_coeff_in1_out0.v" into library xil_defaultlib
INFO: [VRFC 10-311] analyzing module layer1_coeff_in1_out0
INFO: [VRFC 10-2263] Analyzing Verilog file "D:/KAN/FPGA_Prj/KAN_V1/KAN_V1.gen/sources_1/ip/layer1_coeff_in0_out0/sim/layer1_coeff_in0_out0.v" into library xil_defaultlib
INFO: [VRFC 10-311] analyzing module layer1_coeff_in0_out0
INFO: [VRFC 10-2263] Analyzing Verilog file "D:/KAN/FPGA_Prj/KAN_V1/KAN_V1.gen/sources_1/ip/layer0_coeff_in2_out4/sim/layer0_coeff_in2_out4.v" into library xil_defaultlib
INFO: [VRFC 10-311] analyzing module layer0_coeff_in2_out4
INFO: [VRFC 10-2263] Analyzing Verilog file "D:/KAN/FPGA_Prj/KAN_V1/KAN_V1.gen/sources_1/ip/layer0_coeff_in2_out3/sim/layer0_coeff_in2_out3.v" into library xil_defaultlib
INFO: [VRFC 10-311] analyzing module layer0_coeff_in2_out3
INFO: [VRFC 10-2263] Analyzing Verilog file "D:/KAN/FPGA_Prj/KAN_V1/KAN_V1.gen/sources_1/ip/layer0_coeff_in2_out2/sim/layer0_coeff_in2_out2.v" into library xil_defaultlib
INFO: [VRFC 10-311] analyzing module layer0_coeff_in2_out2
INFO: [VRFC 10-2263] Analyzing Verilog file "D:/KAN/FPGA_Prj/KAN_V1/KAN_V1.gen/sources_1/ip/layer0_coeff_in2_out1/sim/layer0_coeff_in2_out1.v" into library xil_defaultlib
INFO: [VRFC 10-311] analyzing module layer0_coeff_in2_out1
INFO: [VRFC 10-2263] Analyzing Verilog file "D:/KAN/FPGA_Prj/KAN_V1/KAN_V1.gen/sources_1/ip/layer0_coeff_in2_out0/sim/layer0_coeff_in2_out0.v" into library xil_defaultlib
INFO: [VRFC 10-311] analyzing module layer0_coeff_in2_out0
INFO: [VRFC 10-2263] Analyzing Verilog file "D:/KAN/FPGA_Prj/KAN_V1/KAN_V1.gen/sources_1/ip/layer0_coeff_in1_out4/sim/layer0_coeff_in1_out4.v" into library xil_defaultlib
INFO: [VRFC 10-311] analyzing module layer0_coeff_in1_out4
INFO: [VRFC 10-2263] Analyzing Verilog file "D:/KAN/FPGA_Prj/KAN_V1/KAN_V1.gen/sources_1/ip/layer0_coeff_in1_out3/sim/layer0_coeff_in1_out3.v" into library xil_defaultlib
INFO: [VRFC 10-311] analyzing module layer0_coeff_in1_out3
INFO: [VRFC 10-2263] Analyzing Verilog file "D:/KAN/FPGA_Prj/KAN_V1/KAN_V1.gen/sources_1/ip/layer0_coeff_in1_out2/sim/layer0_coeff_in1_out2.v" into library xil_defaultlib
INFO: [VRFC 10-311] analyzing module layer0_coeff_in1_out2
INFO: [VRFC 10-2263] Analyzing Verilog file "D:/KAN/FPGA_Prj/KAN_V1/KAN_V1.gen/sources_1/ip/layer0_coeff_in1_out1/sim/layer0_coeff_in1_out1.v" into library xil_defaultlib
INFO: [VRFC 10-311] analyzing module layer0_coeff_in1_out1
INFO: [VRFC 10-2263] Analyzing Verilog file "D:/KAN/FPGA_Prj/KAN_V1/KAN_V1.gen/sources_1/ip/layer0_coeff_in1_out0/sim/layer0_coeff_in1_out0.v" into library xil_defaultlib
INFO: [VRFC 10-311] analyzing module layer0_coeff_in1_out0
INFO: [VRFC 10-2263] Analyzing Verilog file "D:/KAN/FPGA_Prj/KAN_V1/KAN_V1.gen/sources_1/ip/layer0_coeff_in0_out4/sim/layer0_coeff_in0_out4.v" into library xil_defaultlib
INFO: [VRFC 10-311] analyzing module layer0_coeff_in0_out4
INFO: [VRFC 10-2263] Analyzing Verilog file "D:/KAN/FPGA_Prj/KAN_V1/KAN_V1.gen/sources_1/ip/layer0_coeff_in0_out3/sim/layer0_coeff_in0_out3.v" into library xil_defaultlib
INFO: [VRFC 10-311] analyzing module layer0_coeff_in0_out3
INFO: [VRFC 10-2263] Analyzing Verilog file "D:/KAN/FPGA_Prj/KAN_V1/KAN_V1.gen/sources_1/ip/layer0_coeff_in0_out2/sim/layer0_coeff_in0_out2.v" into library xil_defaultlib
INFO: [VRFC 10-311] analyzing module layer0_coeff_in0_out2
INFO: [VRFC 10-2263] Analyzing Verilog file "D:/KAN/FPGA_Prj/KAN_V1/KAN_V1.gen/sources_1/ip/layer0_coeff_in0_out1/sim/layer0_coeff_in0_out1.v" into library xil_defaultlib
INFO: [VRFC 10-311] analyzing module layer0_coeff_in0_out1
INFO: [VRFC 10-2263] Analyzing Verilog file "D:/KAN/FPGA_Prj/KAN_V1/KAN_V1.gen/sources_1/ip/layer0_coeff_in0_out0/sim/layer0_coeff_in0_out0.v" into library xil_defaultlib
INFO: [VRFC 10-311] analyzing module layer0_coeff_in0_out0
INFO: [VRFC 10-2263] Analyzing Verilog file "D:/KAN/FPGA_Prj/KAN_V1/KAN_V1.srcs/sources_1/new/BSU.v" into library xil_defaultlib
INFO: [VRFC 10-311] analyzing module BSU
INFO: [VRFC 10-2263] Analyzing Verilog file "D:/KAN/FPGA_Prj/KAN_V1/KAN_V1.srcs/sources_1/new/internal_finder.v" into library xil_defaultlib
INFO: [VRFC 10-311] analyzing module internal_finder
INFO: [VRFC 10-2263] Analyzing Verilog file "D:/KAN/FPGA_Prj/KAN_V1/KAN_V1.srcs/sources_1/new/mac.v" into library xil_defaultlib
INFO: [VRFC 10-311] analyzing module mac
INFO: [VRFC 10-2263] Analyzing Verilog file "D:/KAN/FPGA_Prj/KAN_V1/KAN_V1.srcs/sources_1/new/multiplier.v" into library xil_defaultlib
INFO: [VRFC 10-311] analyzing module multiplier
INFO: [USF-XSim-69] 'compile' step finished in '3' seconds
INFO: [USF-XSim-3] XSim::Elaborate design
INFO: [USF-XSim-61] Executing 'ELABORATE' step in 'D:/KAN/FPGA_Prj/KAN_V1/KAN_V1.sim/sim_1/behav/xsim'
"xelab --incr --debug typical --relax --mt 2 -L xil_defaultlib -L blk_mem_gen_v8_4_7 -L uvm -L unisims_ver -L unimacro_ver -L secureip -L xpm --snapshot tb_bsu_behav xil_defaultlib.tb_bsu xil_defaultlib.glbl -log elaborate.log"
ECHO 处于关闭状态。
ECHO 处于关闭状态。
Vivado Simulator v2023.2
Copyright 1986-2022 Xilinx, Inc. All Rights Reserved.
Copyright 2022-2023 Advanced Micro Devices, Inc. All Rights Reserved.
Running: D:/Xilinx/Vivado/2023.2/bin/unwrapped/win64.o/xelab.exe --incr --debug typical --relax --mt 2 -L xil_defaultlib -L blk_mem_gen_v8_4_7 -L uvm -L unisims_ver -L unimacro_ver -L secureip -L xpm --snapshot tb_bsu_behav xil_defaultlib.tb_bsu xil_defaultlib.glbl -log elaborate.log 
Using 2 slave threads.
Starting static elaboration
Pass Through NonSizing Optimizer
WARNING: [VRFC 10-3091] actual bit length 32 differs from formal bit length 5 for port 'channel0_cs' [D:/KAN/FPGA_Prj/KAN_V1/KAN_V1.srcs/sim_1/new/tb_bsu.v:46]
WARNING: [VRFC 10-3091] actual bit length 32 differs from formal bit length 7 for port 'addra' [D:/KAN/FPGA_Prj/KAN_V1/KAN_V1.srcs/sources_1/new/Coeff_Rom.sv:211]
WARNING: [VRFC 10-3091] actual bit length 32 differs from formal bit length 6 for port 'addra' [D:/KAN/FPGA_Prj/KAN_V1/KAN_V1.srcs/sources_1/new/Coeff_Rom.sv:217]
WARNING: [VRFC 10-3091] actual bit length 32 differs from formal bit length 6 for port 'addra' [D:/KAN/FPGA_Prj/KAN_V1/KAN_V1.srcs/sources_1/new/Coeff_Rom.sv:223]
WARNING: [VRFC 10-3091] actual bit length 32 differs from formal bit length 6 for port 'addra' [D:/KAN/FPGA_Prj/KAN_V1/KAN_V1.srcs/sources_1/new/Coeff_Rom.sv:229]
WARNING: [VRFC 10-3091] actual bit length 32 differs from formal bit length 6 for port 'addra' [D:/KAN/FPGA_Prj/KAN_V1/KAN_V1.srcs/sources_1/new/Coeff_Rom.sv:235]
WARNING: [VRFC 10-3091] actual bit length 32 differs from formal bit length 6 for port 'addra' [D:/KAN/FPGA_Prj/KAN_V1/KAN_V1.srcs/sources_1/new/Coeff_Rom.sv:243]
WARNING: [VRFC 10-3091] actual bit length 32 differs from formal bit length 6 for port 'addra' [D:/KAN/FPGA_Prj/KAN_V1/KAN_V1.srcs/sources_1/new/Coeff_Rom.sv:249]
WARNING: [VRFC 10-3091] actual bit length 32 differs from formal bit length 6 for port 'addra' [D:/KAN/FPGA_Prj/KAN_V1/KAN_V1.srcs/sources_1/new/Coeff_Rom.sv:255]
WARNING: [VRFC 10-3091] actual bit length 32 differs from formal bit length 6 for port 'addra' [D:/KAN/FPGA_Prj/KAN_V1/KAN_V1.srcs/sources_1/new/Coeff_Rom.sv:262]
WARNING: [VRFC 10-3091] actual bit length 32 differs from formal bit length 6 for port 'addra' [D:/KAN/FPGA_Prj/KAN_V1/KAN_V1.srcs/sources_1/new/Coeff_Rom.sv:269]
WARNING: [VRFC 10-3091] actual bit length 32 differs from formal bit length 6 for port 'addra' [D:/KAN/FPGA_Prj/KAN_V1/KAN_V1.srcs/sources_1/new/Coeff_Rom.sv:276]
WARNING: [VRFC 10-3091] actual bit length 32 differs from formal bit length 6 for port 'addra' [D:/KAN/FPGA_Prj/KAN_V1/KAN_V1.srcs/sources_1/new/Coeff_Rom.sv:282]
WARNING: [VRFC 10-3091] actual bit length 32 differs from formal bit length 6 for port 'addra' [D:/KAN/FPGA_Prj/KAN_V1/KAN_V1.srcs/sources_1/new/Coeff_Rom.sv:288]
WARNING: [VRFC 10-3091] actual bit length 32 differs from formal bit length 6 for port 'addra' [D:/KAN/FPGA_Prj/KAN_V1/KAN_V1.srcs/sources_1/new/Coeff_Rom.sv:294]
WARNING: [VRFC 10-3091] actual bit length 32 differs from formal bit length 6 for port 'addra' [D:/KAN/FPGA_Prj/KAN_V1/KAN_V1.srcs/sources_1/new/Coeff_Rom.sv:300]
WARNING: [VRFC 10-3091] actual bit length 32 differs from formal bit length 6 for port 'addra' [D:/KAN/FPGA_Prj/KAN_V1/KAN_V1.srcs/sources_1/new/Coeff_Rom.sv:307]
WARNING: [VRFC 10-3091] actual bit length 32 differs from formal bit length 6 for port 'addra' [D:/KAN/FPGA_Prj/KAN_V1/KAN_V1.srcs/sources_1/new/Coeff_Rom.sv:313]
WARNING: [VRFC 10-3091] actual bit length 32 differs from formal bit length 6 for port 'addra' [D:/KAN/FPGA_Prj/KAN_V1/KAN_V1.srcs/sources_1/new/Coeff_Rom.sv:319]
WARNING: [VRFC 10-3091] actual bit length 32 differs from formal bit length 6 for port 'addra' [D:/KAN/FPGA_Prj/KAN_V1/KAN_V1.srcs/sources_1/new/Coeff_Rom.sv:325]
WARNING: [VRFC 10-3091] actual bit length 32 differs from formal bit length 6 for port 'addra' [D:/KAN/FPGA_Prj/KAN_V1/KAN_V1.srcs/sources_1/new/Coeff_Rom.sv:331]
Completed static elaboration
Starting simulation data flow analysis
Completed simulation data flow analysis
Time Resolution for simulation is 1ps
Compiling module blk_mem_gen_v8_4_7.blk_mem_gen_v8_4_7_output_stage(...
Compiling module blk_mem_gen_v8_4_7.blk_mem_gen_v8_4_7_softecc_outpu...
Compiling module blk_mem_gen_v8_4_7.blk_mem_gen_v8_4_7_mem_module(C_...
Compiling module blk_mem_gen_v8_4_7.blk_mem_gen_v8_4_7(C_FAMILY="zyn...
Compiling module xil_defaultlib.layer0_coeff_in0_out0
Compiling module blk_mem_gen_v8_4_7.blk_mem_gen_v8_4_7_output_stage(...
Compiling module blk_mem_gen_v8_4_7.blk_mem_gen_v8_4_7_softecc_outpu...
Compiling module blk_mem_gen_v8_4_7.blk_mem_gen_v8_4_7_mem_module(C_...
Compiling module blk_mem_gen_v8_4_7.blk_mem_gen_v8_4_7(C_FAMILY="zyn...
Compiling module xil_defaultlib.layer0_coeff_in0_out1
Compiling module blk_mem_gen_v8_4_7.blk_mem_gen_v8_4_7_mem_module(C_...
Compiling module blk_mem_gen_v8_4_7.blk_mem_gen_v8_4_7(C_FAMILY="zyn...
Compiling module xil_defaultlib.layer0_coeff_in0_out2
Compiling module blk_mem_gen_v8_4_7.blk_mem_gen_v8_4_7_mem_module(C_...
Compiling module blk_mem_gen_v8_4_7.blk_mem_gen_v8_4_7(C_FAMILY="zyn...
Compiling module xil_defaultlib.layer0_coeff_in0_out3
Compiling module blk_mem_gen_v8_4_7.blk_mem_gen_v8_4_7_mem_module(C_...
Compiling module blk_mem_gen_v8_4_7.blk_mem_gen_v8_4_7(C_FAMILY="zyn...
Compiling module xil_defaultlib.layer0_coeff_in0_out4
Compiling module blk_mem_gen_v8_4_7.blk_mem_gen_v8_4_7_mem_module(C_...
Compiling module blk_mem_gen_v8_4_7.blk_mem_gen_v8_4_7(C_FAMILY="zyn...
Compiling module xil_defaultlib.layer0_coeff_in1_out0
Compiling module blk_mem_gen_v8_4_7.blk_mem_gen_v8_4_7_mem_module(C_...
Compiling module blk_mem_gen_v8_4_7.blk_mem_gen_v8_4_7(C_FAMILY="zyn...
Compiling module xil_defaultlib.layer0_coeff_in1_out1
Compiling module blk_mem_gen_v8_4_7.blk_mem_gen_v8_4_7_mem_module(C_...
Compiling module blk_mem_gen_v8_4_7.blk_mem_gen_v8_4_7(C_FAMILY="zyn...
Compiling module xil_defaultlib.layer0_coeff_in1_out2
Compiling module blk_mem_gen_v8_4_7.blk_mem_gen_v8_4_7_mem_module(C_...
Compiling module blk_mem_gen_v8_4_7.blk_mem_gen_v8_4_7(C_FAMILY="zyn...
Compiling module xil_defaultlib.layer0_coeff_in1_out3
Compiling module blk_mem_gen_v8_4_7.blk_mem_gen_v8_4_7_mem_module(C_...
Compiling module blk_mem_gen_v8_4_7.blk_mem_gen_v8_4_7(C_FAMILY="zyn...
Compiling module xil_defaultlib.layer0_coeff_in1_out4
Compiling module blk_mem_gen_v8_4_7.blk_mem_gen_v8_4_7_mem_module(C_...
Compiling module blk_mem_gen_v8_4_7.blk_mem_gen_v8_4_7(C_FAMILY="zyn...
Compiling module xil_defaultlib.layer0_coeff_in2_out0
Compiling module blk_mem_gen_v8_4_7.blk_mem_gen_v8_4_7_mem_module(C_...
Compiling module blk_mem_gen_v8_4_7.blk_mem_gen_v8_4_7(C_FAMILY="zyn...
Compiling module xil_defaultlib.layer0_coeff_in2_out1
Compiling module blk_mem_gen_v8_4_7.blk_mem_gen_v8_4_7_mem_module(C_...
Compiling module blk_mem_gen_v8_4_7.blk_mem_gen_v8_4_7(C_FAMILY="zyn...
Compiling module xil_defaultlib.layer0_coeff_in2_out2
Compiling module blk_mem_gen_v8_4_7.blk_mem_gen_v8_4_7_mem_module(C_...
Compiling module blk_mem_gen_v8_4_7.blk_mem_gen_v8_4_7(C_FAMILY="zyn...
Compiling module xil_defaultlib.layer0_coeff_in2_out3
Compiling module blk_mem_gen_v8_4_7.blk_mem_gen_v8_4_7_mem_module(C_...
Compiling module blk_mem_gen_v8_4_7.blk_mem_gen_v8_4_7(C_FAMILY="zyn...
Compiling module xil_defaultlib.layer0_coeff_in2_out4
Compiling module blk_mem_gen_v8_4_7.blk_mem_gen_v8_4_7_mem_module(C_...
Compiling module blk_mem_gen_v8_4_7.blk_mem_gen_v8_4_7(C_FAMILY="zyn...
Compiling module xil_defaultlib.layer1_coeff_in0_out0
Compiling module blk_mem_gen_v8_4_7.blk_mem_gen_v8_4_7_mem_module(C_...
Compiling module blk_mem_gen_v8_4_7.blk_mem_gen_v8_4_7(C_FAMILY="zyn...
Compiling module xil_defaultlib.layer1_coeff_in1_out0
Compiling module blk_mem_gen_v8_4_7.blk_mem_gen_v8_4_7_mem_module(C_...
Compiling module blk_mem_gen_v8_4_7.blk_mem_gen_v8_4_7(C_FAMILY="zyn...
Compiling module xil_defaultlib.layer1_coeff_in2_out0
Compiling module blk_mem_gen_v8_4_7.blk_mem_gen_v8_4_7_mem_module(C_...
Compiling module blk_mem_gen_v8_4_7.blk_mem_gen_v8_4_7(C_FAMILY="zyn...
Compiling module xil_defaultlib.layer1_coeff_in3_out0
Compiling module blk_mem_gen_v8_4_7.blk_mem_gen_v8_4_7_mem_module(C_...
Compiling module blk_mem_gen_v8_4_7.blk_mem_gen_v8_4_7(C_FAMILY="zyn...
Compiling module xil_defaultlib.layer1_coeff_in4_out0
Compiling module xil_defaultlib.Coeff_Rom
Compiling module xil_defaultlib.internal_finder
Compiling module xil_defaultlib.multiplier
Compiling module xil_defaultlib.mac
Compiling module xil_defaultlib.BSU
Compiling module xil_defaultlib.tb_bsu
Compiling module xil_defaultlib.glbl
Built simulation snapshot tb_bsu_behav
run_program: Time (s): cpu = 00:00:02 ; elapsed = 00:00:31 . Memory (MB): peak = 1622.930 ; gain = 6.242
INFO: [USF-XSim-69] 'elaborate' step finished in '31' seconds
INFO: [USF-XSim-4] XSim::Simulate design
INFO: [USF-XSim-61] Executing 'SIMULATE' step in 'D:/KAN/FPGA_Prj/KAN_V1/KAN_V1.sim/sim_1/behav/xsim'
INFO: [USF-XSim-98] *** Running xsim
   with args "tb_bsu_behav -key {Behavioral:sim_1:Functional:tb_bsu} -tclbatch {tb_bsu.tcl} -view {D:/KAN/FPGA_Prj/KAN_V1/tb_module_behav.wcfg} -log {simulate.log}"
INFO: [USF-XSim-8] Loading simulator feature
Time resolution is 1 ps
open_wave_config D:/KAN/FPGA_Prj/KAN_V1/tb_module_behav.wcfg
WARNING: Simulation object /tb_module/clk was not found in the design.
WARNING: Simulation object /tb_module/rst was not found in the design.
WARNING: Simulation object /tb_module/enc was not found in the design.
WARNING: Simulation object /tb_module/internal_finder_test/x_initial was not found in the design.
WARNING: Simulation object /tb_module/internal_finder_test/in_x was not found in the design.
WARNING: Simulation object /tb_module/internal_finder_test/h_inv was not found in the design.
WARNING: Simulation object /tb_module/internal_finder_test/status was not found in the design.
WARNING: Simulation object /tb_module/internal_finder_test/interval_current was not found in the design.
WARNING: Simulation object /tb_module/internal_finder_test/coeff_addr was not found in the design.
WARNING: Simulation object /tb_module/internal_finder_test/local_coords was not found in the design.
WARNING: Simulation object /tb_module/ROM_TEST/st_cur was not found in the design.
WARNING: Simulation object /tb_module/ROM_TEST/channel0_cs was not found in the design.
WARNING: Simulation object /tb_module/channel1_cs was not found in the design.
WARNING: Simulation object /tb_module/ROM_TEST/inside_addr[0] was not found in the design.
WARNING: Simulation object /tb_module/ROM_TEST/READ_finish was not found in the design.
WARNING: Simulation object /tb_module/ROM_TEST/channel0_addr was not found in the design.
WARNING: Simulation object /tb_module/ROM_TEST/channel0_addr_crt was not found in the design.
WARNING: Simulation object /tb_module/ROM_TEST/count was not found in the design.
WARNING: Simulation object /tb_module/ROM_TEST/channel0_data was not found in the design.
WARNING: Simulation object /tb_module/ROM_TEST/channel1_data was not found in the design.
WARNING: Simulation object /tb_module/ROM_TEST/coeff_rdy was not found in the design.
source tb_bsu.tcl
# set curr_wave [current_wave_config]
# if { [string length $curr_wave] == 0 } {
#   if { [llength [get_objects]] > 0} {
#     add_wave /
#     set_property needs_save false [current_wave_config]
#   } else {
#      send_msg_id Add_Wave-1 WARNING "No top level signals found. Simulator will start without a wave window. If you want to open a wave window go to 'File->New Waveform Configuration' or type 'create_wave_config' in the TCL console."
#   }
# }
# run 1000ns
 Block Memory Generator module loading initial data...
 Block Memory Generator data initialization complete.
Block Memory Generator module tb_bsu.ROM_TEST.bram0.inst.\native_mem_module.blk_mem_gen_v8_4_7_inst  is using a behavioral model for simulation which will not precisely model memory collision behavior.
 Block Memory Generator module loading initial data...
 Block Memory Generator data initialization complete.
Block Memory Generator module tb_bsu.ROM_TEST.bram1.inst.\native_mem_module.blk_mem_gen_v8_4_7_inst  is using a behavioral model for simulation which will not precisely model memory collision behavior.
 Block Memory Generator module loading initial data...
 Block Memory Generator data initialization complete.
Block Memory Generator module tb_bsu.ROM_TEST.bram2.inst.\native_mem_module.blk_mem_gen_v8_4_7_inst  is using a behavioral model for simulation which will not precisely model memory collision behavior.
 Block Memory Generator module loading initial data...
 Block Memory Generator data initialization complete.
Block Memory Generator module tb_bsu.ROM_TEST.bram3.inst.\native_mem_module.blk_mem_gen_v8_4_7_inst  is using a behavioral model for simulation which will not precisely model memory collision behavior.
 Block Memory Generator module loading initial data...
 Block Memory Generator data initialization complete.
Block Memory Generator module tb_bsu.ROM_TEST.bram4.inst.\native_mem_module.blk_mem_gen_v8_4_7_inst  is using a behavioral model for simulation which will not precisely model memory collision behavior.
 Block Memory Generator module loading initial data...
 Block Memory Generator data initialization complete.
Block Memory Generator module tb_bsu.ROM_TEST.bram5.inst.\native_mem_module.blk_mem_gen_v8_4_7_inst  is using a behavioral model for simulation which will not precisely model memory collision behavior.
 Block Memory Generator module loading initial data...
 Block Memory Generator data initialization complete.
Block Memory Generator module tb_bsu.ROM_TEST.bram6.inst.\native_mem_module.blk_mem_gen_v8_4_7_inst  is using a behavioral model for simulation which will not precisely model memory collision behavior.
 Block Memory Generator module loading initial data...
 Block Memory Generator data initialization complete.
Block Memory Generator module tb_bsu.ROM_TEST.bram7.inst.\native_mem_module.blk_mem_gen_v8_4_7_inst  is using a behavioral model for simulation which will not precisely model memory collision behavior.
 Block Memory Generator module loading initial data...
 Block Memory Generator data initialization complete.
Block Memory Generator module tb_bsu.ROM_TEST.bram8.inst.\native_mem_module.blk_mem_gen_v8_4_7_inst  is using a behavioral model for simulation which will not precisely model memory collision behavior.
 Block Memory Generator module loading initial data...
 Block Memory Generator data initialization complete.
Block Memory Generator module tb_bsu.ROM_TEST.bram9.inst.\native_mem_module.blk_mem_gen_v8_4_7_inst  is using a behavioral model for simulation which will not precisely model memory collision behavior.
 Block Memory Generator module loading initial data...
 Block Memory Generator data initialization complete.
Block Memory Generator module tb_bsu.ROM_TEST.bram10.inst.\native_mem_module.blk_mem_gen_v8_4_7_inst  is using a behavioral model for simulation which will not precisely model memory collision behavior.
 Block Memory Generator module loading initial data...
 Block Memory Generator data initialization complete.
Block Memory Generator module tb_bsu.ROM_TEST.bram11.inst.\native_mem_module.blk_mem_gen_v8_4_7_inst  is using a behavioral model for simulation which will not precisely model memory collision behavior.
 Block Memory Generator module loading initial data...
 Block Memory Generator data initialization complete.
Block Memory Generator module tb_bsu.ROM_TEST.bram12.inst.\native_mem_module.blk_mem_gen_v8_4_7_inst  is using a behavioral model for simulation which will not precisely model memory collision behavior.
 Block Memory Generator module loading initial data...
 Block Memory Generator data initialization complete.
Block Memory Generator module tb_bsu.ROM_TEST.bram13.inst.\native_mem_module.blk_mem_gen_v8_4_7_inst  is using a behavioral model for simulation which will not precisely model memory collision behavior.
 Block Memory Generator module loading initial data...
 Block Memory Generator data initialization complete.
Block Memory Generator module tb_bsu.ROM_TEST.bram14.inst.\native_mem_module.blk_mem_gen_v8_4_7_inst  is using a behavioral model for simulation which will not precisely model memory collision behavior.
 Block Memory Generator module loading initial data...
 Block Memory Generator data initialization complete.
Block Memory Generator module tb_bsu.ROM_TEST.bram15.inst.\native_mem_module.blk_mem_gen_v8_4_7_inst  is using a behavioral model for simulation which will not precisely model memory collision behavior.
 Block Memory Generator module loading initial data...
 Block Memory Generator data initialization complete.
Block Memory Generator module tb_bsu.ROM_TEST.bram16.inst.\native_mem_module.blk_mem_gen_v8_4_7_inst  is using a behavioral model for simulation which will not precisely model memory collision behavior.
 Block Memory Generator module loading initial data...
 Block Memory Generator data initialization complete.
Block Memory Generator module tb_bsu.ROM_TEST.bram17.inst.\native_mem_module.blk_mem_gen_v8_4_7_inst  is using a behavioral model for simulation which will not precisely model memory collision behavior.
 Block Memory Generator module loading initial data...
 Block Memory Generator data initialization complete.
Block Memory Generator module tb_bsu.ROM_TEST.bram18.inst.\native_mem_module.blk_mem_gen_v8_4_7_inst  is using a behavioral model for simulation which will not precisely model memory collision behavior.
 Block Memory Generator module loading initial data...
 Block Memory Generator data initialization complete.
Block Memory Generator module tb_bsu.ROM_TEST.bram19.inst.\native_mem_module.blk_mem_gen_v8_4_7_inst  is using a behavioral model for simulation which will not precisely model memory collision behavior.
INFO: [USF-XSim-96] XSim completed. Design snapshot 'tb_bsu_behav' loaded.
INFO: [USF-XSim-97] XSim simulation ran for 1000ns
launch_simulation: Time (s): cpu = 00:00:07 ; elapsed = 00:00:38 . Memory (MB): peak = 1632.164 ; gain = 15.477
relaunch_sim
Command: launch_simulation -step compile -simset sim_1 -mode behavioral
INFO: [Vivado 12-12493] Simulation top is 'tb_bsu'
WARNING: [Vivado 12-13340] Unable to auto find GCC executables from simulator install path! (path not set)
INFO: [Vivado 12-5682] Launching behavioral simulation in 'D:/KAN/FPGA_Prj/KAN_V1/KAN_V1.sim/sim_1/behav/xsim'
INFO: [SIM-utils-51] Simulation object is 'sim_1'
INFO: [SIM-utils-72] Using boost library from 'D:/Xilinx/Vivado/2023.2/tps/boost_1_72_0'
INFO: [USF-XSim-7] Finding pre-compiled libraries...
INFO: [USF-XSim-11] File 'D:/Xilinx/Vivado/2023.2/data/xsim/xsim.ini' copied to run dir:'D:/KAN/FPGA_Prj/KAN_V1/KAN_V1.sim/sim_1/behav/xsim'
INFO: [SIM-utils-54] Inspecting design source files for 'tb_bsu' in fileset 'sim_1'...
INFO: [SIM-utils-43] Exported 'D:/KAN/FPGA_Prj/KAN_V1/KAN_V1.sim/sim_1/behav/xsim/layer0_coeff_in0_out0.mif'
INFO: [SIM-utils-43] Exported 'D:/KAN/FPGA_Prj/KAN_V1/KAN_V1.sim/sim_1/behav/xsim/layer0_coeff_in0_out0.coe'
INFO: [SIM-utils-43] Exported 'D:/KAN/FPGA_Prj/KAN_V1/KAN_V1.sim/sim_1/behav/xsim/layer0_coeff_in0_out1.mif'
INFO: [SIM-utils-43] Exported 'D:/KAN/FPGA_Prj/KAN_V1/KAN_V1.sim/sim_1/behav/xsim/layer0_coeff_in0_out1.coe'
INFO: [SIM-utils-43] Exported 'D:/KAN/FPGA_Prj/KAN_V1/KAN_V1.sim/sim_1/behav/xsim/layer0_coeff_in0_out2.mif'
INFO: [SIM-utils-43] Exported 'D:/KAN/FPGA_Prj/KAN_V1/KAN_V1.sim/sim_1/behav/xsim/layer0_coeff_in0_out2.coe'
INFO: [SIM-utils-43] Exported 'D:/KAN/FPGA_Prj/KAN_V1/KAN_V1.sim/sim_1/behav/xsim/layer0_coeff_in0_out3.mif'
INFO: [SIM-utils-43] Exported 'D:/KAN/FPGA_Prj/KAN_V1/KAN_V1.sim/sim_1/behav/xsim/layer0_coeff_in0_out3.coe'
INFO: [SIM-utils-43] Exported 'D:/KAN/FPGA_Prj/KAN_V1/KAN_V1.sim/sim_1/behav/xsim/layer0_coeff_in0_out4.mif'
INFO: [SIM-utils-43] Exported 'D:/KAN/FPGA_Prj/KAN_V1/KAN_V1.sim/sim_1/behav/xsim/layer0_coeff_in0_out4.coe'
INFO: [SIM-utils-43] Exported 'D:/KAN/FPGA_Prj/KAN_V1/KAN_V1.sim/sim_1/behav/xsim/layer0_coeff_in1_out0.mif'
INFO: [SIM-utils-43] Exported 'D:/KAN/FPGA_Prj/KAN_V1/KAN_V1.sim/sim_1/behav/xsim/layer0_coeff_in1_out0.coe'
INFO: [SIM-utils-43] Exported 'D:/KAN/FPGA_Prj/KAN_V1/KAN_V1.sim/sim_1/behav/xsim/layer0_coeff_in1_out1.mif'
INFO: [SIM-utils-43] Exported 'D:/KAN/FPGA_Prj/KAN_V1/KAN_V1.sim/sim_1/behav/xsim/layer0_coeff_in1_out1.coe'
INFO: [SIM-utils-43] Exported 'D:/KAN/FPGA_Prj/KAN_V1/KAN_V1.sim/sim_1/behav/xsim/layer0_coeff_in1_out2.mif'
INFO: [SIM-utils-43] Exported 'D:/KAN/FPGA_Prj/KAN_V1/KAN_V1.sim/sim_1/behav/xsim/layer0_coeff_in1_out2.coe'
INFO: [SIM-utils-43] Exported 'D:/KAN/FPGA_Prj/KAN_V1/KAN_V1.sim/sim_1/behav/xsim/layer0_coeff_in1_out3.mif'
INFO: [SIM-utils-43] Exported 'D:/KAN/FPGA_Prj/KAN_V1/KAN_V1.sim/sim_1/behav/xsim/layer0_coeff_in1_out3.coe'
INFO: [SIM-utils-43] Exported 'D:/KAN/FPGA_Prj/KAN_V1/KAN_V1.sim/sim_1/behav/xsim/layer0_coeff_in1_out4.mif'
INFO: [SIM-utils-43] Exported 'D:/KAN/FPGA_Prj/KAN_V1/KAN_V1.sim/sim_1/behav/xsim/layer0_coeff_in1_out4.coe'
INFO: [SIM-utils-43] Exported 'D:/KAN/FPGA_Prj/KAN_V1/KAN_V1.sim/sim_1/behav/xsim/layer0_coeff_in2_out0.mif'
INFO: [SIM-utils-43] Exported 'D:/KAN/FPGA_Prj/KAN_V1/KAN_V1.sim/sim_1/behav/xsim/layer0_coeff_in2_out0.coe'
INFO: [SIM-utils-43] Exported 'D:/KAN/FPGA_Prj/KAN_V1/KAN_V1.sim/sim_1/behav/xsim/layer0_coeff_in2_out1.mif'
INFO: [SIM-utils-43] Exported 'D:/KAN/FPGA_Prj/KAN_V1/KAN_V1.sim/sim_1/behav/xsim/layer0_coeff_in2_out1.coe'
INFO: [SIM-utils-43] Exported 'D:/KAN/FPGA_Prj/KAN_V1/KAN_V1.sim/sim_1/behav/xsim/layer0_coeff_in2_out2.mif'
INFO: [SIM-utils-43] Exported 'D:/KAN/FPGA_Prj/KAN_V1/KAN_V1.sim/sim_1/behav/xsim/layer0_coeff_in2_out2.coe'
INFO: [SIM-utils-43] Exported 'D:/KAN/FPGA_Prj/KAN_V1/KAN_V1.sim/sim_1/behav/xsim/layer0_coeff_in2_out3.mif'
INFO: [SIM-utils-43] Exported 'D:/KAN/FPGA_Prj/KAN_V1/KAN_V1.sim/sim_1/behav/xsim/layer0_coeff_in2_out3.coe'
INFO: [SIM-utils-43] Exported 'D:/KAN/FPGA_Prj/KAN_V1/KAN_V1.sim/sim_1/behav/xsim/layer0_coeff_in2_out4.mif'
INFO: [SIM-utils-43] Exported 'D:/KAN/FPGA_Prj/KAN_V1/KAN_V1.sim/sim_1/behav/xsim/layer0_coeff_in2_out4.coe'
INFO: [SIM-utils-43] Exported 'D:/KAN/FPGA_Prj/KAN_V1/KAN_V1.sim/sim_1/behav/xsim/layer1_coeff_in0_out0.mif'
INFO: [SIM-utils-43] Exported 'D:/KAN/FPGA_Prj/KAN_V1/KAN_V1.sim/sim_1/behav/xsim/layer1_coeff_in0_out0.coe'
INFO: [SIM-utils-43] Exported 'D:/KAN/FPGA_Prj/KAN_V1/KAN_V1.sim/sim_1/behav/xsim/layer1_coeff_in1_out0.mif'
INFO: [SIM-utils-43] Exported 'D:/KAN/FPGA_Prj/KAN_V1/KAN_V1.sim/sim_1/behav/xsim/layer1_coeff_in1_out0.coe'
INFO: [SIM-utils-43] Exported 'D:/KAN/FPGA_Prj/KAN_V1/KAN_V1.sim/sim_1/behav/xsim/layer1_coeff_in2_out0.mif'
INFO: [SIM-utils-43] Exported 'D:/KAN/FPGA_Prj/KAN_V1/KAN_V1.sim/sim_1/behav/xsim/layer1_coeff_in2_out0.coe'
INFO: [SIM-utils-43] Exported 'D:/KAN/FPGA_Prj/KAN_V1/KAN_V1.sim/sim_1/behav/xsim/layer1_coeff_in3_out0.mif'
INFO: [SIM-utils-43] Exported 'D:/KAN/FPGA_Prj/KAN_V1/KAN_V1.sim/sim_1/behav/xsim/layer1_coeff_in3_out0.coe'
INFO: [SIM-utils-43] Exported 'D:/KAN/FPGA_Prj/KAN_V1/KAN_V1.sim/sim_1/behav/xsim/layer1_coeff_in4_out0.mif'
INFO: [SIM-utils-43] Exported 'D:/KAN/FPGA_Prj/KAN_V1/KAN_V1.sim/sim_1/behav/xsim/layer1_coeff_in4_out0.coe'
INFO: [USF-XSim-97] Finding global include files...
INFO: [USF-XSim-98] Fetching design files from 'sim_1'...
INFO: [USF-XSim-2] XSim::Compile design
INFO: [USF-XSim-61] Executing 'COMPILE and ANALYZE' step in 'D:/KAN/FPGA_Prj/KAN_V1/KAN_V1.sim/sim_1/behav/xsim'
"xvlog --incr --relax -L uvm -prj tb_bsu_vlog.prj"
ECHO 处于关闭状态。
ECHO 处于关闭状态。
INFO: [VRFC 10-2263] Analyzing Verilog file "D:/KAN/FPGA_Prj/KAN_V1/KAN_V1.gen/sources_1/ip/layer1_coeff_in4_out0/sim/layer1_coeff_in4_out0.v" into library xil_defaultlib
INFO: [VRFC 10-311] analyzing module layer1_coeff_in4_out0
INFO: [VRFC 10-2263] Analyzing Verilog file "D:/KAN/FPGA_Prj/KAN_V1/KAN_V1.gen/sources_1/ip/layer1_coeff_in3_out0/sim/layer1_coeff_in3_out0.v" into library xil_defaultlib
INFO: [VRFC 10-311] analyzing module layer1_coeff_in3_out0
INFO: [VRFC 10-2263] Analyzing Verilog file "D:/KAN/FPGA_Prj/KAN_V1/KAN_V1.gen/sources_1/ip/layer1_coeff_in2_out0/sim/layer1_coeff_in2_out0.v" into library xil_defaultlib
INFO: [VRFC 10-311] analyzing module layer1_coeff_in2_out0
INFO: [VRFC 10-2263] Analyzing Verilog file "D:/KAN/FPGA_Prj/KAN_V1/KAN_V1.gen/sources_1/ip/layer1_coeff_in1_out0/sim/layer1_coeff_in1_out0.v" into library xil_defaultlib
INFO: [VRFC 10-311] analyzing module layer1_coeff_in1_out0
INFO: [VRFC 10-2263] Analyzing Verilog file "D:/KAN/FPGA_Prj/KAN_V1/KAN_V1.gen/sources_1/ip/layer1_coeff_in0_out0/sim/layer1_coeff_in0_out0.v" into library xil_defaultlib
INFO: [VRFC 10-311] analyzing module layer1_coeff_in0_out0
INFO: [VRFC 10-2263] Analyzing Verilog file "D:/KAN/FPGA_Prj/KAN_V1/KAN_V1.gen/sources_1/ip/layer0_coeff_in2_out4/sim/layer0_coeff_in2_out4.v" into library xil_defaultlib
INFO: [VRFC 10-311] analyzing module layer0_coeff_in2_out4
INFO: [VRFC 10-2263] Analyzing Verilog file "D:/KAN/FPGA_Prj/KAN_V1/KAN_V1.gen/sources_1/ip/layer0_coeff_in2_out3/sim/layer0_coeff_in2_out3.v" into library xil_defaultlib
INFO: [VRFC 10-311] analyzing module layer0_coeff_in2_out3
INFO: [VRFC 10-2263] Analyzing Verilog file "D:/KAN/FPGA_Prj/KAN_V1/KAN_V1.gen/sources_1/ip/layer0_coeff_in2_out2/sim/layer0_coeff_in2_out2.v" into library xil_defaultlib
INFO: [VRFC 10-311] analyzing module layer0_coeff_in2_out2
INFO: [VRFC 10-2263] Analyzing Verilog file "D:/KAN/FPGA_Prj/KAN_V1/KAN_V1.gen/sources_1/ip/layer0_coeff_in2_out1/sim/layer0_coeff_in2_out1.v" into library xil_defaultlib
INFO: [VRFC 10-311] analyzing module layer0_coeff_in2_out1
INFO: [VRFC 10-2263] Analyzing Verilog file "D:/KAN/FPGA_Prj/KAN_V1/KAN_V1.gen/sources_1/ip/layer0_coeff_in2_out0/sim/layer0_coeff_in2_out0.v" into library xil_defaultlib
INFO: [VRFC 10-311] analyzing module layer0_coeff_in2_out0
INFO: [VRFC 10-2263] Analyzing Verilog file "D:/KAN/FPGA_Prj/KAN_V1/KAN_V1.gen/sources_1/ip/layer0_coeff_in1_out4/sim/layer0_coeff_in1_out4.v" into library xil_defaultlib
INFO: [VRFC 10-311] analyzing module layer0_coeff_in1_out4
INFO: [VRFC 10-2263] Analyzing Verilog file "D:/KAN/FPGA_Prj/KAN_V1/KAN_V1.gen/sources_1/ip/layer0_coeff_in1_out3/sim/layer0_coeff_in1_out3.v" into library xil_defaultlib
INFO: [VRFC 10-311] analyzing module layer0_coeff_in1_out3
INFO: [VRFC 10-2263] Analyzing Verilog file "D:/KAN/FPGA_Prj/KAN_V1/KAN_V1.gen/sources_1/ip/layer0_coeff_in1_out2/sim/layer0_coeff_in1_out2.v" into library xil_defaultlib
INFO: [VRFC 10-311] analyzing module layer0_coeff_in1_out2
INFO: [VRFC 10-2263] Analyzing Verilog file "D:/KAN/FPGA_Prj/KAN_V1/KAN_V1.gen/sources_1/ip/layer0_coeff_in1_out1/sim/layer0_coeff_in1_out1.v" into library xil_defaultlib
INFO: [VRFC 10-311] analyzing module layer0_coeff_in1_out1
INFO: [VRFC 10-2263] Analyzing Verilog file "D:/KAN/FPGA_Prj/KAN_V1/KAN_V1.gen/sources_1/ip/layer0_coeff_in1_out0/sim/layer0_coeff_in1_out0.v" into library xil_defaultlib
INFO: [VRFC 10-311] analyzing module layer0_coeff_in1_out0
INFO: [VRFC 10-2263] Analyzing Verilog file "D:/KAN/FPGA_Prj/KAN_V1/KAN_V1.gen/sources_1/ip/layer0_coeff_in0_out4/sim/layer0_coeff_in0_out4.v" into library xil_defaultlib
INFO: [VRFC 10-311] analyzing module layer0_coeff_in0_out4
INFO: [VRFC 10-2263] Analyzing Verilog file "D:/KAN/FPGA_Prj/KAN_V1/KAN_V1.gen/sources_1/ip/layer0_coeff_in0_out3/sim/layer0_coeff_in0_out3.v" into library xil_defaultlib
INFO: [VRFC 10-311] analyzing module layer0_coeff_in0_out3
INFO: [VRFC 10-2263] Analyzing Verilog file "D:/KAN/FPGA_Prj/KAN_V1/KAN_V1.gen/sources_1/ip/layer0_coeff_in0_out2/sim/layer0_coeff_in0_out2.v" into library xil_defaultlib
INFO: [VRFC 10-311] analyzing module layer0_coeff_in0_out2
INFO: [VRFC 10-2263] Analyzing Verilog file "D:/KAN/FPGA_Prj/KAN_V1/KAN_V1.gen/sources_1/ip/layer0_coeff_in0_out1/sim/layer0_coeff_in0_out1.v" into library xil_defaultlib
INFO: [VRFC 10-311] analyzing module layer0_coeff_in0_out1
INFO: [VRFC 10-2263] Analyzing Verilog file "D:/KAN/FPGA_Prj/KAN_V1/KAN_V1.gen/sources_1/ip/layer0_coeff_in0_out0/sim/layer0_coeff_in0_out0.v" into library xil_defaultlib
INFO: [VRFC 10-311] analyzing module layer0_coeff_in0_out0
INFO: [VRFC 10-2263] Analyzing Verilog file "D:/KAN/FPGA_Prj/KAN_V1/KAN_V1.srcs/sources_1/new/BSU.v" into library xil_defaultlib
INFO: [VRFC 10-311] analyzing module BSU
INFO: [VRFC 10-2263] Analyzing Verilog file "D:/KAN/FPGA_Prj/KAN_V1/KAN_V1.srcs/sources_1/new/internal_finder.v" into library xil_defaultlib
INFO: [VRFC 10-311] analyzing module internal_finder
INFO: [VRFC 10-2263] Analyzing Verilog file "D:/KAN/FPGA_Prj/KAN_V1/KAN_V1.srcs/sources_1/new/mac.v" into library xil_defaultlib
INFO: [VRFC 10-311] analyzing module mac
INFO: [VRFC 10-2263] Analyzing Verilog file "D:/KAN/FPGA_Prj/KAN_V1/KAN_V1.srcs/sources_1/new/multiplier.v" into library xil_defaultlib
INFO: [VRFC 10-311] analyzing module multiplier
INFO: [USF-XSim-69] 'compile' step finished in '3' seconds
Command: launch_simulation -step elaborate -simset sim_1 -mode behavioral
INFO: [Vivado 12-12493] Simulation top is 'tb_bsu'
WARNING: [Vivado 12-13340] Unable to auto find GCC executables from simulator install path! (path not set)
INFO: [Vivado 12-5682] Launching behavioral simulation in 'D:/KAN/FPGA_Prj/KAN_V1/KAN_V1.sim/sim_1/behav/xsim'
INFO: [SIM-utils-51] Simulation object is 'sim_1'
INFO: [USF-XSim-3] XSim::Elaborate design
INFO: [USF-XSim-61] Executing 'ELABORATE' step in 'D:/KAN/FPGA_Prj/KAN_V1/KAN_V1.sim/sim_1/behav/xsim'
"xelab --incr --debug typical --relax --mt 2 -L xil_defaultlib -L blk_mem_gen_v8_4_7 -L uvm -L unisims_ver -L unimacro_ver -L secureip -L xpm --snapshot tb_bsu_behav xil_defaultlib.tb_bsu xil_defaultlib.glbl -log elaborate.log"
ECHO 处于关闭状态。
ECHO 处于关闭状态。
Vivado Simulator v2023.2
Copyright 1986-2022 Xilinx, Inc. All Rights Reserved.
Copyright 2022-2023 Advanced Micro Devices, Inc. All Rights Reserved.
Running: D:/Xilinx/Vivado/2023.2/bin/unwrapped/win64.o/xelab.exe --incr --debug typical --relax --mt 2 -L xil_defaultlib -L blk_mem_gen_v8_4_7 -L uvm -L unisims_ver -L unimacro_ver -L secureip -L xpm --snapshot tb_bsu_behav xil_defaultlib.tb_bsu xil_defaultlib.glbl -log elaborate.log 
Using 2 slave threads.
Starting static elaboration
Pass Through NonSizing Optimizer
WARNING: [VRFC 10-3091] actual bit length 32 differs from formal bit length 5 for port 'channel0_cs' [D:/KAN/FPGA_Prj/KAN_V1/KAN_V1.srcs/sim_1/new/tb_bsu.v:46]
WARNING: [VRFC 10-3091] actual bit length 32 differs from formal bit length 7 for port 'addra' [D:/KAN/FPGA_Prj/KAN_V1/KAN_V1.srcs/sources_1/new/Coeff_Rom.sv:211]
WARNING: [VRFC 10-3091] actual bit length 32 differs from formal bit length 6 for port 'addra' [D:/KAN/FPGA_Prj/KAN_V1/KAN_V1.srcs/sources_1/new/Coeff_Rom.sv:217]
WARNING: [VRFC 10-3091] actual bit length 32 differs from formal bit length 6 for port 'addra' [D:/KAN/FPGA_Prj/KAN_V1/KAN_V1.srcs/sources_1/new/Coeff_Rom.sv:223]
WARNING: [VRFC 10-3091] actual bit length 32 differs from formal bit length 6 for port 'addra' [D:/KAN/FPGA_Prj/KAN_V1/KAN_V1.srcs/sources_1/new/Coeff_Rom.sv:229]
WARNING: [VRFC 10-3091] actual bit length 32 differs from formal bit length 6 for port 'addra' [D:/KAN/FPGA_Prj/KAN_V1/KAN_V1.srcs/sources_1/new/Coeff_Rom.sv:235]
WARNING: [VRFC 10-3091] actual bit length 32 differs from formal bit length 6 for port 'addra' [D:/KAN/FPGA_Prj/KAN_V1/KAN_V1.srcs/sources_1/new/Coeff_Rom.sv:243]
WARNING: [VRFC 10-3091] actual bit length 32 differs from formal bit length 6 for port 'addra' [D:/KAN/FPGA_Prj/KAN_V1/KAN_V1.srcs/sources_1/new/Coeff_Rom.sv:249]
WARNING: [VRFC 10-3091] actual bit length 32 differs from formal bit length 6 for port 'addra' [D:/KAN/FPGA_Prj/KAN_V1/KAN_V1.srcs/sources_1/new/Coeff_Rom.sv:255]
WARNING: [VRFC 10-3091] actual bit length 32 differs from formal bit length 6 for port 'addra' [D:/KAN/FPGA_Prj/KAN_V1/KAN_V1.srcs/sources_1/new/Coeff_Rom.sv:262]
WARNING: [VRFC 10-3091] actual bit length 32 differs from formal bit length 6 for port 'addra' [D:/KAN/FPGA_Prj/KAN_V1/KAN_V1.srcs/sources_1/new/Coeff_Rom.sv:269]
WARNING: [VRFC 10-3091] actual bit length 32 differs from formal bit length 6 for port 'addra' [D:/KAN/FPGA_Prj/KAN_V1/KAN_V1.srcs/sources_1/new/Coeff_Rom.sv:276]
WARNING: [VRFC 10-3091] actual bit length 32 differs from formal bit length 6 for port 'addra' [D:/KAN/FPGA_Prj/KAN_V1/KAN_V1.srcs/sources_1/new/Coeff_Rom.sv:282]
WARNING: [VRFC 10-3091] actual bit length 32 differs from formal bit length 6 for port 'addra' [D:/KAN/FPGA_Prj/KAN_V1/KAN_V1.srcs/sources_1/new/Coeff_Rom.sv:288]
WARNING: [VRFC 10-3091] actual bit length 32 differs from formal bit length 6 for port 'addra' [D:/KAN/FPGA_Prj/KAN_V1/KAN_V1.srcs/sources_1/new/Coeff_Rom.sv:294]
WARNING: [VRFC 10-3091] actual bit length 32 differs from formal bit length 6 for port 'addra' [D:/KAN/FPGA_Prj/KAN_V1/KAN_V1.srcs/sources_1/new/Coeff_Rom.sv:300]
WARNING: [VRFC 10-3091] actual bit length 32 differs from formal bit length 6 for port 'addra' [D:/KAN/FPGA_Prj/KAN_V1/KAN_V1.srcs/sources_1/new/Coeff_Rom.sv:307]
WARNING: [VRFC 10-3091] actual bit length 32 differs from formal bit length 6 for port 'addra' [D:/KAN/FPGA_Prj/KAN_V1/KAN_V1.srcs/sources_1/new/Coeff_Rom.sv:313]
WARNING: [VRFC 10-3091] actual bit length 32 differs from formal bit length 6 for port 'addra' [D:/KAN/FPGA_Prj/KAN_V1/KAN_V1.srcs/sources_1/new/Coeff_Rom.sv:319]
WARNING: [VRFC 10-3091] actual bit length 32 differs from formal bit length 6 for port 'addra' [D:/KAN/FPGA_Prj/KAN_V1/KAN_V1.srcs/sources_1/new/Coeff_Rom.sv:325]
WARNING: [VRFC 10-3091] actual bit length 32 differs from formal bit length 6 for port 'addra' [D:/KAN/FPGA_Prj/KAN_V1/KAN_V1.srcs/sources_1/new/Coeff_Rom.sv:331]
Completed static elaboration
Starting simulation data flow analysis
Completed simulation data flow analysis
Time Resolution for simulation is 1ps
Compiling module blk_mem_gen_v8_4_7.blk_mem_gen_v8_4_7_output_stage(...
Compiling module blk_mem_gen_v8_4_7.blk_mem_gen_v8_4_7_softecc_outpu...
Compiling module blk_mem_gen_v8_4_7.blk_mem_gen_v8_4_7_mem_module(C_...
Compiling module blk_mem_gen_v8_4_7.blk_mem_gen_v8_4_7(C_FAMILY="zyn...
Compiling module xil_defaultlib.layer0_coeff_in0_out0
Compiling module blk_mem_gen_v8_4_7.blk_mem_gen_v8_4_7_output_stage(...
Compiling module blk_mem_gen_v8_4_7.blk_mem_gen_v8_4_7_softecc_outpu...
Compiling module blk_mem_gen_v8_4_7.blk_mem_gen_v8_4_7_mem_module(C_...
Compiling module blk_mem_gen_v8_4_7.blk_mem_gen_v8_4_7(C_FAMILY="zyn...
Compiling module xil_defaultlib.layer0_coeff_in0_out1
Compiling module blk_mem_gen_v8_4_7.blk_mem_gen_v8_4_7_mem_module(C_...
Compiling module blk_mem_gen_v8_4_7.blk_mem_gen_v8_4_7(C_FAMILY="zyn...
Compiling module xil_defaultlib.layer0_coeff_in0_out2
Compiling module blk_mem_gen_v8_4_7.blk_mem_gen_v8_4_7_mem_module(C_...
Compiling module blk_mem_gen_v8_4_7.blk_mem_gen_v8_4_7(C_FAMILY="zyn...
Compiling module xil_defaultlib.layer0_coeff_in0_out3
Compiling module blk_mem_gen_v8_4_7.blk_mem_gen_v8_4_7_mem_module(C_...
Compiling module blk_mem_gen_v8_4_7.blk_mem_gen_v8_4_7(C_FAMILY="zyn...
Compiling module xil_defaultlib.layer0_coeff_in0_out4
Compiling module blk_mem_gen_v8_4_7.blk_mem_gen_v8_4_7_mem_module(C_...
Compiling module blk_mem_gen_v8_4_7.blk_mem_gen_v8_4_7(C_FAMILY="zyn...
Compiling module xil_defaultlib.layer0_coeff_in1_out0
Compiling module blk_mem_gen_v8_4_7.blk_mem_gen_v8_4_7_mem_module(C_...
Compiling module blk_mem_gen_v8_4_7.blk_mem_gen_v8_4_7(C_FAMILY="zyn...
Compiling module xil_defaultlib.layer0_coeff_in1_out1
Compiling module blk_mem_gen_v8_4_7.blk_mem_gen_v8_4_7_mem_module(C_...
Compiling module blk_mem_gen_v8_4_7.blk_mem_gen_v8_4_7(C_FAMILY="zyn...
Compiling module xil_defaultlib.layer0_coeff_in1_out2
Compiling module blk_mem_gen_v8_4_7.blk_mem_gen_v8_4_7_mem_module(C_...
Compiling module blk_mem_gen_v8_4_7.blk_mem_gen_v8_4_7(C_FAMILY="zyn...
Compiling module xil_defaultlib.layer0_coeff_in1_out3
Compiling module blk_mem_gen_v8_4_7.blk_mem_gen_v8_4_7_mem_module(C_...
Compiling module blk_mem_gen_v8_4_7.blk_mem_gen_v8_4_7(C_FAMILY="zyn...
Compiling module xil_defaultlib.layer0_coeff_in1_out4
Compiling module blk_mem_gen_v8_4_7.blk_mem_gen_v8_4_7_mem_module(C_...
Compiling module blk_mem_gen_v8_4_7.blk_mem_gen_v8_4_7(C_FAMILY="zyn...
Compiling module xil_defaultlib.layer0_coeff_in2_out0
Compiling module blk_mem_gen_v8_4_7.blk_mem_gen_v8_4_7_mem_module(C_...
Compiling module blk_mem_gen_v8_4_7.blk_mem_gen_v8_4_7(C_FAMILY="zyn...
Compiling module xil_defaultlib.layer0_coeff_in2_out1
Compiling module blk_mem_gen_v8_4_7.blk_mem_gen_v8_4_7_mem_module(C_...
Compiling module blk_mem_gen_v8_4_7.blk_mem_gen_v8_4_7(C_FAMILY="zyn...
Compiling module xil_defaultlib.layer0_coeff_in2_out2
Compiling module blk_mem_gen_v8_4_7.blk_mem_gen_v8_4_7_mem_module(C_...
Compiling module blk_mem_gen_v8_4_7.blk_mem_gen_v8_4_7(C_FAMILY="zyn...
Compiling module xil_defaultlib.layer0_coeff_in2_out3
Compiling module blk_mem_gen_v8_4_7.blk_mem_gen_v8_4_7_mem_module(C_...
Compiling module blk_mem_gen_v8_4_7.blk_mem_gen_v8_4_7(C_FAMILY="zyn...
Compiling module xil_defaultlib.layer0_coeff_in2_out4
Compiling module blk_mem_gen_v8_4_7.blk_mem_gen_v8_4_7_mem_module(C_...
Compiling module blk_mem_gen_v8_4_7.blk_mem_gen_v8_4_7(C_FAMILY="zyn...
Compiling module xil_defaultlib.layer1_coeff_in0_out0
Compiling module blk_mem_gen_v8_4_7.blk_mem_gen_v8_4_7_mem_module(C_...
Compiling module blk_mem_gen_v8_4_7.blk_mem_gen_v8_4_7(C_FAMILY="zyn...
Compiling module xil_defaultlib.layer1_coeff_in1_out0
Compiling module blk_mem_gen_v8_4_7.blk_mem_gen_v8_4_7_mem_module(C_...
Compiling module blk_mem_gen_v8_4_7.blk_mem_gen_v8_4_7(C_FAMILY="zyn...
Compiling module xil_defaultlib.layer1_coeff_in2_out0
Compiling module blk_mem_gen_v8_4_7.blk_mem_gen_v8_4_7_mem_module(C_...
Compiling module blk_mem_gen_v8_4_7.blk_mem_gen_v8_4_7(C_FAMILY="zyn...
Compiling module xil_defaultlib.layer1_coeff_in3_out0
Compiling module blk_mem_gen_v8_4_7.blk_mem_gen_v8_4_7_mem_module(C_...
Compiling module blk_mem_gen_v8_4_7.blk_mem_gen_v8_4_7(C_FAMILY="zyn...
Compiling module xil_defaultlib.layer1_coeff_in4_out0
Compiling module xil_defaultlib.Coeff_Rom
Compiling module xil_defaultlib.internal_finder
Compiling module xil_defaultlib.multiplier
Compiling module xil_defaultlib.mac
Compiling module xil_defaultlib.BSU
Compiling module xil_defaultlib.tb_bsu
Compiling module xil_defaultlib.glbl
Built simulation snapshot tb_bsu_behav
run_program: Time (s): cpu = 00:00:01 ; elapsed = 00:00:27 . Memory (MB): peak = 1651.910 ; gain = 0.000
INFO: [USF-XSim-69] 'elaborate' step finished in '27' seconds
launch_simulation: Time (s): cpu = 00:00:01 ; elapsed = 00:00:28 . Memory (MB): peak = 1651.910 ; gain = 0.000
Time resolution is 1 ps
 Block Memory Generator module loading initial data...
 Block Memory Generator data initialization complete.
Block Memory Generator module tb_bsu.ROM_TEST.bram0.inst.\native_mem_module.blk_mem_gen_v8_4_7_inst  is using a behavioral model for simulation which will not precisely model memory collision behavior.
 Block Memory Generator module loading initial data...
 Block Memory Generator data initialization complete.
Block Memory Generator module tb_bsu.ROM_TEST.bram1.inst.\native_mem_module.blk_mem_gen_v8_4_7_inst  is using a behavioral model for simulation which will not precisely model memory collision behavior.
 Block Memory Generator module loading initial data...
 Block Memory Generator data initialization complete.
Block Memory Generator module tb_bsu.ROM_TEST.bram2.inst.\native_mem_module.blk_mem_gen_v8_4_7_inst  is using a behavioral model for simulation which will not precisely model memory collision behavior.
 Block Memory Generator module loading initial data...
 Block Memory Generator data initialization complete.
Block Memory Generator module tb_bsu.ROM_TEST.bram3.inst.\native_mem_module.blk_mem_gen_v8_4_7_inst  is using a behavioral model for simulation which will not precisely model memory collision behavior.
 Block Memory Generator module loading initial data...
 Block Memory Generator data initialization complete.
Block Memory Generator module tb_bsu.ROM_TEST.bram4.inst.\native_mem_module.blk_mem_gen_v8_4_7_inst  is using a behavioral model for simulation which will not precisely model memory collision behavior.
 Block Memory Generator module loading initial data...
 Block Memory Generator data initialization complete.
Block Memory Generator module tb_bsu.ROM_TEST.bram5.inst.\native_mem_module.blk_mem_gen_v8_4_7_inst  is using a behavioral model for simulation which will not precisely model memory collision behavior.
 Block Memory Generator module loading initial data...
 Block Memory Generator data initialization complete.
Block Memory Generator module tb_bsu.ROM_TEST.bram6.inst.\native_mem_module.blk_mem_gen_v8_4_7_inst  is using a behavioral model for simulation which will not precisely model memory collision behavior.
 Block Memory Generator module loading initial data...
 Block Memory Generator data initialization complete.
Block Memory Generator module tb_bsu.ROM_TEST.bram7.inst.\native_mem_module.blk_mem_gen_v8_4_7_inst  is using a behavioral model for simulation which will not precisely model memory collision behavior.
 Block Memory Generator module loading initial data...
 Block Memory Generator data initialization complete.
Block Memory Generator module tb_bsu.ROM_TEST.bram8.inst.\native_mem_module.blk_mem_gen_v8_4_7_inst  is using a behavioral model for simulation which will not precisely model memory collision behavior.
 Block Memory Generator module loading initial data...
 Block Memory Generator data initialization complete.
Block Memory Generator module tb_bsu.ROM_TEST.bram9.inst.\native_mem_module.blk_mem_gen_v8_4_7_inst  is using a behavioral model for simulation which will not precisely model memory collision behavior.
 Block Memory Generator module loading initial data...
 Block Memory Generator data initialization complete.
Block Memory Generator module tb_bsu.ROM_TEST.bram10.inst.\native_mem_module.blk_mem_gen_v8_4_7_inst  is using a behavioral model for simulation which will not precisely model memory collision behavior.
 Block Memory Generator module loading initial data...
 Block Memory Generator data initialization complete.
Block Memory Generator module tb_bsu.ROM_TEST.bram11.inst.\native_mem_module.blk_mem_gen_v8_4_7_inst  is using a behavioral model for simulation which will not precisely model memory collision behavior.
 Block Memory Generator module loading initial data...
 Block Memory Generator data initialization complete.
Block Memory Generator module tb_bsu.ROM_TEST.bram12.inst.\native_mem_module.blk_mem_gen_v8_4_7_inst  is using a behavioral model for simulation which will not precisely model memory collision behavior.
 Block Memory Generator module loading initial data...
 Block Memory Generator data initialization complete.
Block Memory Generator module tb_bsu.ROM_TEST.bram13.inst.\native_mem_module.blk_mem_gen_v8_4_7_inst  is using a behavioral model for simulation which will not precisely model memory collision behavior.
 Block Memory Generator module loading initial data...
 Block Memory Generator data initialization complete.
Block Memory Generator module tb_bsu.ROM_TEST.bram14.inst.\native_mem_module.blk_mem_gen_v8_4_7_inst  is using a behavioral model for simulation which will not precisely model memory collision behavior.
 Block Memory Generator module loading initial data...
 Block Memory Generator data initialization complete.
Block Memory Generator module tb_bsu.ROM_TEST.bram15.inst.\native_mem_module.blk_mem_gen_v8_4_7_inst  is using a behavioral model for simulation which will not precisely model memory collision behavior.
 Block Memory Generator module loading initial data...
 Block Memory Generator data initialization complete.
Block Memory Generator module tb_bsu.ROM_TEST.bram16.inst.\native_mem_module.blk_mem_gen_v8_4_7_inst  is using a behavioral model for simulation which will not precisely model memory collision behavior.
 Block Memory Generator module loading initial data...
 Block Memory Generator data initialization complete.
Block Memory Generator module tb_bsu.ROM_TEST.bram17.inst.\native_mem_module.blk_mem_gen_v8_4_7_inst  is using a behavioral model for simulation which will not precisely model memory collision behavior.
 Block Memory Generator module loading initial data...
 Block Memory Generator data initialization complete.
Block Memory Generator module tb_bsu.ROM_TEST.bram18.inst.\native_mem_module.blk_mem_gen_v8_4_7_inst  is using a behavioral model for simulation which will not precisely model memory collision behavior.
 Block Memory Generator module loading initial data...
 Block Memory Generator data initialization complete.
Block Memory Generator module tb_bsu.ROM_TEST.bram19.inst.\native_mem_module.blk_mem_gen_v8_4_7_inst  is using a behavioral model for simulation which will not precisely model memory collision behavior.
relaunch_sim: Time (s): cpu = 00:00:03 ; elapsed = 00:00:34 . Memory (MB): peak = 1656.188 ; gain = 4.277
save_wave_config {D:/KAN/FPGA_Prj/KAN_V1/tb_module_behav.wcfg}
close_sim
INFO: [Simtcl 6-16] Simulation closed
launch_simulation
Command: launch_simulation 
INFO: [Vivado 12-12493] Simulation top is 'tb_bsu'
WARNING: [Vivado 12-13340] Unable to auto find GCC executables from simulator install path! (path not set)
INFO: [Vivado 12-5682] Launching behavioral simulation in 'D:/KAN/FPGA_Prj/KAN_V1/KAN_V1.sim/sim_1/behav/xsim'
INFO: [SIM-utils-51] Simulation object is 'sim_1'
INFO: [SIM-utils-72] Using boost library from 'D:/Xilinx/Vivado/2023.2/tps/boost_1_72_0'
INFO: [USF-XSim-7] Finding pre-compiled libraries...
INFO: [USF-XSim-11] File 'D:/Xilinx/Vivado/2023.2/data/xsim/xsim.ini' copied to run dir:'D:/KAN/FPGA_Prj/KAN_V1/KAN_V1.sim/sim_1/behav/xsim'
INFO: [SIM-utils-54] Inspecting design source files for 'tb_bsu' in fileset 'sim_1'...
INFO: [SIM-utils-43] Exported 'D:/KAN/FPGA_Prj/KAN_V1/KAN_V1.sim/sim_1/behav/xsim/layer0_coeff_in0_out0.mif'
INFO: [SIM-utils-43] Exported 'D:/KAN/FPGA_Prj/KAN_V1/KAN_V1.sim/sim_1/behav/xsim/layer0_coeff_in0_out0.coe'
INFO: [SIM-utils-43] Exported 'D:/KAN/FPGA_Prj/KAN_V1/KAN_V1.sim/sim_1/behav/xsim/layer0_coeff_in0_out1.mif'
INFO: [SIM-utils-43] Exported 'D:/KAN/FPGA_Prj/KAN_V1/KAN_V1.sim/sim_1/behav/xsim/layer0_coeff_in0_out1.coe'
INFO: [SIM-utils-43] Exported 'D:/KAN/FPGA_Prj/KAN_V1/KAN_V1.sim/sim_1/behav/xsim/layer0_coeff_in0_out2.mif'
INFO: [SIM-utils-43] Exported 'D:/KAN/FPGA_Prj/KAN_V1/KAN_V1.sim/sim_1/behav/xsim/layer0_coeff_in0_out2.coe'
INFO: [SIM-utils-43] Exported 'D:/KAN/FPGA_Prj/KAN_V1/KAN_V1.sim/sim_1/behav/xsim/layer0_coeff_in0_out3.mif'
INFO: [SIM-utils-43] Exported 'D:/KAN/FPGA_Prj/KAN_V1/KAN_V1.sim/sim_1/behav/xsim/layer0_coeff_in0_out3.coe'
INFO: [SIM-utils-43] Exported 'D:/KAN/FPGA_Prj/KAN_V1/KAN_V1.sim/sim_1/behav/xsim/layer0_coeff_in0_out4.mif'
INFO: [SIM-utils-43] Exported 'D:/KAN/FPGA_Prj/KAN_V1/KAN_V1.sim/sim_1/behav/xsim/layer0_coeff_in0_out4.coe'
INFO: [SIM-utils-43] Exported 'D:/KAN/FPGA_Prj/KAN_V1/KAN_V1.sim/sim_1/behav/xsim/layer0_coeff_in1_out0.mif'
INFO: [SIM-utils-43] Exported 'D:/KAN/FPGA_Prj/KAN_V1/KAN_V1.sim/sim_1/behav/xsim/layer0_coeff_in1_out0.coe'
INFO: [SIM-utils-43] Exported 'D:/KAN/FPGA_Prj/KAN_V1/KAN_V1.sim/sim_1/behav/xsim/layer0_coeff_in1_out1.mif'
INFO: [SIM-utils-43] Exported 'D:/KAN/FPGA_Prj/KAN_V1/KAN_V1.sim/sim_1/behav/xsim/layer0_coeff_in1_out1.coe'
INFO: [SIM-utils-43] Exported 'D:/KAN/FPGA_Prj/KAN_V1/KAN_V1.sim/sim_1/behav/xsim/layer0_coeff_in1_out2.mif'
INFO: [SIM-utils-43] Exported 'D:/KAN/FPGA_Prj/KAN_V1/KAN_V1.sim/sim_1/behav/xsim/layer0_coeff_in1_out2.coe'
INFO: [SIM-utils-43] Exported 'D:/KAN/FPGA_Prj/KAN_V1/KAN_V1.sim/sim_1/behav/xsim/layer0_coeff_in1_out3.mif'
INFO: [SIM-utils-43] Exported 'D:/KAN/FPGA_Prj/KAN_V1/KAN_V1.sim/sim_1/behav/xsim/layer0_coeff_in1_out3.coe'
INFO: [SIM-utils-43] Exported 'D:/KAN/FPGA_Prj/KAN_V1/KAN_V1.sim/sim_1/behav/xsim/layer0_coeff_in1_out4.mif'
INFO: [SIM-utils-43] Exported 'D:/KAN/FPGA_Prj/KAN_V1/KAN_V1.sim/sim_1/behav/xsim/layer0_coeff_in1_out4.coe'
INFO: [SIM-utils-43] Exported 'D:/KAN/FPGA_Prj/KAN_V1/KAN_V1.sim/sim_1/behav/xsim/layer0_coeff_in2_out0.mif'
INFO: [SIM-utils-43] Exported 'D:/KAN/FPGA_Prj/KAN_V1/KAN_V1.sim/sim_1/behav/xsim/layer0_coeff_in2_out0.coe'
INFO: [SIM-utils-43] Exported 'D:/KAN/FPGA_Prj/KAN_V1/KAN_V1.sim/sim_1/behav/xsim/layer0_coeff_in2_out1.mif'
INFO: [SIM-utils-43] Exported 'D:/KAN/FPGA_Prj/KAN_V1/KAN_V1.sim/sim_1/behav/xsim/layer0_coeff_in2_out1.coe'
INFO: [SIM-utils-43] Exported 'D:/KAN/FPGA_Prj/KAN_V1/KAN_V1.sim/sim_1/behav/xsim/layer0_coeff_in2_out2.mif'
INFO: [SIM-utils-43] Exported 'D:/KAN/FPGA_Prj/KAN_V1/KAN_V1.sim/sim_1/behav/xsim/layer0_coeff_in2_out2.coe'
INFO: [SIM-utils-43] Exported 'D:/KAN/FPGA_Prj/KAN_V1/KAN_V1.sim/sim_1/behav/xsim/layer0_coeff_in2_out3.mif'
INFO: [SIM-utils-43] Exported 'D:/KAN/FPGA_Prj/KAN_V1/KAN_V1.sim/sim_1/behav/xsim/layer0_coeff_in2_out3.coe'
INFO: [SIM-utils-43] Exported 'D:/KAN/FPGA_Prj/KAN_V1/KAN_V1.sim/sim_1/behav/xsim/layer0_coeff_in2_out4.mif'
INFO: [SIM-utils-43] Exported 'D:/KAN/FPGA_Prj/KAN_V1/KAN_V1.sim/sim_1/behav/xsim/layer0_coeff_in2_out4.coe'
INFO: [SIM-utils-43] Exported 'D:/KAN/FPGA_Prj/KAN_V1/KAN_V1.sim/sim_1/behav/xsim/layer1_coeff_in0_out0.mif'
INFO: [SIM-utils-43] Exported 'D:/KAN/FPGA_Prj/KAN_V1/KAN_V1.sim/sim_1/behav/xsim/layer1_coeff_in0_out0.coe'
INFO: [SIM-utils-43] Exported 'D:/KAN/FPGA_Prj/KAN_V1/KAN_V1.sim/sim_1/behav/xsim/layer1_coeff_in1_out0.mif'
INFO: [SIM-utils-43] Exported 'D:/KAN/FPGA_Prj/KAN_V1/KAN_V1.sim/sim_1/behav/xsim/layer1_coeff_in1_out0.coe'
INFO: [SIM-utils-43] Exported 'D:/KAN/FPGA_Prj/KAN_V1/KAN_V1.sim/sim_1/behav/xsim/layer1_coeff_in2_out0.mif'
INFO: [SIM-utils-43] Exported 'D:/KAN/FPGA_Prj/KAN_V1/KAN_V1.sim/sim_1/behav/xsim/layer1_coeff_in2_out0.coe'
INFO: [SIM-utils-43] Exported 'D:/KAN/FPGA_Prj/KAN_V1/KAN_V1.sim/sim_1/behav/xsim/layer1_coeff_in3_out0.mif'
INFO: [SIM-utils-43] Exported 'D:/KAN/FPGA_Prj/KAN_V1/KAN_V1.sim/sim_1/behav/xsim/layer1_coeff_in3_out0.coe'
INFO: [SIM-utils-43] Exported 'D:/KAN/FPGA_Prj/KAN_V1/KAN_V1.sim/sim_1/behav/xsim/layer1_coeff_in4_out0.mif'
INFO: [SIM-utils-43] Exported 'D:/KAN/FPGA_Prj/KAN_V1/KAN_V1.sim/sim_1/behav/xsim/layer1_coeff_in4_out0.coe'
INFO: [USF-XSim-97] Finding global include files...
INFO: [USF-XSim-98] Fetching design files from 'sim_1'...
INFO: [USF-XSim-2] XSim::Compile design
INFO: [USF-XSim-61] Executing 'COMPILE and ANALYZE' step in 'D:/KAN/FPGA_Prj/KAN_V1/KAN_V1.sim/sim_1/behav/xsim'
"xvlog --incr --relax -L uvm -prj tb_bsu_vlog.prj"
ECHO 处于关闭状态。
ECHO 处于关闭状态。
INFO: [VRFC 10-2263] Analyzing Verilog file "D:/KAN/FPGA_Prj/KAN_V1/KAN_V1.gen/sources_1/ip/layer1_coeff_in4_out0/sim/layer1_coeff_in4_out0.v" into library xil_defaultlib
INFO: [VRFC 10-311] analyzing module layer1_coeff_in4_out0
INFO: [VRFC 10-2263] Analyzing Verilog file "D:/KAN/FPGA_Prj/KAN_V1/KAN_V1.gen/sources_1/ip/layer1_coeff_in3_out0/sim/layer1_coeff_in3_out0.v" into library xil_defaultlib
INFO: [VRFC 10-311] analyzing module layer1_coeff_in3_out0
INFO: [VRFC 10-2263] Analyzing Verilog file "D:/KAN/FPGA_Prj/KAN_V1/KAN_V1.gen/sources_1/ip/layer1_coeff_in2_out0/sim/layer1_coeff_in2_out0.v" into library xil_defaultlib
INFO: [VRFC 10-311] analyzing module layer1_coeff_in2_out0
INFO: [VRFC 10-2263] Analyzing Verilog file "D:/KAN/FPGA_Prj/KAN_V1/KAN_V1.gen/sources_1/ip/layer1_coeff_in1_out0/sim/layer1_coeff_in1_out0.v" into library xil_defaultlib
INFO: [VRFC 10-311] analyzing module layer1_coeff_in1_out0
INFO: [VRFC 10-2263] Analyzing Verilog file "D:/KAN/FPGA_Prj/KAN_V1/KAN_V1.gen/sources_1/ip/layer1_coeff_in0_out0/sim/layer1_coeff_in0_out0.v" into library xil_defaultlib
INFO: [VRFC 10-311] analyzing module layer1_coeff_in0_out0
INFO: [VRFC 10-2263] Analyzing Verilog file "D:/KAN/FPGA_Prj/KAN_V1/KAN_V1.gen/sources_1/ip/layer0_coeff_in2_out4/sim/layer0_coeff_in2_out4.v" into library xil_defaultlib
INFO: [VRFC 10-311] analyzing module layer0_coeff_in2_out4
INFO: [VRFC 10-2263] Analyzing Verilog file "D:/KAN/FPGA_Prj/KAN_V1/KAN_V1.gen/sources_1/ip/layer0_coeff_in2_out3/sim/layer0_coeff_in2_out3.v" into library xil_defaultlib
INFO: [VRFC 10-311] analyzing module layer0_coeff_in2_out3
INFO: [VRFC 10-2263] Analyzing Verilog file "D:/KAN/FPGA_Prj/KAN_V1/KAN_V1.gen/sources_1/ip/layer0_coeff_in2_out2/sim/layer0_coeff_in2_out2.v" into library xil_defaultlib
INFO: [VRFC 10-311] analyzing module layer0_coeff_in2_out2
INFO: [VRFC 10-2263] Analyzing Verilog file "D:/KAN/FPGA_Prj/KAN_V1/KAN_V1.gen/sources_1/ip/layer0_coeff_in2_out1/sim/layer0_coeff_in2_out1.v" into library xil_defaultlib
INFO: [VRFC 10-311] analyzing module layer0_coeff_in2_out1
INFO: [VRFC 10-2263] Analyzing Verilog file "D:/KAN/FPGA_Prj/KAN_V1/KAN_V1.gen/sources_1/ip/layer0_coeff_in2_out0/sim/layer0_coeff_in2_out0.v" into library xil_defaultlib
INFO: [VRFC 10-311] analyzing module layer0_coeff_in2_out0
INFO: [VRFC 10-2263] Analyzing Verilog file "D:/KAN/FPGA_Prj/KAN_V1/KAN_V1.gen/sources_1/ip/layer0_coeff_in1_out4/sim/layer0_coeff_in1_out4.v" into library xil_defaultlib
INFO: [VRFC 10-311] analyzing module layer0_coeff_in1_out4
INFO: [VRFC 10-2263] Analyzing Verilog file "D:/KAN/FPGA_Prj/KAN_V1/KAN_V1.gen/sources_1/ip/layer0_coeff_in1_out3/sim/layer0_coeff_in1_out3.v" into library xil_defaultlib
INFO: [VRFC 10-311] analyzing module layer0_coeff_in1_out3
INFO: [VRFC 10-2263] Analyzing Verilog file "D:/KAN/FPGA_Prj/KAN_V1/KAN_V1.gen/sources_1/ip/layer0_coeff_in1_out2/sim/layer0_coeff_in1_out2.v" into library xil_defaultlib
INFO: [VRFC 10-311] analyzing module layer0_coeff_in1_out2
INFO: [VRFC 10-2263] Analyzing Verilog file "D:/KAN/FPGA_Prj/KAN_V1/KAN_V1.gen/sources_1/ip/layer0_coeff_in1_out1/sim/layer0_coeff_in1_out1.v" into library xil_defaultlib
INFO: [VRFC 10-311] analyzing module layer0_coeff_in1_out1
INFO: [VRFC 10-2263] Analyzing Verilog file "D:/KAN/FPGA_Prj/KAN_V1/KAN_V1.gen/sources_1/ip/layer0_coeff_in1_out0/sim/layer0_coeff_in1_out0.v" into library xil_defaultlib
INFO: [VRFC 10-311] analyzing module layer0_coeff_in1_out0
INFO: [VRFC 10-2263] Analyzing Verilog file "D:/KAN/FPGA_Prj/KAN_V1/KAN_V1.gen/sources_1/ip/layer0_coeff_in0_out4/sim/layer0_coeff_in0_out4.v" into library xil_defaultlib
INFO: [VRFC 10-311] analyzing module layer0_coeff_in0_out4
INFO: [VRFC 10-2263] Analyzing Verilog file "D:/KAN/FPGA_Prj/KAN_V1/KAN_V1.gen/sources_1/ip/layer0_coeff_in0_out3/sim/layer0_coeff_in0_out3.v" into library xil_defaultlib
INFO: [VRFC 10-311] analyzing module layer0_coeff_in0_out3
INFO: [VRFC 10-2263] Analyzing Verilog file "D:/KAN/FPGA_Prj/KAN_V1/KAN_V1.gen/sources_1/ip/layer0_coeff_in0_out2/sim/layer0_coeff_in0_out2.v" into library xil_defaultlib
INFO: [VRFC 10-311] analyzing module layer0_coeff_in0_out2
INFO: [VRFC 10-2263] Analyzing Verilog file "D:/KAN/FPGA_Prj/KAN_V1/KAN_V1.gen/sources_1/ip/layer0_coeff_in0_out1/sim/layer0_coeff_in0_out1.v" into library xil_defaultlib
INFO: [VRFC 10-311] analyzing module layer0_coeff_in0_out1
INFO: [VRFC 10-2263] Analyzing Verilog file "D:/KAN/FPGA_Prj/KAN_V1/KAN_V1.gen/sources_1/ip/layer0_coeff_in0_out0/sim/layer0_coeff_in0_out0.v" into library xil_defaultlib
INFO: [VRFC 10-311] analyzing module layer0_coeff_in0_out0
INFO: [VRFC 10-2263] Analyzing Verilog file "D:/KAN/FPGA_Prj/KAN_V1/KAN_V1.srcs/sources_1/new/BSU.v" into library xil_defaultlib
INFO: [VRFC 10-311] analyzing module BSU
INFO: [VRFC 10-2263] Analyzing Verilog file "D:/KAN/FPGA_Prj/KAN_V1/KAN_V1.srcs/sources_1/new/internal_finder.v" into library xil_defaultlib
INFO: [VRFC 10-311] analyzing module internal_finder
INFO: [VRFC 10-2263] Analyzing Verilog file "D:/KAN/FPGA_Prj/KAN_V1/KAN_V1.srcs/sources_1/new/mac.v" into library xil_defaultlib
INFO: [VRFC 10-311] analyzing module mac
INFO: [VRFC 10-2263] Analyzing Verilog file "D:/KAN/FPGA_Prj/KAN_V1/KAN_V1.srcs/sources_1/new/multiplier.v" into library xil_defaultlib
INFO: [VRFC 10-311] analyzing module multiplier
INFO: [USF-XSim-69] 'compile' step finished in '3' seconds
INFO: [USF-XSim-3] XSim::Elaborate design
INFO: [USF-XSim-61] Executing 'ELABORATE' step in 'D:/KAN/FPGA_Prj/KAN_V1/KAN_V1.sim/sim_1/behav/xsim'
"xelab --incr --debug typical --relax --mt 2 -L xil_defaultlib -L blk_mem_gen_v8_4_7 -L uvm -L unisims_ver -L unimacro_ver -L secureip -L xpm --snapshot tb_bsu_behav xil_defaultlib.tb_bsu xil_defaultlib.glbl -log elaborate.log"
ECHO 处于关闭状态。
ECHO 处于关闭状态。
Vivado Simulator v2023.2
Copyright 1986-2022 Xilinx, Inc. All Rights Reserved.
Copyright 2022-2023 Advanced Micro Devices, Inc. All Rights Reserved.
Running: D:/Xilinx/Vivado/2023.2/bin/unwrapped/win64.o/xelab.exe --incr --debug typical --relax --mt 2 -L xil_defaultlib -L blk_mem_gen_v8_4_7 -L uvm -L unisims_ver -L unimacro_ver -L secureip -L xpm --snapshot tb_bsu_behav xil_defaultlib.tb_bsu xil_defaultlib.glbl -log elaborate.log 
Using 2 slave threads.
Starting static elaboration
Pass Through NonSizing Optimizer
WARNING: [VRFC 10-3091] actual bit length 32 differs from formal bit length 5 for port 'channel0_cs' [D:/KAN/FPGA_Prj/KAN_V1/KAN_V1.srcs/sim_1/new/tb_bsu.v:46]
WARNING: [VRFC 10-3091] actual bit length 32 differs from formal bit length 7 for port 'addra' [D:/KAN/FPGA_Prj/KAN_V1/KAN_V1.srcs/sources_1/new/Coeff_Rom.sv:211]
WARNING: [VRFC 10-3091] actual bit length 32 differs from formal bit length 6 for port 'addra' [D:/KAN/FPGA_Prj/KAN_V1/KAN_V1.srcs/sources_1/new/Coeff_Rom.sv:217]
WARNING: [VRFC 10-3091] actual bit length 32 differs from formal bit length 6 for port 'addra' [D:/KAN/FPGA_Prj/KAN_V1/KAN_V1.srcs/sources_1/new/Coeff_Rom.sv:223]
WARNING: [VRFC 10-3091] actual bit length 32 differs from formal bit length 6 for port 'addra' [D:/KAN/FPGA_Prj/KAN_V1/KAN_V1.srcs/sources_1/new/Coeff_Rom.sv:229]
WARNING: [VRFC 10-3091] actual bit length 32 differs from formal bit length 6 for port 'addra' [D:/KAN/FPGA_Prj/KAN_V1/KAN_V1.srcs/sources_1/new/Coeff_Rom.sv:235]
WARNING: [VRFC 10-3091] actual bit length 32 differs from formal bit length 6 for port 'addra' [D:/KAN/FPGA_Prj/KAN_V1/KAN_V1.srcs/sources_1/new/Coeff_Rom.sv:243]
WARNING: [VRFC 10-3091] actual bit length 32 differs from formal bit length 6 for port 'addra' [D:/KAN/FPGA_Prj/KAN_V1/KAN_V1.srcs/sources_1/new/Coeff_Rom.sv:249]
WARNING: [VRFC 10-3091] actual bit length 32 differs from formal bit length 6 for port 'addra' [D:/KAN/FPGA_Prj/KAN_V1/KAN_V1.srcs/sources_1/new/Coeff_Rom.sv:255]
WARNING: [VRFC 10-3091] actual bit length 32 differs from formal bit length 6 for port 'addra' [D:/KAN/FPGA_Prj/KAN_V1/KAN_V1.srcs/sources_1/new/Coeff_Rom.sv:262]
WARNING: [VRFC 10-3091] actual bit length 32 differs from formal bit length 6 for port 'addra' [D:/KAN/FPGA_Prj/KAN_V1/KAN_V1.srcs/sources_1/new/Coeff_Rom.sv:269]
WARNING: [VRFC 10-3091] actual bit length 32 differs from formal bit length 6 for port 'addra' [D:/KAN/FPGA_Prj/KAN_V1/KAN_V1.srcs/sources_1/new/Coeff_Rom.sv:276]
WARNING: [VRFC 10-3091] actual bit length 32 differs from formal bit length 6 for port 'addra' [D:/KAN/FPGA_Prj/KAN_V1/KAN_V1.srcs/sources_1/new/Coeff_Rom.sv:282]
WARNING: [VRFC 10-3091] actual bit length 32 differs from formal bit length 6 for port 'addra' [D:/KAN/FPGA_Prj/KAN_V1/KAN_V1.srcs/sources_1/new/Coeff_Rom.sv:288]
WARNING: [VRFC 10-3091] actual bit length 32 differs from formal bit length 6 for port 'addra' [D:/KAN/FPGA_Prj/KAN_V1/KAN_V1.srcs/sources_1/new/Coeff_Rom.sv:294]
WARNING: [VRFC 10-3091] actual bit length 32 differs from formal bit length 6 for port 'addra' [D:/KAN/FPGA_Prj/KAN_V1/KAN_V1.srcs/sources_1/new/Coeff_Rom.sv:300]
WARNING: [VRFC 10-3091] actual bit length 32 differs from formal bit length 6 for port 'addra' [D:/KAN/FPGA_Prj/KAN_V1/KAN_V1.srcs/sources_1/new/Coeff_Rom.sv:307]
WARNING: [VRFC 10-3091] actual bit length 32 differs from formal bit length 6 for port 'addra' [D:/KAN/FPGA_Prj/KAN_V1/KAN_V1.srcs/sources_1/new/Coeff_Rom.sv:313]
WARNING: [VRFC 10-3091] actual bit length 32 differs from formal bit length 6 for port 'addra' [D:/KAN/FPGA_Prj/KAN_V1/KAN_V1.srcs/sources_1/new/Coeff_Rom.sv:319]
WARNING: [VRFC 10-3091] actual bit length 32 differs from formal bit length 6 for port 'addra' [D:/KAN/FPGA_Prj/KAN_V1/KAN_V1.srcs/sources_1/new/Coeff_Rom.sv:325]
WARNING: [VRFC 10-3091] actual bit length 32 differs from formal bit length 6 for port 'addra' [D:/KAN/FPGA_Prj/KAN_V1/KAN_V1.srcs/sources_1/new/Coeff_Rom.sv:331]
Completed static elaboration
Starting simulation data flow analysis
Completed simulation data flow analysis
Time Resolution for simulation is 1ps
Compiling module blk_mem_gen_v8_4_7.blk_mem_gen_v8_4_7_output_stage(...
Compiling module blk_mem_gen_v8_4_7.blk_mem_gen_v8_4_7_softecc_outpu...
Compiling module blk_mem_gen_v8_4_7.blk_mem_gen_v8_4_7_mem_module(C_...
Compiling module blk_mem_gen_v8_4_7.blk_mem_gen_v8_4_7(C_FAMILY="zyn...
Compiling module xil_defaultlib.layer0_coeff_in0_out0
Compiling module blk_mem_gen_v8_4_7.blk_mem_gen_v8_4_7_output_stage(...
Compiling module blk_mem_gen_v8_4_7.blk_mem_gen_v8_4_7_softecc_outpu...
Compiling module blk_mem_gen_v8_4_7.blk_mem_gen_v8_4_7_mem_module(C_...
Compiling module blk_mem_gen_v8_4_7.blk_mem_gen_v8_4_7(C_FAMILY="zyn...
Compiling module xil_defaultlib.layer0_coeff_in0_out1
Compiling module blk_mem_gen_v8_4_7.blk_mem_gen_v8_4_7_mem_module(C_...
Compiling module blk_mem_gen_v8_4_7.blk_mem_gen_v8_4_7(C_FAMILY="zyn...
Compiling module xil_defaultlib.layer0_coeff_in0_out2
Compiling module blk_mem_gen_v8_4_7.blk_mem_gen_v8_4_7_mem_module(C_...
Compiling module blk_mem_gen_v8_4_7.blk_mem_gen_v8_4_7(C_FAMILY="zyn...
Compiling module xil_defaultlib.layer0_coeff_in0_out3
Compiling module blk_mem_gen_v8_4_7.blk_mem_gen_v8_4_7_mem_module(C_...
Compiling module blk_mem_gen_v8_4_7.blk_mem_gen_v8_4_7(C_FAMILY="zyn...
Compiling module xil_defaultlib.layer0_coeff_in0_out4
Compiling module blk_mem_gen_v8_4_7.blk_mem_gen_v8_4_7_mem_module(C_...
Compiling module blk_mem_gen_v8_4_7.blk_mem_gen_v8_4_7(C_FAMILY="zyn...
Compiling module xil_defaultlib.layer0_coeff_in1_out0
Compiling module blk_mem_gen_v8_4_7.blk_mem_gen_v8_4_7_mem_module(C_...
Compiling module blk_mem_gen_v8_4_7.blk_mem_gen_v8_4_7(C_FAMILY="zyn...
Compiling module xil_defaultlib.layer0_coeff_in1_out1
Compiling module blk_mem_gen_v8_4_7.blk_mem_gen_v8_4_7_mem_module(C_...
Compiling module blk_mem_gen_v8_4_7.blk_mem_gen_v8_4_7(C_FAMILY="zyn...
Compiling module xil_defaultlib.layer0_coeff_in1_out2
Compiling module blk_mem_gen_v8_4_7.blk_mem_gen_v8_4_7_mem_module(C_...
Compiling module blk_mem_gen_v8_4_7.blk_mem_gen_v8_4_7(C_FAMILY="zyn...
Compiling module xil_defaultlib.layer0_coeff_in1_out3
Compiling module blk_mem_gen_v8_4_7.blk_mem_gen_v8_4_7_mem_module(C_...
Compiling module blk_mem_gen_v8_4_7.blk_mem_gen_v8_4_7(C_FAMILY="zyn...
Compiling module xil_defaultlib.layer0_coeff_in1_out4
Compiling module blk_mem_gen_v8_4_7.blk_mem_gen_v8_4_7_mem_module(C_...
Compiling module blk_mem_gen_v8_4_7.blk_mem_gen_v8_4_7(C_FAMILY="zyn...
Compiling module xil_defaultlib.layer0_coeff_in2_out0
Compiling module blk_mem_gen_v8_4_7.blk_mem_gen_v8_4_7_mem_module(C_...
Compiling module blk_mem_gen_v8_4_7.blk_mem_gen_v8_4_7(C_FAMILY="zyn...
Compiling module xil_defaultlib.layer0_coeff_in2_out1
Compiling module blk_mem_gen_v8_4_7.blk_mem_gen_v8_4_7_mem_module(C_...
Compiling module blk_mem_gen_v8_4_7.blk_mem_gen_v8_4_7(C_FAMILY="zyn...
Compiling module xil_defaultlib.layer0_coeff_in2_out2
Compiling module blk_mem_gen_v8_4_7.blk_mem_gen_v8_4_7_mem_module(C_...
Compiling module blk_mem_gen_v8_4_7.blk_mem_gen_v8_4_7(C_FAMILY="zyn...
Compiling module xil_defaultlib.layer0_coeff_in2_out3
Compiling module blk_mem_gen_v8_4_7.blk_mem_gen_v8_4_7_mem_module(C_...
Compiling module blk_mem_gen_v8_4_7.blk_mem_gen_v8_4_7(C_FAMILY="zyn...
Compiling module xil_defaultlib.layer0_coeff_in2_out4
Compiling module blk_mem_gen_v8_4_7.blk_mem_gen_v8_4_7_mem_module(C_...
Compiling module blk_mem_gen_v8_4_7.blk_mem_gen_v8_4_7(C_FAMILY="zyn...
Compiling module xil_defaultlib.layer1_coeff_in0_out0
Compiling module blk_mem_gen_v8_4_7.blk_mem_gen_v8_4_7_mem_module(C_...
Compiling module blk_mem_gen_v8_4_7.blk_mem_gen_v8_4_7(C_FAMILY="zyn...
Compiling module xil_defaultlib.layer1_coeff_in1_out0
Compiling module blk_mem_gen_v8_4_7.blk_mem_gen_v8_4_7_mem_module(C_...
Compiling module blk_mem_gen_v8_4_7.blk_mem_gen_v8_4_7(C_FAMILY="zyn...
Compiling module xil_defaultlib.layer1_coeff_in2_out0
Compiling module blk_mem_gen_v8_4_7.blk_mem_gen_v8_4_7_mem_module(C_...
Compiling module blk_mem_gen_v8_4_7.blk_mem_gen_v8_4_7(C_FAMILY="zyn...
Compiling module xil_defaultlib.layer1_coeff_in3_out0
Compiling module blk_mem_gen_v8_4_7.blk_mem_gen_v8_4_7_mem_module(C_...
Compiling module blk_mem_gen_v8_4_7.blk_mem_gen_v8_4_7(C_FAMILY="zyn...
Compiling module xil_defaultlib.layer1_coeff_in4_out0
Compiling module xil_defaultlib.Coeff_Rom
Compiling module xil_defaultlib.internal_finder
Compiling module xil_defaultlib.multiplier
Compiling module xil_defaultlib.mac
Compiling module xil_defaultlib.BSU
Compiling module xil_defaultlib.tb_bsu
Compiling module xil_defaultlib.glbl
Built simulation snapshot tb_bsu_behav
run_program: Time (s): cpu = 00:00:01 ; elapsed = 00:00:27 . Memory (MB): peak = 1657.492 ; gain = 0.000
INFO: [USF-XSim-69] 'elaborate' step finished in '27' seconds
INFO: [USF-XSim-4] XSim::Simulate design
INFO: [USF-XSim-61] Executing 'SIMULATE' step in 'D:/KAN/FPGA_Prj/KAN_V1/KAN_V1.sim/sim_1/behav/xsim'
INFO: [USF-XSim-98] *** Running xsim
   with args "tb_bsu_behav -key {Behavioral:sim_1:Functional:tb_bsu} -tclbatch {tb_bsu.tcl} -view {D:/KAN/FPGA_Prj/KAN_V1/tb_module_behav.wcfg} -log {simulate.log}"
INFO: [USF-XSim-8] Loading simulator feature
Time resolution is 1 ps
open_wave_config D:/KAN/FPGA_Prj/KAN_V1/tb_module_behav.wcfg
source tb_bsu.tcl
# set curr_wave [current_wave_config]
# if { [string length $curr_wave] == 0 } {
#   if { [llength [get_objects]] > 0} {
#     add_wave /
#     set_property needs_save false [current_wave_config]
#   } else {
#      send_msg_id Add_Wave-1 WARNING "No top level signals found. Simulator will start without a wave window. If you want to open a wave window go to 'File->New Waveform Configuration' or type 'create_wave_config' in the TCL console."
#   }
# }
# run 1000ns
 Block Memory Generator module loading initial data...
 Block Memory Generator data initialization complete.
Block Memory Generator module tb_bsu.ROM_TEST.bram0.inst.\native_mem_module.blk_mem_gen_v8_4_7_inst  is using a behavioral model for simulation which will not precisely model memory collision behavior.
 Block Memory Generator module loading initial data...
 Block Memory Generator data initialization complete.
Block Memory Generator module tb_bsu.ROM_TEST.bram1.inst.\native_mem_module.blk_mem_gen_v8_4_7_inst  is using a behavioral model for simulation which will not precisely model memory collision behavior.
 Block Memory Generator module loading initial data...
 Block Memory Generator data initialization complete.
Block Memory Generator module tb_bsu.ROM_TEST.bram2.inst.\native_mem_module.blk_mem_gen_v8_4_7_inst  is using a behavioral model for simulation which will not precisely model memory collision behavior.
 Block Memory Generator module loading initial data...
 Block Memory Generator data initialization complete.
Block Memory Generator module tb_bsu.ROM_TEST.bram3.inst.\native_mem_module.blk_mem_gen_v8_4_7_inst  is using a behavioral model for simulation which will not precisely model memory collision behavior.
 Block Memory Generator module loading initial data...
 Block Memory Generator data initialization complete.
Block Memory Generator module tb_bsu.ROM_TEST.bram4.inst.\native_mem_module.blk_mem_gen_v8_4_7_inst  is using a behavioral model for simulation which will not precisely model memory collision behavior.
 Block Memory Generator module loading initial data...
 Block Memory Generator data initialization complete.
Block Memory Generator module tb_bsu.ROM_TEST.bram5.inst.\native_mem_module.blk_mem_gen_v8_4_7_inst  is using a behavioral model for simulation which will not precisely model memory collision behavior.
 Block Memory Generator module loading initial data...
 Block Memory Generator data initialization complete.
Block Memory Generator module tb_bsu.ROM_TEST.bram6.inst.\native_mem_module.blk_mem_gen_v8_4_7_inst  is using a behavioral model for simulation which will not precisely model memory collision behavior.
 Block Memory Generator module loading initial data...
 Block Memory Generator data initialization complete.
Block Memory Generator module tb_bsu.ROM_TEST.bram7.inst.\native_mem_module.blk_mem_gen_v8_4_7_inst  is using a behavioral model for simulation which will not precisely model memory collision behavior.
 Block Memory Generator module loading initial data...
 Block Memory Generator data initialization complete.
Block Memory Generator module tb_bsu.ROM_TEST.bram8.inst.\native_mem_module.blk_mem_gen_v8_4_7_inst  is using a behavioral model for simulation which will not precisely model memory collision behavior.
 Block Memory Generator module loading initial data...
 Block Memory Generator data initialization complete.
Block Memory Generator module tb_bsu.ROM_TEST.bram9.inst.\native_mem_module.blk_mem_gen_v8_4_7_inst  is using a behavioral model for simulation which will not precisely model memory collision behavior.
 Block Memory Generator module loading initial data...
 Block Memory Generator data initialization complete.
Block Memory Generator module tb_bsu.ROM_TEST.bram10.inst.\native_mem_module.blk_mem_gen_v8_4_7_inst  is using a behavioral model for simulation which will not precisely model memory collision behavior.
 Block Memory Generator module loading initial data...
 Block Memory Generator data initialization complete.
Block Memory Generator module tb_bsu.ROM_TEST.bram11.inst.\native_mem_module.blk_mem_gen_v8_4_7_inst  is using a behavioral model for simulation which will not precisely model memory collision behavior.
 Block Memory Generator module loading initial data...
 Block Memory Generator data initialization complete.
Block Memory Generator module tb_bsu.ROM_TEST.bram12.inst.\native_mem_module.blk_mem_gen_v8_4_7_inst  is using a behavioral model for simulation which will not precisely model memory collision behavior.
 Block Memory Generator module loading initial data...
 Block Memory Generator data initialization complete.
Block Memory Generator module tb_bsu.ROM_TEST.bram13.inst.\native_mem_module.blk_mem_gen_v8_4_7_inst  is using a behavioral model for simulation which will not precisely model memory collision behavior.
 Block Memory Generator module loading initial data...
 Block Memory Generator data initialization complete.
Block Memory Generator module tb_bsu.ROM_TEST.bram14.inst.\native_mem_module.blk_mem_gen_v8_4_7_inst  is using a behavioral model for simulation which will not precisely model memory collision behavior.
 Block Memory Generator module loading initial data...
 Block Memory Generator data initialization complete.
Block Memory Generator module tb_bsu.ROM_TEST.bram15.inst.\native_mem_module.blk_mem_gen_v8_4_7_inst  is using a behavioral model for simulation which will not precisely model memory collision behavior.
 Block Memory Generator module loading initial data...
 Block Memory Generator data initialization complete.
Block Memory Generator module tb_bsu.ROM_TEST.bram16.inst.\native_mem_module.blk_mem_gen_v8_4_7_inst  is using a behavioral model for simulation which will not precisely model memory collision behavior.
 Block Memory Generator module loading initial data...
 Block Memory Generator data initialization complete.
Block Memory Generator module tb_bsu.ROM_TEST.bram17.inst.\native_mem_module.blk_mem_gen_v8_4_7_inst  is using a behavioral model for simulation which will not precisely model memory collision behavior.
 Block Memory Generator module loading initial data...
 Block Memory Generator data initialization complete.
Block Memory Generator module tb_bsu.ROM_TEST.bram18.inst.\native_mem_module.blk_mem_gen_v8_4_7_inst  is using a behavioral model for simulation which will not precisely model memory collision behavior.
 Block Memory Generator module loading initial data...
 Block Memory Generator data initialization complete.
Block Memory Generator module tb_bsu.ROM_TEST.bram19.inst.\native_mem_module.blk_mem_gen_v8_4_7_inst  is using a behavioral model for simulation which will not precisely model memory collision behavior.
INFO: [USF-XSim-96] XSim completed. Design snapshot 'tb_bsu_behav' loaded.
INFO: [USF-XSim-97] XSim simulation ran for 1000ns
launch_simulation: Time (s): cpu = 00:00:05 ; elapsed = 00:00:34 . Memory (MB): peak = 1657.492 ; gain = 0.000
relaunch_sim
Command: launch_simulation -step compile -simset sim_1 -mode behavioral
INFO: [Vivado 12-12493] Simulation top is 'tb_bsu'
WARNING: [Vivado 12-13340] Unable to auto find GCC executables from simulator install path! (path not set)
INFO: [Vivado 12-5682] Launching behavioral simulation in 'D:/KAN/FPGA_Prj/KAN_V1/KAN_V1.sim/sim_1/behav/xsim'
INFO: [SIM-utils-51] Simulation object is 'sim_1'
INFO: [USF-XSim-2] XSim::Compile design
INFO: [USF-XSim-61] Executing 'COMPILE and ANALYZE' step in 'D:/KAN/FPGA_Prj/KAN_V1/KAN_V1.sim/sim_1/behav/xsim'
"xvlog --incr --relax -L uvm -prj tb_bsu_vlog.prj"
ECHO 处于关闭状态。
ECHO 处于关闭状态。
INFO: [USF-XSim-69] 'compile' step finished in '1' seconds
Command: launch_simulation -step elaborate -simset sim_1 -mode behavioral
INFO: [Vivado 12-12493] Simulation top is 'tb_bsu'
WARNING: [Vivado 12-13340] Unable to auto find GCC executables from simulator install path! (path not set)
INFO: [Vivado 12-5682] Launching behavioral simulation in 'D:/KAN/FPGA_Prj/KAN_V1/KAN_V1.sim/sim_1/behav/xsim'
INFO: [SIM-utils-51] Simulation object is 'sim_1'
INFO: [USF-XSim-3] XSim::Elaborate design
INFO: [USF-XSim-61] Executing 'ELABORATE' step in 'D:/KAN/FPGA_Prj/KAN_V1/KAN_V1.sim/sim_1/behav/xsim'
"xelab --incr --debug typical --relax --mt 2 -L xil_defaultlib -L blk_mem_gen_v8_4_7 -L uvm -L unisims_ver -L unimacro_ver -L secureip -L xpm --snapshot tb_bsu_behav xil_defaultlib.tb_bsu xil_defaultlib.glbl -log elaborate.log"
ECHO 处于关闭状态。
ECHO 处于关闭状态。
Vivado Simulator v2023.2
Copyright 1986-2022 Xilinx, Inc. All Rights Reserved.
Copyright 2022-2023 Advanced Micro Devices, Inc. All Rights Reserved.
Running: D:/Xilinx/Vivado/2023.2/bin/unwrapped/win64.o/xelab.exe --incr --debug typical --relax --mt 2 -L xil_defaultlib -L blk_mem_gen_v8_4_7 -L uvm -L unisims_ver -L unimacro_ver -L secureip -L xpm --snapshot tb_bsu_behav xil_defaultlib.tb_bsu xil_defaultlib.glbl -log elaborate.log 
Using 2 slave threads.
Starting static elaboration
Pass Through NonSizing Optimizer
WARNING: [VRFC 10-3091] actual bit length 32 differs from formal bit length 5 for port 'channel0_cs' [D:/KAN/FPGA_Prj/KAN_V1/KAN_V1.srcs/sim_1/new/tb_bsu.v:46]
WARNING: [VRFC 10-3091] actual bit length 32 differs from formal bit length 7 for port 'addra' [D:/KAN/FPGA_Prj/KAN_V1/KAN_V1.srcs/sources_1/new/Coeff_Rom.sv:211]
WARNING: [VRFC 10-3091] actual bit length 32 differs from formal bit length 6 for port 'addra' [D:/KAN/FPGA_Prj/KAN_V1/KAN_V1.srcs/sources_1/new/Coeff_Rom.sv:217]
WARNING: [VRFC 10-3091] actual bit length 32 differs from formal bit length 6 for port 'addra' [D:/KAN/FPGA_Prj/KAN_V1/KAN_V1.srcs/sources_1/new/Coeff_Rom.sv:223]
WARNING: [VRFC 10-3091] actual bit length 32 differs from formal bit length 6 for port 'addra' [D:/KAN/FPGA_Prj/KAN_V1/KAN_V1.srcs/sources_1/new/Coeff_Rom.sv:229]
WARNING: [VRFC 10-3091] actual bit length 32 differs from formal bit length 6 for port 'addra' [D:/KAN/FPGA_Prj/KAN_V1/KAN_V1.srcs/sources_1/new/Coeff_Rom.sv:235]
WARNING: [VRFC 10-3091] actual bit length 32 differs from formal bit length 6 for port 'addra' [D:/KAN/FPGA_Prj/KAN_V1/KAN_V1.srcs/sources_1/new/Coeff_Rom.sv:243]
WARNING: [VRFC 10-3091] actual bit length 32 differs from formal bit length 6 for port 'addra' [D:/KAN/FPGA_Prj/KAN_V1/KAN_V1.srcs/sources_1/new/Coeff_Rom.sv:249]
WARNING: [VRFC 10-3091] actual bit length 32 differs from formal bit length 6 for port 'addra' [D:/KAN/FPGA_Prj/KAN_V1/KAN_V1.srcs/sources_1/new/Coeff_Rom.sv:255]
WARNING: [VRFC 10-3091] actual bit length 32 differs from formal bit length 6 for port 'addra' [D:/KAN/FPGA_Prj/KAN_V1/KAN_V1.srcs/sources_1/new/Coeff_Rom.sv:262]
WARNING: [VRFC 10-3091] actual bit length 32 differs from formal bit length 6 for port 'addra' [D:/KAN/FPGA_Prj/KAN_V1/KAN_V1.srcs/sources_1/new/Coeff_Rom.sv:269]
WARNING: [VRFC 10-3091] actual bit length 32 differs from formal bit length 6 for port 'addra' [D:/KAN/FPGA_Prj/KAN_V1/KAN_V1.srcs/sources_1/new/Coeff_Rom.sv:276]
WARNING: [VRFC 10-3091] actual bit length 32 differs from formal bit length 6 for port 'addra' [D:/KAN/FPGA_Prj/KAN_V1/KAN_V1.srcs/sources_1/new/Coeff_Rom.sv:282]
WARNING: [VRFC 10-3091] actual bit length 32 differs from formal bit length 6 for port 'addra' [D:/KAN/FPGA_Prj/KAN_V1/KAN_V1.srcs/sources_1/new/Coeff_Rom.sv:288]
WARNING: [VRFC 10-3091] actual bit length 32 differs from formal bit length 6 for port 'addra' [D:/KAN/FPGA_Prj/KAN_V1/KAN_V1.srcs/sources_1/new/Coeff_Rom.sv:294]
WARNING: [VRFC 10-3091] actual bit length 32 differs from formal bit length 6 for port 'addra' [D:/KAN/FPGA_Prj/KAN_V1/KAN_V1.srcs/sources_1/new/Coeff_Rom.sv:300]
WARNING: [VRFC 10-3091] actual bit length 32 differs from formal bit length 6 for port 'addra' [D:/KAN/FPGA_Prj/KAN_V1/KAN_V1.srcs/sources_1/new/Coeff_Rom.sv:307]
WARNING: [VRFC 10-3091] actual bit length 32 differs from formal bit length 6 for port 'addra' [D:/KAN/FPGA_Prj/KAN_V1/KAN_V1.srcs/sources_1/new/Coeff_Rom.sv:313]
WARNING: [VRFC 10-3091] actual bit length 32 differs from formal bit length 6 for port 'addra' [D:/KAN/FPGA_Prj/KAN_V1/KAN_V1.srcs/sources_1/new/Coeff_Rom.sv:319]
WARNING: [VRFC 10-3091] actual bit length 32 differs from formal bit length 6 for port 'addra' [D:/KAN/FPGA_Prj/KAN_V1/KAN_V1.srcs/sources_1/new/Coeff_Rom.sv:325]
WARNING: [VRFC 10-3091] actual bit length 32 differs from formal bit length 6 for port 'addra' [D:/KAN/FPGA_Prj/KAN_V1/KAN_V1.srcs/sources_1/new/Coeff_Rom.sv:331]
Completed static elaboration
INFO: [XSIM 43-4323] No Change in HDL. Linking previously generated obj files to create kernel
INFO: [USF-XSim-69] 'elaborate' step finished in '2' seconds
Time resolution is 1 ps
 Block Memory Generator module loading initial data...
 Block Memory Generator data initialization complete.
Block Memory Generator module tb_bsu.ROM_TEST.bram0.inst.\native_mem_module.blk_mem_gen_v8_4_7_inst  is using a behavioral model for simulation which will not precisely model memory collision behavior.
 Block Memory Generator module loading initial data...
 Block Memory Generator data initialization complete.
Block Memory Generator module tb_bsu.ROM_TEST.bram1.inst.\native_mem_module.blk_mem_gen_v8_4_7_inst  is using a behavioral model for simulation which will not precisely model memory collision behavior.
 Block Memory Generator module loading initial data...
 Block Memory Generator data initialization complete.
Block Memory Generator module tb_bsu.ROM_TEST.bram2.inst.\native_mem_module.blk_mem_gen_v8_4_7_inst  is using a behavioral model for simulation which will not precisely model memory collision behavior.
 Block Memory Generator module loading initial data...
 Block Memory Generator data initialization complete.
Block Memory Generator module tb_bsu.ROM_TEST.bram3.inst.\native_mem_module.blk_mem_gen_v8_4_7_inst  is using a behavioral model for simulation which will not precisely model memory collision behavior.
 Block Memory Generator module loading initial data...
 Block Memory Generator data initialization complete.
Block Memory Generator module tb_bsu.ROM_TEST.bram4.inst.\native_mem_module.blk_mem_gen_v8_4_7_inst  is using a behavioral model for simulation which will not precisely model memory collision behavior.
 Block Memory Generator module loading initial data...
 Block Memory Generator data initialization complete.
Block Memory Generator module tb_bsu.ROM_TEST.bram5.inst.\native_mem_module.blk_mem_gen_v8_4_7_inst  is using a behavioral model for simulation which will not precisely model memory collision behavior.
 Block Memory Generator module loading initial data...
 Block Memory Generator data initialization complete.
Block Memory Generator module tb_bsu.ROM_TEST.bram6.inst.\native_mem_module.blk_mem_gen_v8_4_7_inst  is using a behavioral model for simulation which will not precisely model memory collision behavior.
 Block Memory Generator module loading initial data...
 Block Memory Generator data initialization complete.
Block Memory Generator module tb_bsu.ROM_TEST.bram7.inst.\native_mem_module.blk_mem_gen_v8_4_7_inst  is using a behavioral model for simulation which will not precisely model memory collision behavior.
 Block Memory Generator module loading initial data...
 Block Memory Generator data initialization complete.
Block Memory Generator module tb_bsu.ROM_TEST.bram8.inst.\native_mem_module.blk_mem_gen_v8_4_7_inst  is using a behavioral model for simulation which will not precisely model memory collision behavior.
 Block Memory Generator module loading initial data...
 Block Memory Generator data initialization complete.
Block Memory Generator module tb_bsu.ROM_TEST.bram9.inst.\native_mem_module.blk_mem_gen_v8_4_7_inst  is using a behavioral model for simulation which will not precisely model memory collision behavior.
 Block Memory Generator module loading initial data...
 Block Memory Generator data initialization complete.
Block Memory Generator module tb_bsu.ROM_TEST.bram10.inst.\native_mem_module.blk_mem_gen_v8_4_7_inst  is using a behavioral model for simulation which will not precisely model memory collision behavior.
 Block Memory Generator module loading initial data...
 Block Memory Generator data initialization complete.
Block Memory Generator module tb_bsu.ROM_TEST.bram11.inst.\native_mem_module.blk_mem_gen_v8_4_7_inst  is using a behavioral model for simulation which will not precisely model memory collision behavior.
 Block Memory Generator module loading initial data...
 Block Memory Generator data initialization complete.
Block Memory Generator module tb_bsu.ROM_TEST.bram12.inst.\native_mem_module.blk_mem_gen_v8_4_7_inst  is using a behavioral model for simulation which will not precisely model memory collision behavior.
 Block Memory Generator module loading initial data...
 Block Memory Generator data initialization complete.
Block Memory Generator module tb_bsu.ROM_TEST.bram13.inst.\native_mem_module.blk_mem_gen_v8_4_7_inst  is using a behavioral model for simulation which will not precisely model memory collision behavior.
 Block Memory Generator module loading initial data...
 Block Memory Generator data initialization complete.
Block Memory Generator module tb_bsu.ROM_TEST.bram14.inst.\native_mem_module.blk_mem_gen_v8_4_7_inst  is using a behavioral model for simulation which will not precisely model memory collision behavior.
 Block Memory Generator module loading initial data...
 Block Memory Generator data initialization complete.
Block Memory Generator module tb_bsu.ROM_TEST.bram15.inst.\native_mem_module.blk_mem_gen_v8_4_7_inst  is using a behavioral model for simulation which will not precisely model memory collision behavior.
 Block Memory Generator module loading initial data...
 Block Memory Generator data initialization complete.
Block Memory Generator module tb_bsu.ROM_TEST.bram16.inst.\native_mem_module.blk_mem_gen_v8_4_7_inst  is using a behavioral model for simulation which will not precisely model memory collision behavior.
 Block Memory Generator module loading initial data...
 Block Memory Generator data initialization complete.
Block Memory Generator module tb_bsu.ROM_TEST.bram17.inst.\native_mem_module.blk_mem_gen_v8_4_7_inst  is using a behavioral model for simulation which will not precisely model memory collision behavior.
 Block Memory Generator module loading initial data...
 Block Memory Generator data initialization complete.
Block Memory Generator module tb_bsu.ROM_TEST.bram18.inst.\native_mem_module.blk_mem_gen_v8_4_7_inst  is using a behavioral model for simulation which will not precisely model memory collision behavior.
 Block Memory Generator module loading initial data...
 Block Memory Generator data initialization complete.
Block Memory Generator module tb_bsu.ROM_TEST.bram19.inst.\native_mem_module.blk_mem_gen_v8_4_7_inst  is using a behavioral model for simulation which will not precisely model memory collision behavior.
relaunch_sim: Time (s): cpu = 00:00:02 ; elapsed = 00:00:06 . Memory (MB): peak = 1670.773 ; gain = 13.281
save_wave_config {D:/KAN/FPGA_Prj/KAN_V1/tb_module_behav.wcfg}
close_sim
INFO: [Simtcl 6-16] Simulation closed
launch_simulation
Command: launch_simulation 
INFO: [Vivado 12-12493] Simulation top is 'tb_bsu'
WARNING: [Vivado 12-13340] Unable to auto find GCC executables from simulator install path! (path not set)
INFO: [Vivado 12-5682] Launching behavioral simulation in 'D:/KAN/FPGA_Prj/KAN_V1/KAN_V1.sim/sim_1/behav/xsim'
INFO: [SIM-utils-51] Simulation object is 'sim_1'
INFO: [SIM-utils-72] Using boost library from 'D:/Xilinx/Vivado/2023.2/tps/boost_1_72_0'
INFO: [USF-XSim-7] Finding pre-compiled libraries...
INFO: [USF-XSim-11] File 'D:/Xilinx/Vivado/2023.2/data/xsim/xsim.ini' copied to run dir:'D:/KAN/FPGA_Prj/KAN_V1/KAN_V1.sim/sim_1/behav/xsim'
INFO: [SIM-utils-54] Inspecting design source files for 'tb_bsu' in fileset 'sim_1'...
INFO: [SIM-utils-43] Exported 'D:/KAN/FPGA_Prj/KAN_V1/KAN_V1.sim/sim_1/behav/xsim/layer0_coeff_in0_out0.mif'
INFO: [SIM-utils-43] Exported 'D:/KAN/FPGA_Prj/KAN_V1/KAN_V1.sim/sim_1/behav/xsim/layer0_coeff_in0_out0.coe'
INFO: [SIM-utils-43] Exported 'D:/KAN/FPGA_Prj/KAN_V1/KAN_V1.sim/sim_1/behav/xsim/layer0_coeff_in0_out1.mif'
INFO: [SIM-utils-43] Exported 'D:/KAN/FPGA_Prj/KAN_V1/KAN_V1.sim/sim_1/behav/xsim/layer0_coeff_in0_out1.coe'
INFO: [SIM-utils-43] Exported 'D:/KAN/FPGA_Prj/KAN_V1/KAN_V1.sim/sim_1/behav/xsim/layer0_coeff_in0_out2.mif'
INFO: [SIM-utils-43] Exported 'D:/KAN/FPGA_Prj/KAN_V1/KAN_V1.sim/sim_1/behav/xsim/layer0_coeff_in0_out2.coe'
INFO: [SIM-utils-43] Exported 'D:/KAN/FPGA_Prj/KAN_V1/KAN_V1.sim/sim_1/behav/xsim/layer0_coeff_in0_out3.mif'
INFO: [SIM-utils-43] Exported 'D:/KAN/FPGA_Prj/KAN_V1/KAN_V1.sim/sim_1/behav/xsim/layer0_coeff_in0_out3.coe'
INFO: [SIM-utils-43] Exported 'D:/KAN/FPGA_Prj/KAN_V1/KAN_V1.sim/sim_1/behav/xsim/layer0_coeff_in0_out4.mif'
INFO: [SIM-utils-43] Exported 'D:/KAN/FPGA_Prj/KAN_V1/KAN_V1.sim/sim_1/behav/xsim/layer0_coeff_in0_out4.coe'
INFO: [SIM-utils-43] Exported 'D:/KAN/FPGA_Prj/KAN_V1/KAN_V1.sim/sim_1/behav/xsim/layer0_coeff_in1_out0.mif'
INFO: [SIM-utils-43] Exported 'D:/KAN/FPGA_Prj/KAN_V1/KAN_V1.sim/sim_1/behav/xsim/layer0_coeff_in1_out0.coe'
INFO: [SIM-utils-43] Exported 'D:/KAN/FPGA_Prj/KAN_V1/KAN_V1.sim/sim_1/behav/xsim/layer0_coeff_in1_out1.mif'
INFO: [SIM-utils-43] Exported 'D:/KAN/FPGA_Prj/KAN_V1/KAN_V1.sim/sim_1/behav/xsim/layer0_coeff_in1_out1.coe'
INFO: [SIM-utils-43] Exported 'D:/KAN/FPGA_Prj/KAN_V1/KAN_V1.sim/sim_1/behav/xsim/layer0_coeff_in1_out2.mif'
INFO: [SIM-utils-43] Exported 'D:/KAN/FPGA_Prj/KAN_V1/KAN_V1.sim/sim_1/behav/xsim/layer0_coeff_in1_out2.coe'
INFO: [SIM-utils-43] Exported 'D:/KAN/FPGA_Prj/KAN_V1/KAN_V1.sim/sim_1/behav/xsim/layer0_coeff_in1_out3.mif'
INFO: [SIM-utils-43] Exported 'D:/KAN/FPGA_Prj/KAN_V1/KAN_V1.sim/sim_1/behav/xsim/layer0_coeff_in1_out3.coe'
INFO: [SIM-utils-43] Exported 'D:/KAN/FPGA_Prj/KAN_V1/KAN_V1.sim/sim_1/behav/xsim/layer0_coeff_in1_out4.mif'
INFO: [SIM-utils-43] Exported 'D:/KAN/FPGA_Prj/KAN_V1/KAN_V1.sim/sim_1/behav/xsim/layer0_coeff_in1_out4.coe'
INFO: [SIM-utils-43] Exported 'D:/KAN/FPGA_Prj/KAN_V1/KAN_V1.sim/sim_1/behav/xsim/layer0_coeff_in2_out0.mif'
INFO: [SIM-utils-43] Exported 'D:/KAN/FPGA_Prj/KAN_V1/KAN_V1.sim/sim_1/behav/xsim/layer0_coeff_in2_out0.coe'
INFO: [SIM-utils-43] Exported 'D:/KAN/FPGA_Prj/KAN_V1/KAN_V1.sim/sim_1/behav/xsim/layer0_coeff_in2_out1.mif'
INFO: [SIM-utils-43] Exported 'D:/KAN/FPGA_Prj/KAN_V1/KAN_V1.sim/sim_1/behav/xsim/layer0_coeff_in2_out1.coe'
INFO: [SIM-utils-43] Exported 'D:/KAN/FPGA_Prj/KAN_V1/KAN_V1.sim/sim_1/behav/xsim/layer0_coeff_in2_out2.mif'
INFO: [SIM-utils-43] Exported 'D:/KAN/FPGA_Prj/KAN_V1/KAN_V1.sim/sim_1/behav/xsim/layer0_coeff_in2_out2.coe'
INFO: [SIM-utils-43] Exported 'D:/KAN/FPGA_Prj/KAN_V1/KAN_V1.sim/sim_1/behav/xsim/layer0_coeff_in2_out3.mif'
INFO: [SIM-utils-43] Exported 'D:/KAN/FPGA_Prj/KAN_V1/KAN_V1.sim/sim_1/behav/xsim/layer0_coeff_in2_out3.coe'
INFO: [SIM-utils-43] Exported 'D:/KAN/FPGA_Prj/KAN_V1/KAN_V1.sim/sim_1/behav/xsim/layer0_coeff_in2_out4.mif'
INFO: [SIM-utils-43] Exported 'D:/KAN/FPGA_Prj/KAN_V1/KAN_V1.sim/sim_1/behav/xsim/layer0_coeff_in2_out4.coe'
INFO: [SIM-utils-43] Exported 'D:/KAN/FPGA_Prj/KAN_V1/KAN_V1.sim/sim_1/behav/xsim/layer1_coeff_in0_out0.mif'
INFO: [SIM-utils-43] Exported 'D:/KAN/FPGA_Prj/KAN_V1/KAN_V1.sim/sim_1/behav/xsim/layer1_coeff_in0_out0.coe'
INFO: [SIM-utils-43] Exported 'D:/KAN/FPGA_Prj/KAN_V1/KAN_V1.sim/sim_1/behav/xsim/layer1_coeff_in1_out0.mif'
INFO: [SIM-utils-43] Exported 'D:/KAN/FPGA_Prj/KAN_V1/KAN_V1.sim/sim_1/behav/xsim/layer1_coeff_in1_out0.coe'
INFO: [SIM-utils-43] Exported 'D:/KAN/FPGA_Prj/KAN_V1/KAN_V1.sim/sim_1/behav/xsim/layer1_coeff_in2_out0.mif'
INFO: [SIM-utils-43] Exported 'D:/KAN/FPGA_Prj/KAN_V1/KAN_V1.sim/sim_1/behav/xsim/layer1_coeff_in2_out0.coe'
INFO: [SIM-utils-43] Exported 'D:/KAN/FPGA_Prj/KAN_V1/KAN_V1.sim/sim_1/behav/xsim/layer1_coeff_in3_out0.mif'
INFO: [SIM-utils-43] Exported 'D:/KAN/FPGA_Prj/KAN_V1/KAN_V1.sim/sim_1/behav/xsim/layer1_coeff_in3_out0.coe'
INFO: [SIM-utils-43] Exported 'D:/KAN/FPGA_Prj/KAN_V1/KAN_V1.sim/sim_1/behav/xsim/layer1_coeff_in4_out0.mif'
INFO: [SIM-utils-43] Exported 'D:/KAN/FPGA_Prj/KAN_V1/KAN_V1.sim/sim_1/behav/xsim/layer1_coeff_in4_out0.coe'
INFO: [USF-XSim-97] Finding global include files...
INFO: [USF-XSim-98] Fetching design files from 'sim_1'...
INFO: [USF-XSim-2] XSim::Compile design
INFO: [USF-XSim-61] Executing 'COMPILE and ANALYZE' step in 'D:/KAN/FPGA_Prj/KAN_V1/KAN_V1.sim/sim_1/behav/xsim'
"xvlog --incr --relax -L uvm -prj tb_bsu_vlog.prj"
ECHO 处于关闭状态。
ECHO 处于关闭状态。
INFO: [VRFC 10-2263] Analyzing Verilog file "D:/KAN/FPGA_Prj/KAN_V1/KAN_V1.gen/sources_1/ip/layer1_coeff_in4_out0/sim/layer1_coeff_in4_out0.v" into library xil_defaultlib
INFO: [VRFC 10-311] analyzing module layer1_coeff_in4_out0
INFO: [VRFC 10-2263] Analyzing Verilog file "D:/KAN/FPGA_Prj/KAN_V1/KAN_V1.gen/sources_1/ip/layer1_coeff_in3_out0/sim/layer1_coeff_in3_out0.v" into library xil_defaultlib
INFO: [VRFC 10-311] analyzing module layer1_coeff_in3_out0
INFO: [VRFC 10-2263] Analyzing Verilog file "D:/KAN/FPGA_Prj/KAN_V1/KAN_V1.gen/sources_1/ip/layer1_coeff_in2_out0/sim/layer1_coeff_in2_out0.v" into library xil_defaultlib
INFO: [VRFC 10-311] analyzing module layer1_coeff_in2_out0
INFO: [VRFC 10-2263] Analyzing Verilog file "D:/KAN/FPGA_Prj/KAN_V1/KAN_V1.gen/sources_1/ip/layer1_coeff_in1_out0/sim/layer1_coeff_in1_out0.v" into library xil_defaultlib
INFO: [VRFC 10-311] analyzing module layer1_coeff_in1_out0
INFO: [VRFC 10-2263] Analyzing Verilog file "D:/KAN/FPGA_Prj/KAN_V1/KAN_V1.gen/sources_1/ip/layer1_coeff_in0_out0/sim/layer1_coeff_in0_out0.v" into library xil_defaultlib
INFO: [VRFC 10-311] analyzing module layer1_coeff_in0_out0
INFO: [VRFC 10-2263] Analyzing Verilog file "D:/KAN/FPGA_Prj/KAN_V1/KAN_V1.gen/sources_1/ip/layer0_coeff_in2_out4/sim/layer0_coeff_in2_out4.v" into library xil_defaultlib
INFO: [VRFC 10-311] analyzing module layer0_coeff_in2_out4
INFO: [VRFC 10-2263] Analyzing Verilog file "D:/KAN/FPGA_Prj/KAN_V1/KAN_V1.gen/sources_1/ip/layer0_coeff_in2_out3/sim/layer0_coeff_in2_out3.v" into library xil_defaultlib
INFO: [VRFC 10-311] analyzing module layer0_coeff_in2_out3
INFO: [VRFC 10-2263] Analyzing Verilog file "D:/KAN/FPGA_Prj/KAN_V1/KAN_V1.gen/sources_1/ip/layer0_coeff_in2_out2/sim/layer0_coeff_in2_out2.v" into library xil_defaultlib
INFO: [VRFC 10-311] analyzing module layer0_coeff_in2_out2
INFO: [VRFC 10-2263] Analyzing Verilog file "D:/KAN/FPGA_Prj/KAN_V1/KAN_V1.gen/sources_1/ip/layer0_coeff_in2_out1/sim/layer0_coeff_in2_out1.v" into library xil_defaultlib
INFO: [VRFC 10-311] analyzing module layer0_coeff_in2_out1
INFO: [VRFC 10-2263] Analyzing Verilog file "D:/KAN/FPGA_Prj/KAN_V1/KAN_V1.gen/sources_1/ip/layer0_coeff_in2_out0/sim/layer0_coeff_in2_out0.v" into library xil_defaultlib
INFO: [VRFC 10-311] analyzing module layer0_coeff_in2_out0
INFO: [VRFC 10-2263] Analyzing Verilog file "D:/KAN/FPGA_Prj/KAN_V1/KAN_V1.gen/sources_1/ip/layer0_coeff_in1_out4/sim/layer0_coeff_in1_out4.v" into library xil_defaultlib
INFO: [VRFC 10-311] analyzing module layer0_coeff_in1_out4
INFO: [VRFC 10-2263] Analyzing Verilog file "D:/KAN/FPGA_Prj/KAN_V1/KAN_V1.gen/sources_1/ip/layer0_coeff_in1_out3/sim/layer0_coeff_in1_out3.v" into library xil_defaultlib
INFO: [VRFC 10-311] analyzing module layer0_coeff_in1_out3
INFO: [VRFC 10-2263] Analyzing Verilog file "D:/KAN/FPGA_Prj/KAN_V1/KAN_V1.gen/sources_1/ip/layer0_coeff_in1_out2/sim/layer0_coeff_in1_out2.v" into library xil_defaultlib
INFO: [VRFC 10-311] analyzing module layer0_coeff_in1_out2
INFO: [VRFC 10-2263] Analyzing Verilog file "D:/KAN/FPGA_Prj/KAN_V1/KAN_V1.gen/sources_1/ip/layer0_coeff_in1_out1/sim/layer0_coeff_in1_out1.v" into library xil_defaultlib
INFO: [VRFC 10-311] analyzing module layer0_coeff_in1_out1
INFO: [VRFC 10-2263] Analyzing Verilog file "D:/KAN/FPGA_Prj/KAN_V1/KAN_V1.gen/sources_1/ip/layer0_coeff_in1_out0/sim/layer0_coeff_in1_out0.v" into library xil_defaultlib
INFO: [VRFC 10-311] analyzing module layer0_coeff_in1_out0
INFO: [VRFC 10-2263] Analyzing Verilog file "D:/KAN/FPGA_Prj/KAN_V1/KAN_V1.gen/sources_1/ip/layer0_coeff_in0_out4/sim/layer0_coeff_in0_out4.v" into library xil_defaultlib
INFO: [VRFC 10-311] analyzing module layer0_coeff_in0_out4
INFO: [VRFC 10-2263] Analyzing Verilog file "D:/KAN/FPGA_Prj/KAN_V1/KAN_V1.gen/sources_1/ip/layer0_coeff_in0_out3/sim/layer0_coeff_in0_out3.v" into library xil_defaultlib
INFO: [VRFC 10-311] analyzing module layer0_coeff_in0_out3
INFO: [VRFC 10-2263] Analyzing Verilog file "D:/KAN/FPGA_Prj/KAN_V1/KAN_V1.gen/sources_1/ip/layer0_coeff_in0_out2/sim/layer0_coeff_in0_out2.v" into library xil_defaultlib
INFO: [VRFC 10-311] analyzing module layer0_coeff_in0_out2
INFO: [VRFC 10-2263] Analyzing Verilog file "D:/KAN/FPGA_Prj/KAN_V1/KAN_V1.gen/sources_1/ip/layer0_coeff_in0_out1/sim/layer0_coeff_in0_out1.v" into library xil_defaultlib
INFO: [VRFC 10-311] analyzing module layer0_coeff_in0_out1
INFO: [VRFC 10-2263] Analyzing Verilog file "D:/KAN/FPGA_Prj/KAN_V1/KAN_V1.gen/sources_1/ip/layer0_coeff_in0_out0/sim/layer0_coeff_in0_out0.v" into library xil_defaultlib
INFO: [VRFC 10-311] analyzing module layer0_coeff_in0_out0
INFO: [VRFC 10-2263] Analyzing Verilog file "D:/KAN/FPGA_Prj/KAN_V1/KAN_V1.srcs/sources_1/new/BSU.v" into library xil_defaultlib
INFO: [VRFC 10-311] analyzing module BSU
INFO: [VRFC 10-2263] Analyzing Verilog file "D:/KAN/FPGA_Prj/KAN_V1/KAN_V1.srcs/sources_1/new/internal_finder.v" into library xil_defaultlib
INFO: [VRFC 10-311] analyzing module internal_finder
INFO: [VRFC 10-2263] Analyzing Verilog file "D:/KAN/FPGA_Prj/KAN_V1/KAN_V1.srcs/sources_1/new/mac.v" into library xil_defaultlib
INFO: [VRFC 10-311] analyzing module mac
INFO: [VRFC 10-2263] Analyzing Verilog file "D:/KAN/FPGA_Prj/KAN_V1/KAN_V1.srcs/sources_1/new/multiplier.v" into library xil_defaultlib
INFO: [VRFC 10-311] analyzing module multiplier
INFO: [USF-XSim-69] 'compile' step finished in '3' seconds
INFO: [USF-XSim-3] XSim::Elaborate design
INFO: [USF-XSim-61] Executing 'ELABORATE' step in 'D:/KAN/FPGA_Prj/KAN_V1/KAN_V1.sim/sim_1/behav/xsim'
"xelab --incr --debug typical --relax --mt 2 -L xil_defaultlib -L blk_mem_gen_v8_4_7 -L uvm -L unisims_ver -L unimacro_ver -L secureip -L xpm --snapshot tb_bsu_behav xil_defaultlib.tb_bsu xil_defaultlib.glbl -log elaborate.log"
ECHO 处于关闭状态。
ECHO 处于关闭状态。
Vivado Simulator v2023.2
Copyright 1986-2022 Xilinx, Inc. All Rights Reserved.
Copyright 2022-2023 Advanced Micro Devices, Inc. All Rights Reserved.
Running: D:/Xilinx/Vivado/2023.2/bin/unwrapped/win64.o/xelab.exe --incr --debug typical --relax --mt 2 -L xil_defaultlib -L blk_mem_gen_v8_4_7 -L uvm -L unisims_ver -L unimacro_ver -L secureip -L xpm --snapshot tb_bsu_behav xil_defaultlib.tb_bsu xil_defaultlib.glbl -log elaborate.log 
Using 2 slave threads.
Starting static elaboration
Pass Through NonSizing Optimizer
WARNING: [VRFC 10-3091] actual bit length 32 differs from formal bit length 5 for port 'channel0_cs' [D:/KAN/FPGA_Prj/KAN_V1/KAN_V1.srcs/sim_1/new/tb_bsu.v:46]
WARNING: [VRFC 10-3091] actual bit length 32 differs from formal bit length 7 for port 'addra' [D:/KAN/FPGA_Prj/KAN_V1/KAN_V1.srcs/sources_1/new/Coeff_Rom.sv:211]
WARNING: [VRFC 10-3091] actual bit length 32 differs from formal bit length 6 for port 'addra' [D:/KAN/FPGA_Prj/KAN_V1/KAN_V1.srcs/sources_1/new/Coeff_Rom.sv:217]
WARNING: [VRFC 10-3091] actual bit length 32 differs from formal bit length 6 for port 'addra' [D:/KAN/FPGA_Prj/KAN_V1/KAN_V1.srcs/sources_1/new/Coeff_Rom.sv:223]
WARNING: [VRFC 10-3091] actual bit length 32 differs from formal bit length 6 for port 'addra' [D:/KAN/FPGA_Prj/KAN_V1/KAN_V1.srcs/sources_1/new/Coeff_Rom.sv:229]
WARNING: [VRFC 10-3091] actual bit length 32 differs from formal bit length 6 for port 'addra' [D:/KAN/FPGA_Prj/KAN_V1/KAN_V1.srcs/sources_1/new/Coeff_Rom.sv:235]
WARNING: [VRFC 10-3091] actual bit length 32 differs from formal bit length 6 for port 'addra' [D:/KAN/FPGA_Prj/KAN_V1/KAN_V1.srcs/sources_1/new/Coeff_Rom.sv:243]
WARNING: [VRFC 10-3091] actual bit length 32 differs from formal bit length 6 for port 'addra' [D:/KAN/FPGA_Prj/KAN_V1/KAN_V1.srcs/sources_1/new/Coeff_Rom.sv:249]
WARNING: [VRFC 10-3091] actual bit length 32 differs from formal bit length 6 for port 'addra' [D:/KAN/FPGA_Prj/KAN_V1/KAN_V1.srcs/sources_1/new/Coeff_Rom.sv:255]
WARNING: [VRFC 10-3091] actual bit length 32 differs from formal bit length 6 for port 'addra' [D:/KAN/FPGA_Prj/KAN_V1/KAN_V1.srcs/sources_1/new/Coeff_Rom.sv:262]
WARNING: [VRFC 10-3091] actual bit length 32 differs from formal bit length 6 for port 'addra' [D:/KAN/FPGA_Prj/KAN_V1/KAN_V1.srcs/sources_1/new/Coeff_Rom.sv:269]
WARNING: [VRFC 10-3091] actual bit length 32 differs from formal bit length 6 for port 'addra' [D:/KAN/FPGA_Prj/KAN_V1/KAN_V1.srcs/sources_1/new/Coeff_Rom.sv:276]
WARNING: [VRFC 10-3091] actual bit length 32 differs from formal bit length 6 for port 'addra' [D:/KAN/FPGA_Prj/KAN_V1/KAN_V1.srcs/sources_1/new/Coeff_Rom.sv:282]
WARNING: [VRFC 10-3091] actual bit length 32 differs from formal bit length 6 for port 'addra' [D:/KAN/FPGA_Prj/KAN_V1/KAN_V1.srcs/sources_1/new/Coeff_Rom.sv:288]
WARNING: [VRFC 10-3091] actual bit length 32 differs from formal bit length 6 for port 'addra' [D:/KAN/FPGA_Prj/KAN_V1/KAN_V1.srcs/sources_1/new/Coeff_Rom.sv:294]
WARNING: [VRFC 10-3091] actual bit length 32 differs from formal bit length 6 for port 'addra' [D:/KAN/FPGA_Prj/KAN_V1/KAN_V1.srcs/sources_1/new/Coeff_Rom.sv:300]
WARNING: [VRFC 10-3091] actual bit length 32 differs from formal bit length 6 for port 'addra' [D:/KAN/FPGA_Prj/KAN_V1/KAN_V1.srcs/sources_1/new/Coeff_Rom.sv:307]
WARNING: [VRFC 10-3091] actual bit length 32 differs from formal bit length 6 for port 'addra' [D:/KAN/FPGA_Prj/KAN_V1/KAN_V1.srcs/sources_1/new/Coeff_Rom.sv:313]
WARNING: [VRFC 10-3091] actual bit length 32 differs from formal bit length 6 for port 'addra' [D:/KAN/FPGA_Prj/KAN_V1/KAN_V1.srcs/sources_1/new/Coeff_Rom.sv:319]
WARNING: [VRFC 10-3091] actual bit length 32 differs from formal bit length 6 for port 'addra' [D:/KAN/FPGA_Prj/KAN_V1/KAN_V1.srcs/sources_1/new/Coeff_Rom.sv:325]
WARNING: [VRFC 10-3091] actual bit length 32 differs from formal bit length 6 for port 'addra' [D:/KAN/FPGA_Prj/KAN_V1/KAN_V1.srcs/sources_1/new/Coeff_Rom.sv:331]
Completed static elaboration
Starting simulation data flow analysis
Completed simulation data flow analysis
Time Resolution for simulation is 1ps
Compiling module blk_mem_gen_v8_4_7.blk_mem_gen_v8_4_7_output_stage(...
Compiling module blk_mem_gen_v8_4_7.blk_mem_gen_v8_4_7_softecc_outpu...
Compiling module blk_mem_gen_v8_4_7.blk_mem_gen_v8_4_7_mem_module(C_...
Compiling module blk_mem_gen_v8_4_7.blk_mem_gen_v8_4_7(C_FAMILY="zyn...
Compiling module xil_defaultlib.layer0_coeff_in0_out0
Compiling module blk_mem_gen_v8_4_7.blk_mem_gen_v8_4_7_output_stage(...
Compiling module blk_mem_gen_v8_4_7.blk_mem_gen_v8_4_7_softecc_outpu...
Compiling module blk_mem_gen_v8_4_7.blk_mem_gen_v8_4_7_mem_module(C_...
Compiling module blk_mem_gen_v8_4_7.blk_mem_gen_v8_4_7(C_FAMILY="zyn...
Compiling module xil_defaultlib.layer0_coeff_in0_out1
Compiling module blk_mem_gen_v8_4_7.blk_mem_gen_v8_4_7_mem_module(C_...
Compiling module blk_mem_gen_v8_4_7.blk_mem_gen_v8_4_7(C_FAMILY="zyn...
Compiling module xil_defaultlib.layer0_coeff_in0_out2
Compiling module blk_mem_gen_v8_4_7.blk_mem_gen_v8_4_7_mem_module(C_...
Compiling module blk_mem_gen_v8_4_7.blk_mem_gen_v8_4_7(C_FAMILY="zyn...
Compiling module xil_defaultlib.layer0_coeff_in0_out3
Compiling module blk_mem_gen_v8_4_7.blk_mem_gen_v8_4_7_mem_module(C_...
Compiling module blk_mem_gen_v8_4_7.blk_mem_gen_v8_4_7(C_FAMILY="zyn...
Compiling module xil_defaultlib.layer0_coeff_in0_out4
Compiling module blk_mem_gen_v8_4_7.blk_mem_gen_v8_4_7_mem_module(C_...
Compiling module blk_mem_gen_v8_4_7.blk_mem_gen_v8_4_7(C_FAMILY="zyn...
Compiling module xil_defaultlib.layer0_coeff_in1_out0
Compiling module blk_mem_gen_v8_4_7.blk_mem_gen_v8_4_7_mem_module(C_...
Compiling module blk_mem_gen_v8_4_7.blk_mem_gen_v8_4_7(C_FAMILY="zyn...
Compiling module xil_defaultlib.layer0_coeff_in1_out1
Compiling module blk_mem_gen_v8_4_7.blk_mem_gen_v8_4_7_mem_module(C_...
Compiling module blk_mem_gen_v8_4_7.blk_mem_gen_v8_4_7(C_FAMILY="zyn...
Compiling module xil_defaultlib.layer0_coeff_in1_out2
Compiling module blk_mem_gen_v8_4_7.blk_mem_gen_v8_4_7_mem_module(C_...
Compiling module blk_mem_gen_v8_4_7.blk_mem_gen_v8_4_7(C_FAMILY="zyn...
Compiling module xil_defaultlib.layer0_coeff_in1_out3
Compiling module blk_mem_gen_v8_4_7.blk_mem_gen_v8_4_7_mem_module(C_...
Compiling module blk_mem_gen_v8_4_7.blk_mem_gen_v8_4_7(C_FAMILY="zyn...
Compiling module xil_defaultlib.layer0_coeff_in1_out4
Compiling module blk_mem_gen_v8_4_7.blk_mem_gen_v8_4_7_mem_module(C_...
Compiling module blk_mem_gen_v8_4_7.blk_mem_gen_v8_4_7(C_FAMILY="zyn...
Compiling module xil_defaultlib.layer0_coeff_in2_out0
Compiling module blk_mem_gen_v8_4_7.blk_mem_gen_v8_4_7_mem_module(C_...
Compiling module blk_mem_gen_v8_4_7.blk_mem_gen_v8_4_7(C_FAMILY="zyn...
Compiling module xil_defaultlib.layer0_coeff_in2_out1
Compiling module blk_mem_gen_v8_4_7.blk_mem_gen_v8_4_7_mem_module(C_...
Compiling module blk_mem_gen_v8_4_7.blk_mem_gen_v8_4_7(C_FAMILY="zyn...
Compiling module xil_defaultlib.layer0_coeff_in2_out2
Compiling module blk_mem_gen_v8_4_7.blk_mem_gen_v8_4_7_mem_module(C_...
Compiling module blk_mem_gen_v8_4_7.blk_mem_gen_v8_4_7(C_FAMILY="zyn...
Compiling module xil_defaultlib.layer0_coeff_in2_out3
Compiling module blk_mem_gen_v8_4_7.blk_mem_gen_v8_4_7_mem_module(C_...
Compiling module blk_mem_gen_v8_4_7.blk_mem_gen_v8_4_7(C_FAMILY="zyn...
Compiling module xil_defaultlib.layer0_coeff_in2_out4
Compiling module blk_mem_gen_v8_4_7.blk_mem_gen_v8_4_7_mem_module(C_...
Compiling module blk_mem_gen_v8_4_7.blk_mem_gen_v8_4_7(C_FAMILY="zyn...
Compiling module xil_defaultlib.layer1_coeff_in0_out0
Compiling module blk_mem_gen_v8_4_7.blk_mem_gen_v8_4_7_mem_module(C_...
Compiling module blk_mem_gen_v8_4_7.blk_mem_gen_v8_4_7(C_FAMILY="zyn...
Compiling module xil_defaultlib.layer1_coeff_in1_out0
Compiling module blk_mem_gen_v8_4_7.blk_mem_gen_v8_4_7_mem_module(C_...
Compiling module blk_mem_gen_v8_4_7.blk_mem_gen_v8_4_7(C_FAMILY="zyn...
Compiling module xil_defaultlib.layer1_coeff_in2_out0
Compiling module blk_mem_gen_v8_4_7.blk_mem_gen_v8_4_7_mem_module(C_...
Compiling module blk_mem_gen_v8_4_7.blk_mem_gen_v8_4_7(C_FAMILY="zyn...
Compiling module xil_defaultlib.layer1_coeff_in3_out0
Compiling module blk_mem_gen_v8_4_7.blk_mem_gen_v8_4_7_mem_module(C_...
Compiling module blk_mem_gen_v8_4_7.blk_mem_gen_v8_4_7(C_FAMILY="zyn...
Compiling module xil_defaultlib.layer1_coeff_in4_out0
Compiling module xil_defaultlib.Coeff_Rom
Compiling module xil_defaultlib.internal_finder
Compiling module xil_defaultlib.multiplier
Compiling module xil_defaultlib.mac
Compiling module xil_defaultlib.BSU
Compiling module xil_defaultlib.tb_bsu
Compiling module xil_defaultlib.glbl
Built simulation snapshot tb_bsu_behav
run_program: Time (s): cpu = 00:00:01 ; elapsed = 00:00:30 . Memory (MB): peak = 1673.457 ; gain = 0.000
INFO: [USF-XSim-69] 'elaborate' step finished in '30' seconds
INFO: [USF-XSim-4] XSim::Simulate design
INFO: [USF-XSim-61] Executing 'SIMULATE' step in 'D:/KAN/FPGA_Prj/KAN_V1/KAN_V1.sim/sim_1/behav/xsim'
INFO: [USF-XSim-98] *** Running xsim
   with args "tb_bsu_behav -key {Behavioral:sim_1:Functional:tb_bsu} -tclbatch {tb_bsu.tcl} -view {D:/KAN/FPGA_Prj/KAN_V1/tb_module_behav.wcfg} -log {simulate.log}"
INFO: [USF-XSim-8] Loading simulator feature
Time resolution is 1 ps
open_wave_config D:/KAN/FPGA_Prj/KAN_V1/tb_module_behav.wcfg
source tb_bsu.tcl
# set curr_wave [current_wave_config]
# if { [string length $curr_wave] == 0 } {
#   if { [llength [get_objects]] > 0} {
#     add_wave /
#     set_property needs_save false [current_wave_config]
#   } else {
#      send_msg_id Add_Wave-1 WARNING "No top level signals found. Simulator will start without a wave window. If you want to open a wave window go to 'File->New Waveform Configuration' or type 'create_wave_config' in the TCL console."
#   }
# }
# run 1000ns
 Block Memory Generator module loading initial data...
 Block Memory Generator data initialization complete.
Block Memory Generator module tb_bsu.ROM_TEST.bram0.inst.\native_mem_module.blk_mem_gen_v8_4_7_inst  is using a behavioral model for simulation which will not precisely model memory collision behavior.
 Block Memory Generator module loading initial data...
 Block Memory Generator data initialization complete.
Block Memory Generator module tb_bsu.ROM_TEST.bram1.inst.\native_mem_module.blk_mem_gen_v8_4_7_inst  is using a behavioral model for simulation which will not precisely model memory collision behavior.
 Block Memory Generator module loading initial data...
 Block Memory Generator data initialization complete.
Block Memory Generator module tb_bsu.ROM_TEST.bram2.inst.\native_mem_module.blk_mem_gen_v8_4_7_inst  is using a behavioral model for simulation which will not precisely model memory collision behavior.
 Block Memory Generator module loading initial data...
 Block Memory Generator data initialization complete.
Block Memory Generator module tb_bsu.ROM_TEST.bram3.inst.\native_mem_module.blk_mem_gen_v8_4_7_inst  is using a behavioral model for simulation which will not precisely model memory collision behavior.
 Block Memory Generator module loading initial data...
 Block Memory Generator data initialization complete.
Block Memory Generator module tb_bsu.ROM_TEST.bram4.inst.\native_mem_module.blk_mem_gen_v8_4_7_inst  is using a behavioral model for simulation which will not precisely model memory collision behavior.
 Block Memory Generator module loading initial data...
 Block Memory Generator data initialization complete.
Block Memory Generator module tb_bsu.ROM_TEST.bram5.inst.\native_mem_module.blk_mem_gen_v8_4_7_inst  is using a behavioral model for simulation which will not precisely model memory collision behavior.
 Block Memory Generator module loading initial data...
 Block Memory Generator data initialization complete.
Block Memory Generator module tb_bsu.ROM_TEST.bram6.inst.\native_mem_module.blk_mem_gen_v8_4_7_inst  is using a behavioral model for simulation which will not precisely model memory collision behavior.
 Block Memory Generator module loading initial data...
 Block Memory Generator data initialization complete.
Block Memory Generator module tb_bsu.ROM_TEST.bram7.inst.\native_mem_module.blk_mem_gen_v8_4_7_inst  is using a behavioral model for simulation which will not precisely model memory collision behavior.
 Block Memory Generator module loading initial data...
 Block Memory Generator data initialization complete.
Block Memory Generator module tb_bsu.ROM_TEST.bram8.inst.\native_mem_module.blk_mem_gen_v8_4_7_inst  is using a behavioral model for simulation which will not precisely model memory collision behavior.
 Block Memory Generator module loading initial data...
 Block Memory Generator data initialization complete.
Block Memory Generator module tb_bsu.ROM_TEST.bram9.inst.\native_mem_module.blk_mem_gen_v8_4_7_inst  is using a behavioral model for simulation which will not precisely model memory collision behavior.
 Block Memory Generator module loading initial data...
 Block Memory Generator data initialization complete.
Block Memory Generator module tb_bsu.ROM_TEST.bram10.inst.\native_mem_module.blk_mem_gen_v8_4_7_inst  is using a behavioral model for simulation which will not precisely model memory collision behavior.
 Block Memory Generator module loading initial data...
 Block Memory Generator data initialization complete.
Block Memory Generator module tb_bsu.ROM_TEST.bram11.inst.\native_mem_module.blk_mem_gen_v8_4_7_inst  is using a behavioral model for simulation which will not precisely model memory collision behavior.
 Block Memory Generator module loading initial data...
 Block Memory Generator data initialization complete.
Block Memory Generator module tb_bsu.ROM_TEST.bram12.inst.\native_mem_module.blk_mem_gen_v8_4_7_inst  is using a behavioral model for simulation which will not precisely model memory collision behavior.
 Block Memory Generator module loading initial data...
 Block Memory Generator data initialization complete.
Block Memory Generator module tb_bsu.ROM_TEST.bram13.inst.\native_mem_module.blk_mem_gen_v8_4_7_inst  is using a behavioral model for simulation which will not precisely model memory collision behavior.
 Block Memory Generator module loading initial data...
 Block Memory Generator data initialization complete.
Block Memory Generator module tb_bsu.ROM_TEST.bram14.inst.\native_mem_module.blk_mem_gen_v8_4_7_inst  is using a behavioral model for simulation which will not precisely model memory collision behavior.
 Block Memory Generator module loading initial data...
 Block Memory Generator data initialization complete.
Block Memory Generator module tb_bsu.ROM_TEST.bram15.inst.\native_mem_module.blk_mem_gen_v8_4_7_inst  is using a behavioral model for simulation which will not precisely model memory collision behavior.
 Block Memory Generator module loading initial data...
 Block Memory Generator data initialization complete.
Block Memory Generator module tb_bsu.ROM_TEST.bram16.inst.\native_mem_module.blk_mem_gen_v8_4_7_inst  is using a behavioral model for simulation which will not precisely model memory collision behavior.
 Block Memory Generator module loading initial data...
 Block Memory Generator data initialization complete.
Block Memory Generator module tb_bsu.ROM_TEST.bram17.inst.\native_mem_module.blk_mem_gen_v8_4_7_inst  is using a behavioral model for simulation which will not precisely model memory collision behavior.
 Block Memory Generator module loading initial data...
 Block Memory Generator data initialization complete.
Block Memory Generator module tb_bsu.ROM_TEST.bram18.inst.\native_mem_module.blk_mem_gen_v8_4_7_inst  is using a behavioral model for simulation which will not precisely model memory collision behavior.
 Block Memory Generator module loading initial data...
 Block Memory Generator data initialization complete.
Block Memory Generator module tb_bsu.ROM_TEST.bram19.inst.\native_mem_module.blk_mem_gen_v8_4_7_inst  is using a behavioral model for simulation which will not precisely model memory collision behavior.
INFO: [USF-XSim-96] XSim completed. Design snapshot 'tb_bsu_behav' loaded.
INFO: [USF-XSim-97] XSim simulation ran for 1000ns
launch_simulation: Time (s): cpu = 00:00:05 ; elapsed = 00:00:38 . Memory (MB): peak = 1673.457 ; gain = 0.000
relaunch_sim
Command: launch_simulation -step compile -simset sim_1 -mode behavioral
INFO: [Vivado 12-12493] Simulation top is 'tb_bsu'
WARNING: [Vivado 12-13340] Unable to auto find GCC executables from simulator install path! (path not set)
INFO: [Vivado 12-5682] Launching behavioral simulation in 'D:/KAN/FPGA_Prj/KAN_V1/KAN_V1.sim/sim_1/behav/xsim'
INFO: [SIM-utils-51] Simulation object is 'sim_1'
INFO: [USF-XSim-2] XSim::Compile design
INFO: [USF-XSim-61] Executing 'COMPILE and ANALYZE' step in 'D:/KAN/FPGA_Prj/KAN_V1/KAN_V1.sim/sim_1/behav/xsim'
"xvlog --incr --relax -L uvm -prj tb_bsu_vlog.prj"
ECHO 处于关闭状态。
ECHO 处于关闭状态。
INFO: [USF-XSim-69] 'compile' step finished in '2' seconds
Command: launch_simulation -step elaborate -simset sim_1 -mode behavioral
INFO: [Vivado 12-12493] Simulation top is 'tb_bsu'
WARNING: [Vivado 12-13340] Unable to auto find GCC executables from simulator install path! (path not set)
INFO: [Vivado 12-5682] Launching behavioral simulation in 'D:/KAN/FPGA_Prj/KAN_V1/KAN_V1.sim/sim_1/behav/xsim'
INFO: [SIM-utils-51] Simulation object is 'sim_1'
INFO: [USF-XSim-3] XSim::Elaborate design
INFO: [USF-XSim-61] Executing 'ELABORATE' step in 'D:/KAN/FPGA_Prj/KAN_V1/KAN_V1.sim/sim_1/behav/xsim'
"xelab --incr --debug typical --relax --mt 2 -L xil_defaultlib -L blk_mem_gen_v8_4_7 -L uvm -L unisims_ver -L unimacro_ver -L secureip -L xpm --snapshot tb_bsu_behav xil_defaultlib.tb_bsu xil_defaultlib.glbl -log elaborate.log"
ECHO 处于关闭状态。
ECHO 处于关闭状态。
Vivado Simulator v2023.2
Copyright 1986-2022 Xilinx, Inc. All Rights Reserved.
Copyright 2022-2023 Advanced Micro Devices, Inc. All Rights Reserved.
Running: D:/Xilinx/Vivado/2023.2/bin/unwrapped/win64.o/xelab.exe --incr --debug typical --relax --mt 2 -L xil_defaultlib -L blk_mem_gen_v8_4_7 -L uvm -L unisims_ver -L unimacro_ver -L secureip -L xpm --snapshot tb_bsu_behav xil_defaultlib.tb_bsu xil_defaultlib.glbl -log elaborate.log 
Using 2 slave threads.
Starting static elaboration
Pass Through NonSizing Optimizer
WARNING: [VRFC 10-3091] actual bit length 32 differs from formal bit length 5 for port 'channel0_cs' [D:/KAN/FPGA_Prj/KAN_V1/KAN_V1.srcs/sim_1/new/tb_bsu.v:46]
WARNING: [VRFC 10-3091] actual bit length 32 differs from formal bit length 7 for port 'addra' [D:/KAN/FPGA_Prj/KAN_V1/KAN_V1.srcs/sources_1/new/Coeff_Rom.sv:211]
WARNING: [VRFC 10-3091] actual bit length 32 differs from formal bit length 6 for port 'addra' [D:/KAN/FPGA_Prj/KAN_V1/KAN_V1.srcs/sources_1/new/Coeff_Rom.sv:217]
WARNING: [VRFC 10-3091] actual bit length 32 differs from formal bit length 6 for port 'addra' [D:/KAN/FPGA_Prj/KAN_V1/KAN_V1.srcs/sources_1/new/Coeff_Rom.sv:223]
WARNING: [VRFC 10-3091] actual bit length 32 differs from formal bit length 6 for port 'addra' [D:/KAN/FPGA_Prj/KAN_V1/KAN_V1.srcs/sources_1/new/Coeff_Rom.sv:229]
WARNING: [VRFC 10-3091] actual bit length 32 differs from formal bit length 6 for port 'addra' [D:/KAN/FPGA_Prj/KAN_V1/KAN_V1.srcs/sources_1/new/Coeff_Rom.sv:235]
WARNING: [VRFC 10-3091] actual bit length 32 differs from formal bit length 6 for port 'addra' [D:/KAN/FPGA_Prj/KAN_V1/KAN_V1.srcs/sources_1/new/Coeff_Rom.sv:243]
WARNING: [VRFC 10-3091] actual bit length 32 differs from formal bit length 6 for port 'addra' [D:/KAN/FPGA_Prj/KAN_V1/KAN_V1.srcs/sources_1/new/Coeff_Rom.sv:249]
WARNING: [VRFC 10-3091] actual bit length 32 differs from formal bit length 6 for port 'addra' [D:/KAN/FPGA_Prj/KAN_V1/KAN_V1.srcs/sources_1/new/Coeff_Rom.sv:255]
WARNING: [VRFC 10-3091] actual bit length 32 differs from formal bit length 6 for port 'addra' [D:/KAN/FPGA_Prj/KAN_V1/KAN_V1.srcs/sources_1/new/Coeff_Rom.sv:262]
WARNING: [VRFC 10-3091] actual bit length 32 differs from formal bit length 6 for port 'addra' [D:/KAN/FPGA_Prj/KAN_V1/KAN_V1.srcs/sources_1/new/Coeff_Rom.sv:269]
WARNING: [VRFC 10-3091] actual bit length 32 differs from formal bit length 6 for port 'addra' [D:/KAN/FPGA_Prj/KAN_V1/KAN_V1.srcs/sources_1/new/Coeff_Rom.sv:276]
WARNING: [VRFC 10-3091] actual bit length 32 differs from formal bit length 6 for port 'addra' [D:/KAN/FPGA_Prj/KAN_V1/KAN_V1.srcs/sources_1/new/Coeff_Rom.sv:282]
WARNING: [VRFC 10-3091] actual bit length 32 differs from formal bit length 6 for port 'addra' [D:/KAN/FPGA_Prj/KAN_V1/KAN_V1.srcs/sources_1/new/Coeff_Rom.sv:288]
WARNING: [VRFC 10-3091] actual bit length 32 differs from formal bit length 6 for port 'addra' [D:/KAN/FPGA_Prj/KAN_V1/KAN_V1.srcs/sources_1/new/Coeff_Rom.sv:294]
WARNING: [VRFC 10-3091] actual bit length 32 differs from formal bit length 6 for port 'addra' [D:/KAN/FPGA_Prj/KAN_V1/KAN_V1.srcs/sources_1/new/Coeff_Rom.sv:300]
WARNING: [VRFC 10-3091] actual bit length 32 differs from formal bit length 6 for port 'addra' [D:/KAN/FPGA_Prj/KAN_V1/KAN_V1.srcs/sources_1/new/Coeff_Rom.sv:307]
WARNING: [VRFC 10-3091] actual bit length 32 differs from formal bit length 6 for port 'addra' [D:/KAN/FPGA_Prj/KAN_V1/KAN_V1.srcs/sources_1/new/Coeff_Rom.sv:313]
WARNING: [VRFC 10-3091] actual bit length 32 differs from formal bit length 6 for port 'addra' [D:/KAN/FPGA_Prj/KAN_V1/KAN_V1.srcs/sources_1/new/Coeff_Rom.sv:319]
WARNING: [VRFC 10-3091] actual bit length 32 differs from formal bit length 6 for port 'addra' [D:/KAN/FPGA_Prj/KAN_V1/KAN_V1.srcs/sources_1/new/Coeff_Rom.sv:325]
WARNING: [VRFC 10-3091] actual bit length 32 differs from formal bit length 6 for port 'addra' [D:/KAN/FPGA_Prj/KAN_V1/KAN_V1.srcs/sources_1/new/Coeff_Rom.sv:331]
Completed static elaboration
INFO: [XSIM 43-4323] No Change in HDL. Linking previously generated obj files to create kernel
INFO: [USF-XSim-69] 'elaborate' step finished in '2' seconds
Time resolution is 1 ps
 Block Memory Generator module loading initial data...
 Block Memory Generator data initialization complete.
Block Memory Generator module tb_bsu.ROM_TEST.bram0.inst.\native_mem_module.blk_mem_gen_v8_4_7_inst  is using a behavioral model for simulation which will not precisely model memory collision behavior.
 Block Memory Generator module loading initial data...
 Block Memory Generator data initialization complete.
Block Memory Generator module tb_bsu.ROM_TEST.bram1.inst.\native_mem_module.blk_mem_gen_v8_4_7_inst  is using a behavioral model for simulation which will not precisely model memory collision behavior.
 Block Memory Generator module loading initial data...
 Block Memory Generator data initialization complete.
Block Memory Generator module tb_bsu.ROM_TEST.bram2.inst.\native_mem_module.blk_mem_gen_v8_4_7_inst  is using a behavioral model for simulation which will not precisely model memory collision behavior.
 Block Memory Generator module loading initial data...
 Block Memory Generator data initialization complete.
Block Memory Generator module tb_bsu.ROM_TEST.bram3.inst.\native_mem_module.blk_mem_gen_v8_4_7_inst  is using a behavioral model for simulation which will not precisely model memory collision behavior.
 Block Memory Generator module loading initial data...
 Block Memory Generator data initialization complete.
Block Memory Generator module tb_bsu.ROM_TEST.bram4.inst.\native_mem_module.blk_mem_gen_v8_4_7_inst  is using a behavioral model for simulation which will not precisely model memory collision behavior.
 Block Memory Generator module loading initial data...
 Block Memory Generator data initialization complete.
Block Memory Generator module tb_bsu.ROM_TEST.bram5.inst.\native_mem_module.blk_mem_gen_v8_4_7_inst  is using a behavioral model for simulation which will not precisely model memory collision behavior.
 Block Memory Generator module loading initial data...
 Block Memory Generator data initialization complete.
Block Memory Generator module tb_bsu.ROM_TEST.bram6.inst.\native_mem_module.blk_mem_gen_v8_4_7_inst  is using a behavioral model for simulation which will not precisely model memory collision behavior.
 Block Memory Generator module loading initial data...
 Block Memory Generator data initialization complete.
Block Memory Generator module tb_bsu.ROM_TEST.bram7.inst.\native_mem_module.blk_mem_gen_v8_4_7_inst  is using a behavioral model for simulation which will not precisely model memory collision behavior.
 Block Memory Generator module loading initial data...
 Block Memory Generator data initialization complete.
Block Memory Generator module tb_bsu.ROM_TEST.bram8.inst.\native_mem_module.blk_mem_gen_v8_4_7_inst  is using a behavioral model for simulation which will not precisely model memory collision behavior.
 Block Memory Generator module loading initial data...
 Block Memory Generator data initialization complete.
Block Memory Generator module tb_bsu.ROM_TEST.bram9.inst.\native_mem_module.blk_mem_gen_v8_4_7_inst  is using a behavioral model for simulation which will not precisely model memory collision behavior.
 Block Memory Generator module loading initial data...
 Block Memory Generator data initialization complete.
Block Memory Generator module tb_bsu.ROM_TEST.bram10.inst.\native_mem_module.blk_mem_gen_v8_4_7_inst  is using a behavioral model for simulation which will not precisely model memory collision behavior.
 Block Memory Generator module loading initial data...
 Block Memory Generator data initialization complete.
Block Memory Generator module tb_bsu.ROM_TEST.bram11.inst.\native_mem_module.blk_mem_gen_v8_4_7_inst  is using a behavioral model for simulation which will not precisely model memory collision behavior.
 Block Memory Generator module loading initial data...
 Block Memory Generator data initialization complete.
Block Memory Generator module tb_bsu.ROM_TEST.bram12.inst.\native_mem_module.blk_mem_gen_v8_4_7_inst  is using a behavioral model for simulation which will not precisely model memory collision behavior.
 Block Memory Generator module loading initial data...
 Block Memory Generator data initialization complete.
Block Memory Generator module tb_bsu.ROM_TEST.bram13.inst.\native_mem_module.blk_mem_gen_v8_4_7_inst  is using a behavioral model for simulation which will not precisely model memory collision behavior.
 Block Memory Generator module loading initial data...
 Block Memory Generator data initialization complete.
Block Memory Generator module tb_bsu.ROM_TEST.bram14.inst.\native_mem_module.blk_mem_gen_v8_4_7_inst  is using a behavioral model for simulation which will not precisely model memory collision behavior.
 Block Memory Generator module loading initial data...
 Block Memory Generator data initialization complete.
Block Memory Generator module tb_bsu.ROM_TEST.bram15.inst.\native_mem_module.blk_mem_gen_v8_4_7_inst  is using a behavioral model for simulation which will not precisely model memory collision behavior.
 Block Memory Generator module loading initial data...
 Block Memory Generator data initialization complete.
Block Memory Generator module tb_bsu.ROM_TEST.bram16.inst.\native_mem_module.blk_mem_gen_v8_4_7_inst  is using a behavioral model for simulation which will not precisely model memory collision behavior.
 Block Memory Generator module loading initial data...
 Block Memory Generator data initialization complete.
Block Memory Generator module tb_bsu.ROM_TEST.bram17.inst.\native_mem_module.blk_mem_gen_v8_4_7_inst  is using a behavioral model for simulation which will not precisely model memory collision behavior.
 Block Memory Generator module loading initial data...
 Block Memory Generator data initialization complete.
Block Memory Generator module tb_bsu.ROM_TEST.bram18.inst.\native_mem_module.blk_mem_gen_v8_4_7_inst  is using a behavioral model for simulation which will not precisely model memory collision behavior.
 Block Memory Generator module loading initial data...
 Block Memory Generator data initialization complete.
Block Memory Generator module tb_bsu.ROM_TEST.bram19.inst.\native_mem_module.blk_mem_gen_v8_4_7_inst  is using a behavioral model for simulation which will not precisely model memory collision behavior.
relaunch_sim: Time (s): cpu = 00:00:01 ; elapsed = 00:00:06 . Memory (MB): peak = 2734.863 ; gain = 0.000
save_wave_config {D:/KAN/FPGA_Prj/KAN_V1/tb_module_behav.wcfg}
close_sim
INFO: [Simtcl 6-16] Simulation closed
launch_simulation
Command: launch_simulation 
INFO: [Vivado 12-12493] Simulation top is 'tb_bsu'
WARNING: [Vivado 12-13340] Unable to auto find GCC executables from simulator install path! (path not set)
INFO: [Vivado 12-5682] Launching behavioral simulation in 'D:/KAN/FPGA_Prj/KAN_V1/KAN_V1.sim/sim_1/behav/xsim'
INFO: [SIM-utils-51] Simulation object is 'sim_1'
INFO: [SIM-utils-72] Using boost library from 'D:/Xilinx/Vivado/2023.2/tps/boost_1_72_0'
INFO: [USF-XSim-7] Finding pre-compiled libraries...
INFO: [USF-XSim-11] File 'D:/Xilinx/Vivado/2023.2/data/xsim/xsim.ini' copied to run dir:'D:/KAN/FPGA_Prj/KAN_V1/KAN_V1.sim/sim_1/behav/xsim'
INFO: [SIM-utils-54] Inspecting design source files for 'tb_bsu' in fileset 'sim_1'...
INFO: [SIM-utils-43] Exported 'D:/KAN/FPGA_Prj/KAN_V1/KAN_V1.sim/sim_1/behav/xsim/layer0_coeff_in0_out0.mif'
INFO: [SIM-utils-43] Exported 'D:/KAN/FPGA_Prj/KAN_V1/KAN_V1.sim/sim_1/behav/xsim/layer0_coeff_in0_out0.coe'
INFO: [SIM-utils-43] Exported 'D:/KAN/FPGA_Prj/KAN_V1/KAN_V1.sim/sim_1/behav/xsim/layer0_coeff_in0_out1.mif'
INFO: [SIM-utils-43] Exported 'D:/KAN/FPGA_Prj/KAN_V1/KAN_V1.sim/sim_1/behav/xsim/layer0_coeff_in0_out1.coe'
INFO: [SIM-utils-43] Exported 'D:/KAN/FPGA_Prj/KAN_V1/KAN_V1.sim/sim_1/behav/xsim/layer0_coeff_in0_out2.mif'
INFO: [SIM-utils-43] Exported 'D:/KAN/FPGA_Prj/KAN_V1/KAN_V1.sim/sim_1/behav/xsim/layer0_coeff_in0_out2.coe'
INFO: [SIM-utils-43] Exported 'D:/KAN/FPGA_Prj/KAN_V1/KAN_V1.sim/sim_1/behav/xsim/layer0_coeff_in0_out3.mif'
INFO: [SIM-utils-43] Exported 'D:/KAN/FPGA_Prj/KAN_V1/KAN_V1.sim/sim_1/behav/xsim/layer0_coeff_in0_out3.coe'
INFO: [SIM-utils-43] Exported 'D:/KAN/FPGA_Prj/KAN_V1/KAN_V1.sim/sim_1/behav/xsim/layer0_coeff_in0_out4.mif'
INFO: [SIM-utils-43] Exported 'D:/KAN/FPGA_Prj/KAN_V1/KAN_V1.sim/sim_1/behav/xsim/layer0_coeff_in0_out4.coe'
INFO: [SIM-utils-43] Exported 'D:/KAN/FPGA_Prj/KAN_V1/KAN_V1.sim/sim_1/behav/xsim/layer0_coeff_in1_out0.mif'
INFO: [SIM-utils-43] Exported 'D:/KAN/FPGA_Prj/KAN_V1/KAN_V1.sim/sim_1/behav/xsim/layer0_coeff_in1_out0.coe'
INFO: [SIM-utils-43] Exported 'D:/KAN/FPGA_Prj/KAN_V1/KAN_V1.sim/sim_1/behav/xsim/layer0_coeff_in1_out1.mif'
INFO: [SIM-utils-43] Exported 'D:/KAN/FPGA_Prj/KAN_V1/KAN_V1.sim/sim_1/behav/xsim/layer0_coeff_in1_out1.coe'
INFO: [SIM-utils-43] Exported 'D:/KAN/FPGA_Prj/KAN_V1/KAN_V1.sim/sim_1/behav/xsim/layer0_coeff_in1_out2.mif'
INFO: [SIM-utils-43] Exported 'D:/KAN/FPGA_Prj/KAN_V1/KAN_V1.sim/sim_1/behav/xsim/layer0_coeff_in1_out2.coe'
INFO: [SIM-utils-43] Exported 'D:/KAN/FPGA_Prj/KAN_V1/KAN_V1.sim/sim_1/behav/xsim/layer0_coeff_in1_out3.mif'
INFO: [SIM-utils-43] Exported 'D:/KAN/FPGA_Prj/KAN_V1/KAN_V1.sim/sim_1/behav/xsim/layer0_coeff_in1_out3.coe'
INFO: [SIM-utils-43] Exported 'D:/KAN/FPGA_Prj/KAN_V1/KAN_V1.sim/sim_1/behav/xsim/layer0_coeff_in1_out4.mif'
INFO: [SIM-utils-43] Exported 'D:/KAN/FPGA_Prj/KAN_V1/KAN_V1.sim/sim_1/behav/xsim/layer0_coeff_in1_out4.coe'
INFO: [SIM-utils-43] Exported 'D:/KAN/FPGA_Prj/KAN_V1/KAN_V1.sim/sim_1/behav/xsim/layer0_coeff_in2_out0.mif'
INFO: [SIM-utils-43] Exported 'D:/KAN/FPGA_Prj/KAN_V1/KAN_V1.sim/sim_1/behav/xsim/layer0_coeff_in2_out0.coe'
INFO: [SIM-utils-43] Exported 'D:/KAN/FPGA_Prj/KAN_V1/KAN_V1.sim/sim_1/behav/xsim/layer0_coeff_in2_out1.mif'
INFO: [SIM-utils-43] Exported 'D:/KAN/FPGA_Prj/KAN_V1/KAN_V1.sim/sim_1/behav/xsim/layer0_coeff_in2_out1.coe'
INFO: [SIM-utils-43] Exported 'D:/KAN/FPGA_Prj/KAN_V1/KAN_V1.sim/sim_1/behav/xsim/layer0_coeff_in2_out2.mif'
INFO: [SIM-utils-43] Exported 'D:/KAN/FPGA_Prj/KAN_V1/KAN_V1.sim/sim_1/behav/xsim/layer0_coeff_in2_out2.coe'
INFO: [SIM-utils-43] Exported 'D:/KAN/FPGA_Prj/KAN_V1/KAN_V1.sim/sim_1/behav/xsim/layer0_coeff_in2_out3.mif'
INFO: [SIM-utils-43] Exported 'D:/KAN/FPGA_Prj/KAN_V1/KAN_V1.sim/sim_1/behav/xsim/layer0_coeff_in2_out3.coe'
INFO: [SIM-utils-43] Exported 'D:/KAN/FPGA_Prj/KAN_V1/KAN_V1.sim/sim_1/behav/xsim/layer0_coeff_in2_out4.mif'
INFO: [SIM-utils-43] Exported 'D:/KAN/FPGA_Prj/KAN_V1/KAN_V1.sim/sim_1/behav/xsim/layer0_coeff_in2_out4.coe'
INFO: [SIM-utils-43] Exported 'D:/KAN/FPGA_Prj/KAN_V1/KAN_V1.sim/sim_1/behav/xsim/layer1_coeff_in0_out0.mif'
INFO: [SIM-utils-43] Exported 'D:/KAN/FPGA_Prj/KAN_V1/KAN_V1.sim/sim_1/behav/xsim/layer1_coeff_in0_out0.coe'
INFO: [SIM-utils-43] Exported 'D:/KAN/FPGA_Prj/KAN_V1/KAN_V1.sim/sim_1/behav/xsim/layer1_coeff_in1_out0.mif'
INFO: [SIM-utils-43] Exported 'D:/KAN/FPGA_Prj/KAN_V1/KAN_V1.sim/sim_1/behav/xsim/layer1_coeff_in1_out0.coe'
INFO: [SIM-utils-43] Exported 'D:/KAN/FPGA_Prj/KAN_V1/KAN_V1.sim/sim_1/behav/xsim/layer1_coeff_in2_out0.mif'
INFO: [SIM-utils-43] Exported 'D:/KAN/FPGA_Prj/KAN_V1/KAN_V1.sim/sim_1/behav/xsim/layer1_coeff_in2_out0.coe'
INFO: [SIM-utils-43] Exported 'D:/KAN/FPGA_Prj/KAN_V1/KAN_V1.sim/sim_1/behav/xsim/layer1_coeff_in3_out0.mif'
INFO: [SIM-utils-43] Exported 'D:/KAN/FPGA_Prj/KAN_V1/KAN_V1.sim/sim_1/behav/xsim/layer1_coeff_in3_out0.coe'
INFO: [SIM-utils-43] Exported 'D:/KAN/FPGA_Prj/KAN_V1/KAN_V1.sim/sim_1/behav/xsim/layer1_coeff_in4_out0.mif'
INFO: [SIM-utils-43] Exported 'D:/KAN/FPGA_Prj/KAN_V1/KAN_V1.sim/sim_1/behav/xsim/layer1_coeff_in4_out0.coe'
INFO: [USF-XSim-97] Finding global include files...
INFO: [USF-XSim-98] Fetching design files from 'sim_1'...
INFO: [USF-XSim-2] XSim::Compile design
INFO: [USF-XSim-61] Executing 'COMPILE and ANALYZE' step in 'D:/KAN/FPGA_Prj/KAN_V1/KAN_V1.sim/sim_1/behav/xsim'
"xvlog --incr --relax -L uvm -prj tb_bsu_vlog.prj"
ECHO 处于关闭状态。
ECHO 处于关闭状态。
INFO: [VRFC 10-2263] Analyzing Verilog file "D:/KAN/FPGA_Prj/KAN_V1/KAN_V1.gen/sources_1/ip/layer1_coeff_in4_out0/sim/layer1_coeff_in4_out0.v" into library xil_defaultlib
INFO: [VRFC 10-311] analyzing module layer1_coeff_in4_out0
INFO: [VRFC 10-2263] Analyzing Verilog file "D:/KAN/FPGA_Prj/KAN_V1/KAN_V1.gen/sources_1/ip/layer1_coeff_in3_out0/sim/layer1_coeff_in3_out0.v" into library xil_defaultlib
INFO: [VRFC 10-311] analyzing module layer1_coeff_in3_out0
INFO: [VRFC 10-2263] Analyzing Verilog file "D:/KAN/FPGA_Prj/KAN_V1/KAN_V1.gen/sources_1/ip/layer1_coeff_in2_out0/sim/layer1_coeff_in2_out0.v" into library xil_defaultlib
INFO: [VRFC 10-311] analyzing module layer1_coeff_in2_out0
INFO: [VRFC 10-2263] Analyzing Verilog file "D:/KAN/FPGA_Prj/KAN_V1/KAN_V1.gen/sources_1/ip/layer1_coeff_in1_out0/sim/layer1_coeff_in1_out0.v" into library xil_defaultlib
INFO: [VRFC 10-311] analyzing module layer1_coeff_in1_out0
INFO: [VRFC 10-2263] Analyzing Verilog file "D:/KAN/FPGA_Prj/KAN_V1/KAN_V1.gen/sources_1/ip/layer1_coeff_in0_out0/sim/layer1_coeff_in0_out0.v" into library xil_defaultlib
INFO: [VRFC 10-311] analyzing module layer1_coeff_in0_out0
INFO: [VRFC 10-2263] Analyzing Verilog file "D:/KAN/FPGA_Prj/KAN_V1/KAN_V1.gen/sources_1/ip/layer0_coeff_in2_out4/sim/layer0_coeff_in2_out4.v" into library xil_defaultlib
INFO: [VRFC 10-311] analyzing module layer0_coeff_in2_out4
INFO: [VRFC 10-2263] Analyzing Verilog file "D:/KAN/FPGA_Prj/KAN_V1/KAN_V1.gen/sources_1/ip/layer0_coeff_in2_out3/sim/layer0_coeff_in2_out3.v" into library xil_defaultlib
INFO: [VRFC 10-311] analyzing module layer0_coeff_in2_out3
INFO: [VRFC 10-2263] Analyzing Verilog file "D:/KAN/FPGA_Prj/KAN_V1/KAN_V1.gen/sources_1/ip/layer0_coeff_in2_out2/sim/layer0_coeff_in2_out2.v" into library xil_defaultlib
INFO: [VRFC 10-311] analyzing module layer0_coeff_in2_out2
INFO: [VRFC 10-2263] Analyzing Verilog file "D:/KAN/FPGA_Prj/KAN_V1/KAN_V1.gen/sources_1/ip/layer0_coeff_in2_out1/sim/layer0_coeff_in2_out1.v" into library xil_defaultlib
INFO: [VRFC 10-311] analyzing module layer0_coeff_in2_out1
INFO: [VRFC 10-2263] Analyzing Verilog file "D:/KAN/FPGA_Prj/KAN_V1/KAN_V1.gen/sources_1/ip/layer0_coeff_in2_out0/sim/layer0_coeff_in2_out0.v" into library xil_defaultlib
INFO: [VRFC 10-311] analyzing module layer0_coeff_in2_out0
INFO: [VRFC 10-2263] Analyzing Verilog file "D:/KAN/FPGA_Prj/KAN_V1/KAN_V1.gen/sources_1/ip/layer0_coeff_in1_out4/sim/layer0_coeff_in1_out4.v" into library xil_defaultlib
INFO: [VRFC 10-311] analyzing module layer0_coeff_in1_out4
INFO: [VRFC 10-2263] Analyzing Verilog file "D:/KAN/FPGA_Prj/KAN_V1/KAN_V1.gen/sources_1/ip/layer0_coeff_in1_out3/sim/layer0_coeff_in1_out3.v" into library xil_defaultlib
INFO: [VRFC 10-311] analyzing module layer0_coeff_in1_out3
INFO: [VRFC 10-2263] Analyzing Verilog file "D:/KAN/FPGA_Prj/KAN_V1/KAN_V1.gen/sources_1/ip/layer0_coeff_in1_out2/sim/layer0_coeff_in1_out2.v" into library xil_defaultlib
INFO: [VRFC 10-311] analyzing module layer0_coeff_in1_out2
INFO: [VRFC 10-2263] Analyzing Verilog file "D:/KAN/FPGA_Prj/KAN_V1/KAN_V1.gen/sources_1/ip/layer0_coeff_in1_out1/sim/layer0_coeff_in1_out1.v" into library xil_defaultlib
INFO: [VRFC 10-311] analyzing module layer0_coeff_in1_out1
INFO: [VRFC 10-2263] Analyzing Verilog file "D:/KAN/FPGA_Prj/KAN_V1/KAN_V1.gen/sources_1/ip/layer0_coeff_in1_out0/sim/layer0_coeff_in1_out0.v" into library xil_defaultlib
INFO: [VRFC 10-311] analyzing module layer0_coeff_in1_out0
INFO: [VRFC 10-2263] Analyzing Verilog file "D:/KAN/FPGA_Prj/KAN_V1/KAN_V1.gen/sources_1/ip/layer0_coeff_in0_out4/sim/layer0_coeff_in0_out4.v" into library xil_defaultlib
INFO: [VRFC 10-311] analyzing module layer0_coeff_in0_out4
INFO: [VRFC 10-2263] Analyzing Verilog file "D:/KAN/FPGA_Prj/KAN_V1/KAN_V1.gen/sources_1/ip/layer0_coeff_in0_out3/sim/layer0_coeff_in0_out3.v" into library xil_defaultlib
INFO: [VRFC 10-311] analyzing module layer0_coeff_in0_out3
INFO: [VRFC 10-2263] Analyzing Verilog file "D:/KAN/FPGA_Prj/KAN_V1/KAN_V1.gen/sources_1/ip/layer0_coeff_in0_out2/sim/layer0_coeff_in0_out2.v" into library xil_defaultlib
INFO: [VRFC 10-311] analyzing module layer0_coeff_in0_out2
INFO: [VRFC 10-2263] Analyzing Verilog file "D:/KAN/FPGA_Prj/KAN_V1/KAN_V1.gen/sources_1/ip/layer0_coeff_in0_out1/sim/layer0_coeff_in0_out1.v" into library xil_defaultlib
INFO: [VRFC 10-311] analyzing module layer0_coeff_in0_out1
INFO: [VRFC 10-2263] Analyzing Verilog file "D:/KAN/FPGA_Prj/KAN_V1/KAN_V1.gen/sources_1/ip/layer0_coeff_in0_out0/sim/layer0_coeff_in0_out0.v" into library xil_defaultlib
INFO: [VRFC 10-311] analyzing module layer0_coeff_in0_out0
INFO: [VRFC 10-2263] Analyzing Verilog file "D:/KAN/FPGA_Prj/KAN_V1/KAN_V1.srcs/sources_1/new/BSU.v" into library xil_defaultlib
INFO: [VRFC 10-311] analyzing module BSU
INFO: [VRFC 10-2263] Analyzing Verilog file "D:/KAN/FPGA_Prj/KAN_V1/KAN_V1.srcs/sources_1/new/internal_finder.v" into library xil_defaultlib
INFO: [VRFC 10-311] analyzing module internal_finder
INFO: [VRFC 10-2263] Analyzing Verilog file "D:/KAN/FPGA_Prj/KAN_V1/KAN_V1.srcs/sources_1/new/mac.v" into library xil_defaultlib
INFO: [VRFC 10-311] analyzing module mac
INFO: [VRFC 10-2263] Analyzing Verilog file "D:/KAN/FPGA_Prj/KAN_V1/KAN_V1.srcs/sources_1/new/multiplier.v" into library xil_defaultlib
INFO: [VRFC 10-311] analyzing module multiplier
INFO: [USF-XSim-69] 'compile' step finished in '4' seconds
INFO: [USF-XSim-3] XSim::Elaborate design
INFO: [USF-XSim-61] Executing 'ELABORATE' step in 'D:/KAN/FPGA_Prj/KAN_V1/KAN_V1.sim/sim_1/behav/xsim'
"xelab --incr --debug typical --relax --mt 2 -L xil_defaultlib -L blk_mem_gen_v8_4_7 -L uvm -L unisims_ver -L unimacro_ver -L secureip -L xpm --snapshot tb_bsu_behav xil_defaultlib.tb_bsu xil_defaultlib.glbl -log elaborate.log"
ECHO 处于关闭状态。
ECHO 处于关闭状态。
Vivado Simulator v2023.2
Copyright 1986-2022 Xilinx, Inc. All Rights Reserved.
Copyright 2022-2023 Advanced Micro Devices, Inc. All Rights Reserved.
Running: D:/Xilinx/Vivado/2023.2/bin/unwrapped/win64.o/xelab.exe --incr --debug typical --relax --mt 2 -L xil_defaultlib -L blk_mem_gen_v8_4_7 -L uvm -L unisims_ver -L unimacro_ver -L secureip -L xpm --snapshot tb_bsu_behav xil_defaultlib.tb_bsu xil_defaultlib.glbl -log elaborate.log 
Using 2 slave threads.
Starting static elaboration
Pass Through NonSizing Optimizer
WARNING: [VRFC 10-3091] actual bit length 32 differs from formal bit length 5 for port 'channel0_cs' [D:/KAN/FPGA_Prj/KAN_V1/KAN_V1.srcs/sim_1/new/tb_bsu.v:46]
WARNING: [VRFC 10-3091] actual bit length 32 differs from formal bit length 7 for port 'addra' [D:/KAN/FPGA_Prj/KAN_V1/KAN_V1.srcs/sources_1/new/Coeff_Rom.sv:211]
WARNING: [VRFC 10-3091] actual bit length 32 differs from formal bit length 6 for port 'addra' [D:/KAN/FPGA_Prj/KAN_V1/KAN_V1.srcs/sources_1/new/Coeff_Rom.sv:217]
WARNING: [VRFC 10-3091] actual bit length 32 differs from formal bit length 6 for port 'addra' [D:/KAN/FPGA_Prj/KAN_V1/KAN_V1.srcs/sources_1/new/Coeff_Rom.sv:223]
WARNING: [VRFC 10-3091] actual bit length 32 differs from formal bit length 6 for port 'addra' [D:/KAN/FPGA_Prj/KAN_V1/KAN_V1.srcs/sources_1/new/Coeff_Rom.sv:229]
WARNING: [VRFC 10-3091] actual bit length 32 differs from formal bit length 6 for port 'addra' [D:/KAN/FPGA_Prj/KAN_V1/KAN_V1.srcs/sources_1/new/Coeff_Rom.sv:235]
WARNING: [VRFC 10-3091] actual bit length 32 differs from formal bit length 6 for port 'addra' [D:/KAN/FPGA_Prj/KAN_V1/KAN_V1.srcs/sources_1/new/Coeff_Rom.sv:243]
WARNING: [VRFC 10-3091] actual bit length 32 differs from formal bit length 6 for port 'addra' [D:/KAN/FPGA_Prj/KAN_V1/KAN_V1.srcs/sources_1/new/Coeff_Rom.sv:249]
WARNING: [VRFC 10-3091] actual bit length 32 differs from formal bit length 6 for port 'addra' [D:/KAN/FPGA_Prj/KAN_V1/KAN_V1.srcs/sources_1/new/Coeff_Rom.sv:255]
WARNING: [VRFC 10-3091] actual bit length 32 differs from formal bit length 6 for port 'addra' [D:/KAN/FPGA_Prj/KAN_V1/KAN_V1.srcs/sources_1/new/Coeff_Rom.sv:262]
WARNING: [VRFC 10-3091] actual bit length 32 differs from formal bit length 6 for port 'addra' [D:/KAN/FPGA_Prj/KAN_V1/KAN_V1.srcs/sources_1/new/Coeff_Rom.sv:269]
WARNING: [VRFC 10-3091] actual bit length 32 differs from formal bit length 6 for port 'addra' [D:/KAN/FPGA_Prj/KAN_V1/KAN_V1.srcs/sources_1/new/Coeff_Rom.sv:276]
WARNING: [VRFC 10-3091] actual bit length 32 differs from formal bit length 6 for port 'addra' [D:/KAN/FPGA_Prj/KAN_V1/KAN_V1.srcs/sources_1/new/Coeff_Rom.sv:282]
WARNING: [VRFC 10-3091] actual bit length 32 differs from formal bit length 6 for port 'addra' [D:/KAN/FPGA_Prj/KAN_V1/KAN_V1.srcs/sources_1/new/Coeff_Rom.sv:288]
WARNING: [VRFC 10-3091] actual bit length 32 differs from formal bit length 6 for port 'addra' [D:/KAN/FPGA_Prj/KAN_V1/KAN_V1.srcs/sources_1/new/Coeff_Rom.sv:294]
WARNING: [VRFC 10-3091] actual bit length 32 differs from formal bit length 6 for port 'addra' [D:/KAN/FPGA_Prj/KAN_V1/KAN_V1.srcs/sources_1/new/Coeff_Rom.sv:300]
WARNING: [VRFC 10-3091] actual bit length 32 differs from formal bit length 6 for port 'addra' [D:/KAN/FPGA_Prj/KAN_V1/KAN_V1.srcs/sources_1/new/Coeff_Rom.sv:307]
WARNING: [VRFC 10-3091] actual bit length 32 differs from formal bit length 6 for port 'addra' [D:/KAN/FPGA_Prj/KAN_V1/KAN_V1.srcs/sources_1/new/Coeff_Rom.sv:313]
WARNING: [VRFC 10-3091] actual bit length 32 differs from formal bit length 6 for port 'addra' [D:/KAN/FPGA_Prj/KAN_V1/KAN_V1.srcs/sources_1/new/Coeff_Rom.sv:319]
WARNING: [VRFC 10-3091] actual bit length 32 differs from formal bit length 6 for port 'addra' [D:/KAN/FPGA_Prj/KAN_V1/KAN_V1.srcs/sources_1/new/Coeff_Rom.sv:325]
WARNING: [VRFC 10-3091] actual bit length 32 differs from formal bit length 6 for port 'addra' [D:/KAN/FPGA_Prj/KAN_V1/KAN_V1.srcs/sources_1/new/Coeff_Rom.sv:331]
Completed static elaboration
Starting simulation data flow analysis
Completed simulation data flow analysis
Time Resolution for simulation is 1ps
Compiling module blk_mem_gen_v8_4_7.blk_mem_gen_v8_4_7_output_stage(...
Compiling module blk_mem_gen_v8_4_7.blk_mem_gen_v8_4_7_softecc_outpu...
Compiling module blk_mem_gen_v8_4_7.blk_mem_gen_v8_4_7_mem_module(C_...
Compiling module blk_mem_gen_v8_4_7.blk_mem_gen_v8_4_7(C_FAMILY="zyn...
Compiling module xil_defaultlib.layer0_coeff_in0_out0
Compiling module blk_mem_gen_v8_4_7.blk_mem_gen_v8_4_7_output_stage(...
Compiling module blk_mem_gen_v8_4_7.blk_mem_gen_v8_4_7_softecc_outpu...
Compiling module blk_mem_gen_v8_4_7.blk_mem_gen_v8_4_7_mem_module(C_...
Compiling module blk_mem_gen_v8_4_7.blk_mem_gen_v8_4_7(C_FAMILY="zyn...
Compiling module xil_defaultlib.layer0_coeff_in0_out1
Compiling module blk_mem_gen_v8_4_7.blk_mem_gen_v8_4_7_mem_module(C_...
Compiling module blk_mem_gen_v8_4_7.blk_mem_gen_v8_4_7(C_FAMILY="zyn...
Compiling module xil_defaultlib.layer0_coeff_in0_out2
Compiling module blk_mem_gen_v8_4_7.blk_mem_gen_v8_4_7_mem_module(C_...
Compiling module blk_mem_gen_v8_4_7.blk_mem_gen_v8_4_7(C_FAMILY="zyn...
Compiling module xil_defaultlib.layer0_coeff_in0_out3
Compiling module blk_mem_gen_v8_4_7.blk_mem_gen_v8_4_7_mem_module(C_...
Compiling module blk_mem_gen_v8_4_7.blk_mem_gen_v8_4_7(C_FAMILY="zyn...
Compiling module xil_defaultlib.layer0_coeff_in0_out4
Compiling module blk_mem_gen_v8_4_7.blk_mem_gen_v8_4_7_mem_module(C_...
Compiling module blk_mem_gen_v8_4_7.blk_mem_gen_v8_4_7(C_FAMILY="zyn...
Compiling module xil_defaultlib.layer0_coeff_in1_out0
Compiling module blk_mem_gen_v8_4_7.blk_mem_gen_v8_4_7_mem_module(C_...
Compiling module blk_mem_gen_v8_4_7.blk_mem_gen_v8_4_7(C_FAMILY="zyn...
Compiling module xil_defaultlib.layer0_coeff_in1_out1
Compiling module blk_mem_gen_v8_4_7.blk_mem_gen_v8_4_7_mem_module(C_...
Compiling module blk_mem_gen_v8_4_7.blk_mem_gen_v8_4_7(C_FAMILY="zyn...
Compiling module xil_defaultlib.layer0_coeff_in1_out2
Compiling module blk_mem_gen_v8_4_7.blk_mem_gen_v8_4_7_mem_module(C_...
Compiling module blk_mem_gen_v8_4_7.blk_mem_gen_v8_4_7(C_FAMILY="zyn...
Compiling module xil_defaultlib.layer0_coeff_in1_out3
Compiling module blk_mem_gen_v8_4_7.blk_mem_gen_v8_4_7_mem_module(C_...
Compiling module blk_mem_gen_v8_4_7.blk_mem_gen_v8_4_7(C_FAMILY="zyn...
Compiling module xil_defaultlib.layer0_coeff_in1_out4
Compiling module blk_mem_gen_v8_4_7.blk_mem_gen_v8_4_7_mem_module(C_...
Compiling module blk_mem_gen_v8_4_7.blk_mem_gen_v8_4_7(C_FAMILY="zyn...
Compiling module xil_defaultlib.layer0_coeff_in2_out0
Compiling module blk_mem_gen_v8_4_7.blk_mem_gen_v8_4_7_mem_module(C_...
Compiling module blk_mem_gen_v8_4_7.blk_mem_gen_v8_4_7(C_FAMILY="zyn...
Compiling module xil_defaultlib.layer0_coeff_in2_out1
Compiling module blk_mem_gen_v8_4_7.blk_mem_gen_v8_4_7_mem_module(C_...
Compiling module blk_mem_gen_v8_4_7.blk_mem_gen_v8_4_7(C_FAMILY="zyn...
Compiling module xil_defaultlib.layer0_coeff_in2_out2
Compiling module blk_mem_gen_v8_4_7.blk_mem_gen_v8_4_7_mem_module(C_...
Compiling module blk_mem_gen_v8_4_7.blk_mem_gen_v8_4_7(C_FAMILY="zyn...
Compiling module xil_defaultlib.layer0_coeff_in2_out3
Compiling module blk_mem_gen_v8_4_7.blk_mem_gen_v8_4_7_mem_module(C_...
Compiling module blk_mem_gen_v8_4_7.blk_mem_gen_v8_4_7(C_FAMILY="zyn...
Compiling module xil_defaultlib.layer0_coeff_in2_out4
Compiling module blk_mem_gen_v8_4_7.blk_mem_gen_v8_4_7_mem_module(C_...
Compiling module blk_mem_gen_v8_4_7.blk_mem_gen_v8_4_7(C_FAMILY="zyn...
Compiling module xil_defaultlib.layer1_coeff_in0_out0
Compiling module blk_mem_gen_v8_4_7.blk_mem_gen_v8_4_7_mem_module(C_...
Compiling module blk_mem_gen_v8_4_7.blk_mem_gen_v8_4_7(C_FAMILY="zyn...
Compiling module xil_defaultlib.layer1_coeff_in1_out0
Compiling module blk_mem_gen_v8_4_7.blk_mem_gen_v8_4_7_mem_module(C_...
Compiling module blk_mem_gen_v8_4_7.blk_mem_gen_v8_4_7(C_FAMILY="zyn...
Compiling module xil_defaultlib.layer1_coeff_in2_out0
Compiling module blk_mem_gen_v8_4_7.blk_mem_gen_v8_4_7_mem_module(C_...
Compiling module blk_mem_gen_v8_4_7.blk_mem_gen_v8_4_7(C_FAMILY="zyn...
Compiling module xil_defaultlib.layer1_coeff_in3_out0
Compiling module blk_mem_gen_v8_4_7.blk_mem_gen_v8_4_7_mem_module(C_...
Compiling module blk_mem_gen_v8_4_7.blk_mem_gen_v8_4_7(C_FAMILY="zyn...
Compiling module xil_defaultlib.layer1_coeff_in4_out0
Compiling module xil_defaultlib.Coeff_Rom
Compiling module xil_defaultlib.internal_finder
Compiling module xil_defaultlib.multiplier
Compiling module xil_defaultlib.mac
Compiling module xil_defaultlib.BSU
Compiling module xil_defaultlib.tb_bsu
Compiling module xil_defaultlib.glbl
Built simulation snapshot tb_bsu_behav
run_program: Time (s): cpu = 00:00:02 ; elapsed = 00:00:28 . Memory (MB): peak = 2734.863 ; gain = 0.000
INFO: [USF-XSim-69] 'elaborate' step finished in '27' seconds
INFO: [USF-XSim-4] XSim::Simulate design
INFO: [USF-XSim-61] Executing 'SIMULATE' step in 'D:/KAN/FPGA_Prj/KAN_V1/KAN_V1.sim/sim_1/behav/xsim'
INFO: [USF-XSim-98] *** Running xsim
   with args "tb_bsu_behav -key {Behavioral:sim_1:Functional:tb_bsu} -tclbatch {tb_bsu.tcl} -view {D:/KAN/FPGA_Prj/KAN_V1/tb_module_behav.wcfg} -log {simulate.log}"
INFO: [USF-XSim-8] Loading simulator feature
Time resolution is 1 ps
open_wave_config D:/KAN/FPGA_Prj/KAN_V1/tb_module_behav.wcfg
source tb_bsu.tcl
# set curr_wave [current_wave_config]
# if { [string length $curr_wave] == 0 } {
#   if { [llength [get_objects]] > 0} {
#     add_wave /
#     set_property needs_save false [current_wave_config]
#   } else {
#      send_msg_id Add_Wave-1 WARNING "No top level signals found. Simulator will start without a wave window. If you want to open a wave window go to 'File->New Waveform Configuration' or type 'create_wave_config' in the TCL console."
#   }
# }
# run 1000ns
 Block Memory Generator module loading initial data...
 Block Memory Generator data initialization complete.
Block Memory Generator module tb_bsu.ROM_TEST.bram0.inst.\native_mem_module.blk_mem_gen_v8_4_7_inst  is using a behavioral model for simulation which will not precisely model memory collision behavior.
 Block Memory Generator module loading initial data...
 Block Memory Generator data initialization complete.
Block Memory Generator module tb_bsu.ROM_TEST.bram1.inst.\native_mem_module.blk_mem_gen_v8_4_7_inst  is using a behavioral model for simulation which will not precisely model memory collision behavior.
 Block Memory Generator module loading initial data...
 Block Memory Generator data initialization complete.
Block Memory Generator module tb_bsu.ROM_TEST.bram2.inst.\native_mem_module.blk_mem_gen_v8_4_7_inst  is using a behavioral model for simulation which will not precisely model memory collision behavior.
 Block Memory Generator module loading initial data...
 Block Memory Generator data initialization complete.
Block Memory Generator module tb_bsu.ROM_TEST.bram3.inst.\native_mem_module.blk_mem_gen_v8_4_7_inst  is using a behavioral model for simulation which will not precisely model memory collision behavior.
 Block Memory Generator module loading initial data...
 Block Memory Generator data initialization complete.
Block Memory Generator module tb_bsu.ROM_TEST.bram4.inst.\native_mem_module.blk_mem_gen_v8_4_7_inst  is using a behavioral model for simulation which will not precisely model memory collision behavior.
 Block Memory Generator module loading initial data...
 Block Memory Generator data initialization complete.
Block Memory Generator module tb_bsu.ROM_TEST.bram5.inst.\native_mem_module.blk_mem_gen_v8_4_7_inst  is using a behavioral model for simulation which will not precisely model memory collision behavior.
 Block Memory Generator module loading initial data...
 Block Memory Generator data initialization complete.
Block Memory Generator module tb_bsu.ROM_TEST.bram6.inst.\native_mem_module.blk_mem_gen_v8_4_7_inst  is using a behavioral model for simulation which will not precisely model memory collision behavior.
 Block Memory Generator module loading initial data...
 Block Memory Generator data initialization complete.
Block Memory Generator module tb_bsu.ROM_TEST.bram7.inst.\native_mem_module.blk_mem_gen_v8_4_7_inst  is using a behavioral model for simulation which will not precisely model memory collision behavior.
 Block Memory Generator module loading initial data...
 Block Memory Generator data initialization complete.
Block Memory Generator module tb_bsu.ROM_TEST.bram8.inst.\native_mem_module.blk_mem_gen_v8_4_7_inst  is using a behavioral model for simulation which will not precisely model memory collision behavior.
 Block Memory Generator module loading initial data...
 Block Memory Generator data initialization complete.
Block Memory Generator module tb_bsu.ROM_TEST.bram9.inst.\native_mem_module.blk_mem_gen_v8_4_7_inst  is using a behavioral model for simulation which will not precisely model memory collision behavior.
 Block Memory Generator module loading initial data...
 Block Memory Generator data initialization complete.
Block Memory Generator module tb_bsu.ROM_TEST.bram10.inst.\native_mem_module.blk_mem_gen_v8_4_7_inst  is using a behavioral model for simulation which will not precisely model memory collision behavior.
 Block Memory Generator module loading initial data...
 Block Memory Generator data initialization complete.
Block Memory Generator module tb_bsu.ROM_TEST.bram11.inst.\native_mem_module.blk_mem_gen_v8_4_7_inst  is using a behavioral model for simulation which will not precisely model memory collision behavior.
 Block Memory Generator module loading initial data...
 Block Memory Generator data initialization complete.
Block Memory Generator module tb_bsu.ROM_TEST.bram12.inst.\native_mem_module.blk_mem_gen_v8_4_7_inst  is using a behavioral model for simulation which will not precisely model memory collision behavior.
 Block Memory Generator module loading initial data...
 Block Memory Generator data initialization complete.
Block Memory Generator module tb_bsu.ROM_TEST.bram13.inst.\native_mem_module.blk_mem_gen_v8_4_7_inst  is using a behavioral model for simulation which will not precisely model memory collision behavior.
 Block Memory Generator module loading initial data...
 Block Memory Generator data initialization complete.
Block Memory Generator module tb_bsu.ROM_TEST.bram14.inst.\native_mem_module.blk_mem_gen_v8_4_7_inst  is using a behavioral model for simulation which will not precisely model memory collision behavior.
 Block Memory Generator module loading initial data...
 Block Memory Generator data initialization complete.
Block Memory Generator module tb_bsu.ROM_TEST.bram15.inst.\native_mem_module.blk_mem_gen_v8_4_7_inst  is using a behavioral model for simulation which will not precisely model memory collision behavior.
 Block Memory Generator module loading initial data...
 Block Memory Generator data initialization complete.
Block Memory Generator module tb_bsu.ROM_TEST.bram16.inst.\native_mem_module.blk_mem_gen_v8_4_7_inst  is using a behavioral model for simulation which will not precisely model memory collision behavior.
 Block Memory Generator module loading initial data...
 Block Memory Generator data initialization complete.
Block Memory Generator module tb_bsu.ROM_TEST.bram17.inst.\native_mem_module.blk_mem_gen_v8_4_7_inst  is using a behavioral model for simulation which will not precisely model memory collision behavior.
 Block Memory Generator module loading initial data...
 Block Memory Generator data initialization complete.
Block Memory Generator module tb_bsu.ROM_TEST.bram18.inst.\native_mem_module.blk_mem_gen_v8_4_7_inst  is using a behavioral model for simulation which will not precisely model memory collision behavior.
 Block Memory Generator module loading initial data...
 Block Memory Generator data initialization complete.
Block Memory Generator module tb_bsu.ROM_TEST.bram19.inst.\native_mem_module.blk_mem_gen_v8_4_7_inst  is using a behavioral model for simulation which will not precisely model memory collision behavior.
INFO: [USF-XSim-96] XSim completed. Design snapshot 'tb_bsu_behav' loaded.
INFO: [USF-XSim-97] XSim simulation ran for 1000ns
launch_simulation: Time (s): cpu = 00:00:04 ; elapsed = 00:00:34 . Memory (MB): peak = 2734.863 ; gain = 0.000
relaunch_sim
Command: launch_simulation -step compile -simset sim_1 -mode behavioral
INFO: [Vivado 12-12493] Simulation top is 'tb_bsu'
WARNING: [Vivado 12-13340] Unable to auto find GCC executables from simulator install path! (path not set)
INFO: [Vivado 12-5682] Launching behavioral simulation in 'D:/KAN/FPGA_Prj/KAN_V1/KAN_V1.sim/sim_1/behav/xsim'
INFO: [SIM-utils-51] Simulation object is 'sim_1'
INFO: [USF-XSim-2] XSim::Compile design
INFO: [USF-XSim-61] Executing 'COMPILE and ANALYZE' step in 'D:/KAN/FPGA_Prj/KAN_V1/KAN_V1.sim/sim_1/behav/xsim'
"xvlog --incr --relax -L uvm -prj tb_bsu_vlog.prj"
ECHO 处于关闭状态。
ECHO 处于关闭状态。
INFO: [USF-XSim-69] 'compile' step finished in '2' seconds
Command: launch_simulation -step elaborate -simset sim_1 -mode behavioral
INFO: [Vivado 12-12493] Simulation top is 'tb_bsu'
WARNING: [Vivado 12-13340] Unable to auto find GCC executables from simulator install path! (path not set)
INFO: [Vivado 12-5682] Launching behavioral simulation in 'D:/KAN/FPGA_Prj/KAN_V1/KAN_V1.sim/sim_1/behav/xsim'
INFO: [SIM-utils-51] Simulation object is 'sim_1'
INFO: [USF-XSim-3] XSim::Elaborate design
INFO: [USF-XSim-61] Executing 'ELABORATE' step in 'D:/KAN/FPGA_Prj/KAN_V1/KAN_V1.sim/sim_1/behav/xsim'
"xelab --incr --debug typical --relax --mt 2 -L xil_defaultlib -L blk_mem_gen_v8_4_7 -L uvm -L unisims_ver -L unimacro_ver -L secureip -L xpm --snapshot tb_bsu_behav xil_defaultlib.tb_bsu xil_defaultlib.glbl -log elaborate.log"
ECHO 处于关闭状态。
ECHO 处于关闭状态。
Vivado Simulator v2023.2
Copyright 1986-2022 Xilinx, Inc. All Rights Reserved.
Copyright 2022-2023 Advanced Micro Devices, Inc. All Rights Reserved.
Running: D:/Xilinx/Vivado/2023.2/bin/unwrapped/win64.o/xelab.exe --incr --debug typical --relax --mt 2 -L xil_defaultlib -L blk_mem_gen_v8_4_7 -L uvm -L unisims_ver -L unimacro_ver -L secureip -L xpm --snapshot tb_bsu_behav xil_defaultlib.tb_bsu xil_defaultlib.glbl -log elaborate.log 
Using 2 slave threads.
Starting static elaboration
Pass Through NonSizing Optimizer
WARNING: [VRFC 10-3091] actual bit length 32 differs from formal bit length 5 for port 'channel0_cs' [D:/KAN/FPGA_Prj/KAN_V1/KAN_V1.srcs/sim_1/new/tb_bsu.v:46]
WARNING: [VRFC 10-3091] actual bit length 32 differs from formal bit length 7 for port 'addra' [D:/KAN/FPGA_Prj/KAN_V1/KAN_V1.srcs/sources_1/new/Coeff_Rom.sv:211]
WARNING: [VRFC 10-3091] actual bit length 32 differs from formal bit length 6 for port 'addra' [D:/KAN/FPGA_Prj/KAN_V1/KAN_V1.srcs/sources_1/new/Coeff_Rom.sv:217]
WARNING: [VRFC 10-3091] actual bit length 32 differs from formal bit length 6 for port 'addra' [D:/KAN/FPGA_Prj/KAN_V1/KAN_V1.srcs/sources_1/new/Coeff_Rom.sv:223]
WARNING: [VRFC 10-3091] actual bit length 32 differs from formal bit length 6 for port 'addra' [D:/KAN/FPGA_Prj/KAN_V1/KAN_V1.srcs/sources_1/new/Coeff_Rom.sv:229]
WARNING: [VRFC 10-3091] actual bit length 32 differs from formal bit length 6 for port 'addra' [D:/KAN/FPGA_Prj/KAN_V1/KAN_V1.srcs/sources_1/new/Coeff_Rom.sv:235]
WARNING: [VRFC 10-3091] actual bit length 32 differs from formal bit length 6 for port 'addra' [D:/KAN/FPGA_Prj/KAN_V1/KAN_V1.srcs/sources_1/new/Coeff_Rom.sv:243]
WARNING: [VRFC 10-3091] actual bit length 32 differs from formal bit length 6 for port 'addra' [D:/KAN/FPGA_Prj/KAN_V1/KAN_V1.srcs/sources_1/new/Coeff_Rom.sv:249]
WARNING: [VRFC 10-3091] actual bit length 32 differs from formal bit length 6 for port 'addra' [D:/KAN/FPGA_Prj/KAN_V1/KAN_V1.srcs/sources_1/new/Coeff_Rom.sv:255]
WARNING: [VRFC 10-3091] actual bit length 32 differs from formal bit length 6 for port 'addra' [D:/KAN/FPGA_Prj/KAN_V1/KAN_V1.srcs/sources_1/new/Coeff_Rom.sv:262]
WARNING: [VRFC 10-3091] actual bit length 32 differs from formal bit length 6 for port 'addra' [D:/KAN/FPGA_Prj/KAN_V1/KAN_V1.srcs/sources_1/new/Coeff_Rom.sv:269]
WARNING: [VRFC 10-3091] actual bit length 32 differs from formal bit length 6 for port 'addra' [D:/KAN/FPGA_Prj/KAN_V1/KAN_V1.srcs/sources_1/new/Coeff_Rom.sv:276]
WARNING: [VRFC 10-3091] actual bit length 32 differs from formal bit length 6 for port 'addra' [D:/KAN/FPGA_Prj/KAN_V1/KAN_V1.srcs/sources_1/new/Coeff_Rom.sv:282]
WARNING: [VRFC 10-3091] actual bit length 32 differs from formal bit length 6 for port 'addra' [D:/KAN/FPGA_Prj/KAN_V1/KAN_V1.srcs/sources_1/new/Coeff_Rom.sv:288]
WARNING: [VRFC 10-3091] actual bit length 32 differs from formal bit length 6 for port 'addra' [D:/KAN/FPGA_Prj/KAN_V1/KAN_V1.srcs/sources_1/new/Coeff_Rom.sv:294]
WARNING: [VRFC 10-3091] actual bit length 32 differs from formal bit length 6 for port 'addra' [D:/KAN/FPGA_Prj/KAN_V1/KAN_V1.srcs/sources_1/new/Coeff_Rom.sv:300]
WARNING: [VRFC 10-3091] actual bit length 32 differs from formal bit length 6 for port 'addra' [D:/KAN/FPGA_Prj/KAN_V1/KAN_V1.srcs/sources_1/new/Coeff_Rom.sv:307]
WARNING: [VRFC 10-3091] actual bit length 32 differs from formal bit length 6 for port 'addra' [D:/KAN/FPGA_Prj/KAN_V1/KAN_V1.srcs/sources_1/new/Coeff_Rom.sv:313]
WARNING: [VRFC 10-3091] actual bit length 32 differs from formal bit length 6 for port 'addra' [D:/KAN/FPGA_Prj/KAN_V1/KAN_V1.srcs/sources_1/new/Coeff_Rom.sv:319]
WARNING: [VRFC 10-3091] actual bit length 32 differs from formal bit length 6 for port 'addra' [D:/KAN/FPGA_Prj/KAN_V1/KAN_V1.srcs/sources_1/new/Coeff_Rom.sv:325]
WARNING: [VRFC 10-3091] actual bit length 32 differs from formal bit length 6 for port 'addra' [D:/KAN/FPGA_Prj/KAN_V1/KAN_V1.srcs/sources_1/new/Coeff_Rom.sv:331]
Completed static elaboration
INFO: [XSIM 43-4323] No Change in HDL. Linking previously generated obj files to create kernel
INFO: [USF-XSim-69] 'elaborate' step finished in '2' seconds
Time resolution is 1 ps
 Block Memory Generator module loading initial data...
 Block Memory Generator data initialization complete.
Block Memory Generator module tb_bsu.ROM_TEST.bram0.inst.\native_mem_module.blk_mem_gen_v8_4_7_inst  is using a behavioral model for simulation which will not precisely model memory collision behavior.
 Block Memory Generator module loading initial data...
 Block Memory Generator data initialization complete.
Block Memory Generator module tb_bsu.ROM_TEST.bram1.inst.\native_mem_module.blk_mem_gen_v8_4_7_inst  is using a behavioral model for simulation which will not precisely model memory collision behavior.
 Block Memory Generator module loading initial data...
 Block Memory Generator data initialization complete.
Block Memory Generator module tb_bsu.ROM_TEST.bram2.inst.\native_mem_module.blk_mem_gen_v8_4_7_inst  is using a behavioral model for simulation which will not precisely model memory collision behavior.
 Block Memory Generator module loading initial data...
 Block Memory Generator data initialization complete.
Block Memory Generator module tb_bsu.ROM_TEST.bram3.inst.\native_mem_module.blk_mem_gen_v8_4_7_inst  is using a behavioral model for simulation which will not precisely model memory collision behavior.
 Block Memory Generator module loading initial data...
 Block Memory Generator data initialization complete.
Block Memory Generator module tb_bsu.ROM_TEST.bram4.inst.\native_mem_module.blk_mem_gen_v8_4_7_inst  is using a behavioral model for simulation which will not precisely model memory collision behavior.
 Block Memory Generator module loading initial data...
 Block Memory Generator data initialization complete.
Block Memory Generator module tb_bsu.ROM_TEST.bram5.inst.\native_mem_module.blk_mem_gen_v8_4_7_inst  is using a behavioral model for simulation which will not precisely model memory collision behavior.
 Block Memory Generator module loading initial data...
 Block Memory Generator data initialization complete.
Block Memory Generator module tb_bsu.ROM_TEST.bram6.inst.\native_mem_module.blk_mem_gen_v8_4_7_inst  is using a behavioral model for simulation which will not precisely model memory collision behavior.
 Block Memory Generator module loading initial data...
 Block Memory Generator data initialization complete.
Block Memory Generator module tb_bsu.ROM_TEST.bram7.inst.\native_mem_module.blk_mem_gen_v8_4_7_inst  is using a behavioral model for simulation which will not precisely model memory collision behavior.
 Block Memory Generator module loading initial data...
 Block Memory Generator data initialization complete.
Block Memory Generator module tb_bsu.ROM_TEST.bram8.inst.\native_mem_module.blk_mem_gen_v8_4_7_inst  is using a behavioral model for simulation which will not precisely model memory collision behavior.
 Block Memory Generator module loading initial data...
 Block Memory Generator data initialization complete.
Block Memory Generator module tb_bsu.ROM_TEST.bram9.inst.\native_mem_module.blk_mem_gen_v8_4_7_inst  is using a behavioral model for simulation which will not precisely model memory collision behavior.
 Block Memory Generator module loading initial data...
 Block Memory Generator data initialization complete.
Block Memory Generator module tb_bsu.ROM_TEST.bram10.inst.\native_mem_module.blk_mem_gen_v8_4_7_inst  is using a behavioral model for simulation which will not precisely model memory collision behavior.
 Block Memory Generator module loading initial data...
 Block Memory Generator data initialization complete.
Block Memory Generator module tb_bsu.ROM_TEST.bram11.inst.\native_mem_module.blk_mem_gen_v8_4_7_inst  is using a behavioral model for simulation which will not precisely model memory collision behavior.
 Block Memory Generator module loading initial data...
 Block Memory Generator data initialization complete.
Block Memory Generator module tb_bsu.ROM_TEST.bram12.inst.\native_mem_module.blk_mem_gen_v8_4_7_inst  is using a behavioral model for simulation which will not precisely model memory collision behavior.
 Block Memory Generator module loading initial data...
 Block Memory Generator data initialization complete.
Block Memory Generator module tb_bsu.ROM_TEST.bram13.inst.\native_mem_module.blk_mem_gen_v8_4_7_inst  is using a behavioral model for simulation which will not precisely model memory collision behavior.
 Block Memory Generator module loading initial data...
 Block Memory Generator data initialization complete.
Block Memory Generator module tb_bsu.ROM_TEST.bram14.inst.\native_mem_module.blk_mem_gen_v8_4_7_inst  is using a behavioral model for simulation which will not precisely model memory collision behavior.
 Block Memory Generator module loading initial data...
 Block Memory Generator data initialization complete.
Block Memory Generator module tb_bsu.ROM_TEST.bram15.inst.\native_mem_module.blk_mem_gen_v8_4_7_inst  is using a behavioral model for simulation which will not precisely model memory collision behavior.
 Block Memory Generator module loading initial data...
 Block Memory Generator data initialization complete.
Block Memory Generator module tb_bsu.ROM_TEST.bram16.inst.\native_mem_module.blk_mem_gen_v8_4_7_inst  is using a behavioral model for simulation which will not precisely model memory collision behavior.
 Block Memory Generator module loading initial data...
 Block Memory Generator data initialization complete.
Block Memory Generator module tb_bsu.ROM_TEST.bram17.inst.\native_mem_module.blk_mem_gen_v8_4_7_inst  is using a behavioral model for simulation which will not precisely model memory collision behavior.
 Block Memory Generator module loading initial data...
 Block Memory Generator data initialization complete.
Block Memory Generator module tb_bsu.ROM_TEST.bram18.inst.\native_mem_module.blk_mem_gen_v8_4_7_inst  is using a behavioral model for simulation which will not precisely model memory collision behavior.
 Block Memory Generator module loading initial data...
 Block Memory Generator data initialization complete.
Block Memory Generator module tb_bsu.ROM_TEST.bram19.inst.\native_mem_module.blk_mem_gen_v8_4_7_inst  is using a behavioral model for simulation which will not precisely model memory collision behavior.
relaunch_sim: Time (s): cpu = 00:00:02 ; elapsed = 00:00:06 . Memory (MB): peak = 2734.863 ; gain = 0.000
close_sim
INFO: [Simtcl 6-16] Simulation closed
launch_simulation
Command: launch_simulation 
INFO: [Vivado 12-12493] Simulation top is 'tb_bsu'
WARNING: [Vivado 12-13340] Unable to auto find GCC executables from simulator install path! (path not set)
INFO: [Vivado 12-5682] Launching behavioral simulation in 'D:/KAN/FPGA_Prj/KAN_V1/KAN_V1.sim/sim_1/behav/xsim'
INFO: [SIM-utils-51] Simulation object is 'sim_1'
INFO: [SIM-utils-72] Using boost library from 'D:/Xilinx/Vivado/2023.2/tps/boost_1_72_0'
INFO: [USF-XSim-7] Finding pre-compiled libraries...
INFO: [USF-XSim-11] File 'D:/Xilinx/Vivado/2023.2/data/xsim/xsim.ini' copied to run dir:'D:/KAN/FPGA_Prj/KAN_V1/KAN_V1.sim/sim_1/behav/xsim'
INFO: [SIM-utils-54] Inspecting design source files for 'tb_bsu' in fileset 'sim_1'...
INFO: [SIM-utils-43] Exported 'D:/KAN/FPGA_Prj/KAN_V1/KAN_V1.sim/sim_1/behav/xsim/layer0_coeff_in0_out0.mif'
INFO: [SIM-utils-43] Exported 'D:/KAN/FPGA_Prj/KAN_V1/KAN_V1.sim/sim_1/behav/xsim/layer0_coeff_in0_out0.coe'
INFO: [SIM-utils-43] Exported 'D:/KAN/FPGA_Prj/KAN_V1/KAN_V1.sim/sim_1/behav/xsim/layer0_coeff_in0_out1.mif'
INFO: [SIM-utils-43] Exported 'D:/KAN/FPGA_Prj/KAN_V1/KAN_V1.sim/sim_1/behav/xsim/layer0_coeff_in0_out1.coe'
INFO: [SIM-utils-43] Exported 'D:/KAN/FPGA_Prj/KAN_V1/KAN_V1.sim/sim_1/behav/xsim/layer0_coeff_in0_out2.mif'
INFO: [SIM-utils-43] Exported 'D:/KAN/FPGA_Prj/KAN_V1/KAN_V1.sim/sim_1/behav/xsim/layer0_coeff_in0_out2.coe'
INFO: [SIM-utils-43] Exported 'D:/KAN/FPGA_Prj/KAN_V1/KAN_V1.sim/sim_1/behav/xsim/layer0_coeff_in0_out3.mif'
INFO: [SIM-utils-43] Exported 'D:/KAN/FPGA_Prj/KAN_V1/KAN_V1.sim/sim_1/behav/xsim/layer0_coeff_in0_out3.coe'
INFO: [SIM-utils-43] Exported 'D:/KAN/FPGA_Prj/KAN_V1/KAN_V1.sim/sim_1/behav/xsim/layer0_coeff_in0_out4.mif'
INFO: [SIM-utils-43] Exported 'D:/KAN/FPGA_Prj/KAN_V1/KAN_V1.sim/sim_1/behav/xsim/layer0_coeff_in0_out4.coe'
INFO: [SIM-utils-43] Exported 'D:/KAN/FPGA_Prj/KAN_V1/KAN_V1.sim/sim_1/behav/xsim/layer0_coeff_in1_out0.mif'
INFO: [SIM-utils-43] Exported 'D:/KAN/FPGA_Prj/KAN_V1/KAN_V1.sim/sim_1/behav/xsim/layer0_coeff_in1_out0.coe'
INFO: [SIM-utils-43] Exported 'D:/KAN/FPGA_Prj/KAN_V1/KAN_V1.sim/sim_1/behav/xsim/layer0_coeff_in1_out1.mif'
INFO: [SIM-utils-43] Exported 'D:/KAN/FPGA_Prj/KAN_V1/KAN_V1.sim/sim_1/behav/xsim/layer0_coeff_in1_out1.coe'
INFO: [SIM-utils-43] Exported 'D:/KAN/FPGA_Prj/KAN_V1/KAN_V1.sim/sim_1/behav/xsim/layer0_coeff_in1_out2.mif'
INFO: [SIM-utils-43] Exported 'D:/KAN/FPGA_Prj/KAN_V1/KAN_V1.sim/sim_1/behav/xsim/layer0_coeff_in1_out2.coe'
INFO: [SIM-utils-43] Exported 'D:/KAN/FPGA_Prj/KAN_V1/KAN_V1.sim/sim_1/behav/xsim/layer0_coeff_in1_out3.mif'
INFO: [SIM-utils-43] Exported 'D:/KAN/FPGA_Prj/KAN_V1/KAN_V1.sim/sim_1/behav/xsim/layer0_coeff_in1_out3.coe'
INFO: [SIM-utils-43] Exported 'D:/KAN/FPGA_Prj/KAN_V1/KAN_V1.sim/sim_1/behav/xsim/layer0_coeff_in1_out4.mif'
INFO: [SIM-utils-43] Exported 'D:/KAN/FPGA_Prj/KAN_V1/KAN_V1.sim/sim_1/behav/xsim/layer0_coeff_in1_out4.coe'
INFO: [SIM-utils-43] Exported 'D:/KAN/FPGA_Prj/KAN_V1/KAN_V1.sim/sim_1/behav/xsim/layer0_coeff_in2_out0.mif'
INFO: [SIM-utils-43] Exported 'D:/KAN/FPGA_Prj/KAN_V1/KAN_V1.sim/sim_1/behav/xsim/layer0_coeff_in2_out0.coe'
INFO: [SIM-utils-43] Exported 'D:/KAN/FPGA_Prj/KAN_V1/KAN_V1.sim/sim_1/behav/xsim/layer0_coeff_in2_out1.mif'
INFO: [SIM-utils-43] Exported 'D:/KAN/FPGA_Prj/KAN_V1/KAN_V1.sim/sim_1/behav/xsim/layer0_coeff_in2_out1.coe'
INFO: [SIM-utils-43] Exported 'D:/KAN/FPGA_Prj/KAN_V1/KAN_V1.sim/sim_1/behav/xsim/layer0_coeff_in2_out2.mif'
INFO: [SIM-utils-43] Exported 'D:/KAN/FPGA_Prj/KAN_V1/KAN_V1.sim/sim_1/behav/xsim/layer0_coeff_in2_out2.coe'
INFO: [SIM-utils-43] Exported 'D:/KAN/FPGA_Prj/KAN_V1/KAN_V1.sim/sim_1/behav/xsim/layer0_coeff_in2_out3.mif'
INFO: [SIM-utils-43] Exported 'D:/KAN/FPGA_Prj/KAN_V1/KAN_V1.sim/sim_1/behav/xsim/layer0_coeff_in2_out3.coe'
INFO: [SIM-utils-43] Exported 'D:/KAN/FPGA_Prj/KAN_V1/KAN_V1.sim/sim_1/behav/xsim/layer0_coeff_in2_out4.mif'
INFO: [SIM-utils-43] Exported 'D:/KAN/FPGA_Prj/KAN_V1/KAN_V1.sim/sim_1/behav/xsim/layer0_coeff_in2_out4.coe'
INFO: [SIM-utils-43] Exported 'D:/KAN/FPGA_Prj/KAN_V1/KAN_V1.sim/sim_1/behav/xsim/layer1_coeff_in0_out0.mif'
INFO: [SIM-utils-43] Exported 'D:/KAN/FPGA_Prj/KAN_V1/KAN_V1.sim/sim_1/behav/xsim/layer1_coeff_in0_out0.coe'
INFO: [SIM-utils-43] Exported 'D:/KAN/FPGA_Prj/KAN_V1/KAN_V1.sim/sim_1/behav/xsim/layer1_coeff_in1_out0.mif'
INFO: [SIM-utils-43] Exported 'D:/KAN/FPGA_Prj/KAN_V1/KAN_V1.sim/sim_1/behav/xsim/layer1_coeff_in1_out0.coe'
INFO: [SIM-utils-43] Exported 'D:/KAN/FPGA_Prj/KAN_V1/KAN_V1.sim/sim_1/behav/xsim/layer1_coeff_in2_out0.mif'
INFO: [SIM-utils-43] Exported 'D:/KAN/FPGA_Prj/KAN_V1/KAN_V1.sim/sim_1/behav/xsim/layer1_coeff_in2_out0.coe'
INFO: [SIM-utils-43] Exported 'D:/KAN/FPGA_Prj/KAN_V1/KAN_V1.sim/sim_1/behav/xsim/layer1_coeff_in3_out0.mif'
INFO: [SIM-utils-43] Exported 'D:/KAN/FPGA_Prj/KAN_V1/KAN_V1.sim/sim_1/behav/xsim/layer1_coeff_in3_out0.coe'
INFO: [SIM-utils-43] Exported 'D:/KAN/FPGA_Prj/KAN_V1/KAN_V1.sim/sim_1/behav/xsim/layer1_coeff_in4_out0.mif'
INFO: [SIM-utils-43] Exported 'D:/KAN/FPGA_Prj/KAN_V1/KAN_V1.sim/sim_1/behav/xsim/layer1_coeff_in4_out0.coe'
INFO: [USF-XSim-97] Finding global include files...
INFO: [USF-XSim-98] Fetching design files from 'sim_1'...
INFO: [USF-XSim-2] XSim::Compile design
INFO: [USF-XSim-61] Executing 'COMPILE and ANALYZE' step in 'D:/KAN/FPGA_Prj/KAN_V1/KAN_V1.sim/sim_1/behav/xsim'
"xvlog --incr --relax -L uvm -prj tb_bsu_vlog.prj"
ECHO 处于关闭状态。
ECHO 处于关闭状态。
INFO: [VRFC 10-2263] Analyzing Verilog file "D:/KAN/FPGA_Prj/KAN_V1/KAN_V1.gen/sources_1/ip/layer1_coeff_in4_out0/sim/layer1_coeff_in4_out0.v" into library xil_defaultlib
INFO: [VRFC 10-311] analyzing module layer1_coeff_in4_out0
INFO: [VRFC 10-2263] Analyzing Verilog file "D:/KAN/FPGA_Prj/KAN_V1/KAN_V1.gen/sources_1/ip/layer1_coeff_in3_out0/sim/layer1_coeff_in3_out0.v" into library xil_defaultlib
INFO: [VRFC 10-311] analyzing module layer1_coeff_in3_out0
INFO: [VRFC 10-2263] Analyzing Verilog file "D:/KAN/FPGA_Prj/KAN_V1/KAN_V1.gen/sources_1/ip/layer1_coeff_in2_out0/sim/layer1_coeff_in2_out0.v" into library xil_defaultlib
INFO: [VRFC 10-311] analyzing module layer1_coeff_in2_out0
INFO: [VRFC 10-2263] Analyzing Verilog file "D:/KAN/FPGA_Prj/KAN_V1/KAN_V1.gen/sources_1/ip/layer1_coeff_in1_out0/sim/layer1_coeff_in1_out0.v" into library xil_defaultlib
INFO: [VRFC 10-311] analyzing module layer1_coeff_in1_out0
INFO: [VRFC 10-2263] Analyzing Verilog file "D:/KAN/FPGA_Prj/KAN_V1/KAN_V1.gen/sources_1/ip/layer1_coeff_in0_out0/sim/layer1_coeff_in0_out0.v" into library xil_defaultlib
INFO: [VRFC 10-311] analyzing module layer1_coeff_in0_out0
INFO: [VRFC 10-2263] Analyzing Verilog file "D:/KAN/FPGA_Prj/KAN_V1/KAN_V1.gen/sources_1/ip/layer0_coeff_in2_out4/sim/layer0_coeff_in2_out4.v" into library xil_defaultlib
INFO: [VRFC 10-311] analyzing module layer0_coeff_in2_out4
INFO: [VRFC 10-2263] Analyzing Verilog file "D:/KAN/FPGA_Prj/KAN_V1/KAN_V1.gen/sources_1/ip/layer0_coeff_in2_out3/sim/layer0_coeff_in2_out3.v" into library xil_defaultlib
INFO: [VRFC 10-311] analyzing module layer0_coeff_in2_out3
INFO: [VRFC 10-2263] Analyzing Verilog file "D:/KAN/FPGA_Prj/KAN_V1/KAN_V1.gen/sources_1/ip/layer0_coeff_in2_out2/sim/layer0_coeff_in2_out2.v" into library xil_defaultlib
INFO: [VRFC 10-311] analyzing module layer0_coeff_in2_out2
INFO: [VRFC 10-2263] Analyzing Verilog file "D:/KAN/FPGA_Prj/KAN_V1/KAN_V1.gen/sources_1/ip/layer0_coeff_in2_out1/sim/layer0_coeff_in2_out1.v" into library xil_defaultlib
INFO: [VRFC 10-311] analyzing module layer0_coeff_in2_out1
INFO: [VRFC 10-2263] Analyzing Verilog file "D:/KAN/FPGA_Prj/KAN_V1/KAN_V1.gen/sources_1/ip/layer0_coeff_in2_out0/sim/layer0_coeff_in2_out0.v" into library xil_defaultlib
INFO: [VRFC 10-311] analyzing module layer0_coeff_in2_out0
INFO: [VRFC 10-2263] Analyzing Verilog file "D:/KAN/FPGA_Prj/KAN_V1/KAN_V1.gen/sources_1/ip/layer0_coeff_in1_out4/sim/layer0_coeff_in1_out4.v" into library xil_defaultlib
INFO: [VRFC 10-311] analyzing module layer0_coeff_in1_out4
INFO: [VRFC 10-2263] Analyzing Verilog file "D:/KAN/FPGA_Prj/KAN_V1/KAN_V1.gen/sources_1/ip/layer0_coeff_in1_out3/sim/layer0_coeff_in1_out3.v" into library xil_defaultlib
INFO: [VRFC 10-311] analyzing module layer0_coeff_in1_out3
INFO: [VRFC 10-2263] Analyzing Verilog file "D:/KAN/FPGA_Prj/KAN_V1/KAN_V1.gen/sources_1/ip/layer0_coeff_in1_out2/sim/layer0_coeff_in1_out2.v" into library xil_defaultlib
INFO: [VRFC 10-311] analyzing module layer0_coeff_in1_out2
INFO: [VRFC 10-2263] Analyzing Verilog file "D:/KAN/FPGA_Prj/KAN_V1/KAN_V1.gen/sources_1/ip/layer0_coeff_in1_out1/sim/layer0_coeff_in1_out1.v" into library xil_defaultlib
INFO: [VRFC 10-311] analyzing module layer0_coeff_in1_out1
INFO: [VRFC 10-2263] Analyzing Verilog file "D:/KAN/FPGA_Prj/KAN_V1/KAN_V1.gen/sources_1/ip/layer0_coeff_in1_out0/sim/layer0_coeff_in1_out0.v" into library xil_defaultlib
INFO: [VRFC 10-311] analyzing module layer0_coeff_in1_out0
INFO: [VRFC 10-2263] Analyzing Verilog file "D:/KAN/FPGA_Prj/KAN_V1/KAN_V1.gen/sources_1/ip/layer0_coeff_in0_out4/sim/layer0_coeff_in0_out4.v" into library xil_defaultlib
INFO: [VRFC 10-311] analyzing module layer0_coeff_in0_out4
INFO: [VRFC 10-2263] Analyzing Verilog file "D:/KAN/FPGA_Prj/KAN_V1/KAN_V1.gen/sources_1/ip/layer0_coeff_in0_out3/sim/layer0_coeff_in0_out3.v" into library xil_defaultlib
INFO: [VRFC 10-311] analyzing module layer0_coeff_in0_out3
INFO: [VRFC 10-2263] Analyzing Verilog file "D:/KAN/FPGA_Prj/KAN_V1/KAN_V1.gen/sources_1/ip/layer0_coeff_in0_out2/sim/layer0_coeff_in0_out2.v" into library xil_defaultlib
INFO: [VRFC 10-311] analyzing module layer0_coeff_in0_out2
INFO: [VRFC 10-2263] Analyzing Verilog file "D:/KAN/FPGA_Prj/KAN_V1/KAN_V1.gen/sources_1/ip/layer0_coeff_in0_out1/sim/layer0_coeff_in0_out1.v" into library xil_defaultlib
INFO: [VRFC 10-311] analyzing module layer0_coeff_in0_out1
INFO: [VRFC 10-2263] Analyzing Verilog file "D:/KAN/FPGA_Prj/KAN_V1/KAN_V1.gen/sources_1/ip/layer0_coeff_in0_out0/sim/layer0_coeff_in0_out0.v" into library xil_defaultlib
INFO: [VRFC 10-311] analyzing module layer0_coeff_in0_out0
INFO: [VRFC 10-2263] Analyzing Verilog file "D:/KAN/FPGA_Prj/KAN_V1/KAN_V1.srcs/sources_1/new/BSU.v" into library xil_defaultlib
INFO: [VRFC 10-311] analyzing module BSU
INFO: [VRFC 10-2263] Analyzing Verilog file "D:/KAN/FPGA_Prj/KAN_V1/KAN_V1.srcs/sources_1/new/internal_finder.v" into library xil_defaultlib
INFO: [VRFC 10-311] analyzing module internal_finder
INFO: [VRFC 10-2263] Analyzing Verilog file "D:/KAN/FPGA_Prj/KAN_V1/KAN_V1.srcs/sources_1/new/mac.v" into library xil_defaultlib
INFO: [VRFC 10-311] analyzing module mac
INFO: [VRFC 10-2263] Analyzing Verilog file "D:/KAN/FPGA_Prj/KAN_V1/KAN_V1.srcs/sources_1/new/multiplier.v" into library xil_defaultlib
INFO: [VRFC 10-311] analyzing module multiplier
INFO: [USF-XSim-69] 'compile' step finished in '3' seconds
INFO: [USF-XSim-3] XSim::Elaborate design
INFO: [USF-XSim-61] Executing 'ELABORATE' step in 'D:/KAN/FPGA_Prj/KAN_V1/KAN_V1.sim/sim_1/behav/xsim'
"xelab --incr --debug typical --relax --mt 2 -L xil_defaultlib -L blk_mem_gen_v8_4_7 -L uvm -L unisims_ver -L unimacro_ver -L secureip -L xpm --snapshot tb_bsu_behav xil_defaultlib.tb_bsu xil_defaultlib.glbl -log elaborate.log"
ECHO 处于关闭状态。
ECHO 处于关闭状态。
Vivado Simulator v2023.2
Copyright 1986-2022 Xilinx, Inc. All Rights Reserved.
Copyright 2022-2023 Advanced Micro Devices, Inc. All Rights Reserved.
Running: D:/Xilinx/Vivado/2023.2/bin/unwrapped/win64.o/xelab.exe --incr --debug typical --relax --mt 2 -L xil_defaultlib -L blk_mem_gen_v8_4_7 -L uvm -L unisims_ver -L unimacro_ver -L secureip -L xpm --snapshot tb_bsu_behav xil_defaultlib.tb_bsu xil_defaultlib.glbl -log elaborate.log 
Using 2 slave threads.
Starting static elaboration
Pass Through NonSizing Optimizer
WARNING: [VRFC 10-3091] actual bit length 32 differs from formal bit length 5 for port 'channel0_cs' [D:/KAN/FPGA_Prj/KAN_V1/KAN_V1.srcs/sim_1/new/tb_bsu.v:46]
WARNING: [VRFC 10-3091] actual bit length 32 differs from formal bit length 7 for port 'addra' [D:/KAN/FPGA_Prj/KAN_V1/KAN_V1.srcs/sources_1/new/Coeff_Rom.sv:211]
WARNING: [VRFC 10-3091] actual bit length 32 differs from formal bit length 6 for port 'addra' [D:/KAN/FPGA_Prj/KAN_V1/KAN_V1.srcs/sources_1/new/Coeff_Rom.sv:217]
WARNING: [VRFC 10-3091] actual bit length 32 differs from formal bit length 6 for port 'addra' [D:/KAN/FPGA_Prj/KAN_V1/KAN_V1.srcs/sources_1/new/Coeff_Rom.sv:223]
WARNING: [VRFC 10-3091] actual bit length 32 differs from formal bit length 6 for port 'addra' [D:/KAN/FPGA_Prj/KAN_V1/KAN_V1.srcs/sources_1/new/Coeff_Rom.sv:229]
WARNING: [VRFC 10-3091] actual bit length 32 differs from formal bit length 6 for port 'addra' [D:/KAN/FPGA_Prj/KAN_V1/KAN_V1.srcs/sources_1/new/Coeff_Rom.sv:235]
WARNING: [VRFC 10-3091] actual bit length 32 differs from formal bit length 6 for port 'addra' [D:/KAN/FPGA_Prj/KAN_V1/KAN_V1.srcs/sources_1/new/Coeff_Rom.sv:243]
WARNING: [VRFC 10-3091] actual bit length 32 differs from formal bit length 6 for port 'addra' [D:/KAN/FPGA_Prj/KAN_V1/KAN_V1.srcs/sources_1/new/Coeff_Rom.sv:249]
WARNING: [VRFC 10-3091] actual bit length 32 differs from formal bit length 6 for port 'addra' [D:/KAN/FPGA_Prj/KAN_V1/KAN_V1.srcs/sources_1/new/Coeff_Rom.sv:255]
WARNING: [VRFC 10-3091] actual bit length 32 differs from formal bit length 6 for port 'addra' [D:/KAN/FPGA_Prj/KAN_V1/KAN_V1.srcs/sources_1/new/Coeff_Rom.sv:262]
WARNING: [VRFC 10-3091] actual bit length 32 differs from formal bit length 6 for port 'addra' [D:/KAN/FPGA_Prj/KAN_V1/KAN_V1.srcs/sources_1/new/Coeff_Rom.sv:269]
WARNING: [VRFC 10-3091] actual bit length 32 differs from formal bit length 6 for port 'addra' [D:/KAN/FPGA_Prj/KAN_V1/KAN_V1.srcs/sources_1/new/Coeff_Rom.sv:276]
WARNING: [VRFC 10-3091] actual bit length 32 differs from formal bit length 6 for port 'addra' [D:/KAN/FPGA_Prj/KAN_V1/KAN_V1.srcs/sources_1/new/Coeff_Rom.sv:282]
WARNING: [VRFC 10-3091] actual bit length 32 differs from formal bit length 6 for port 'addra' [D:/KAN/FPGA_Prj/KAN_V1/KAN_V1.srcs/sources_1/new/Coeff_Rom.sv:288]
WARNING: [VRFC 10-3091] actual bit length 32 differs from formal bit length 6 for port 'addra' [D:/KAN/FPGA_Prj/KAN_V1/KAN_V1.srcs/sources_1/new/Coeff_Rom.sv:294]
WARNING: [VRFC 10-3091] actual bit length 32 differs from formal bit length 6 for port 'addra' [D:/KAN/FPGA_Prj/KAN_V1/KAN_V1.srcs/sources_1/new/Coeff_Rom.sv:300]
WARNING: [VRFC 10-3091] actual bit length 32 differs from formal bit length 6 for port 'addra' [D:/KAN/FPGA_Prj/KAN_V1/KAN_V1.srcs/sources_1/new/Coeff_Rom.sv:307]
WARNING: [VRFC 10-3091] actual bit length 32 differs from formal bit length 6 for port 'addra' [D:/KAN/FPGA_Prj/KAN_V1/KAN_V1.srcs/sources_1/new/Coeff_Rom.sv:313]
WARNING: [VRFC 10-3091] actual bit length 32 differs from formal bit length 6 for port 'addra' [D:/KAN/FPGA_Prj/KAN_V1/KAN_V1.srcs/sources_1/new/Coeff_Rom.sv:319]
WARNING: [VRFC 10-3091] actual bit length 32 differs from formal bit length 6 for port 'addra' [D:/KAN/FPGA_Prj/KAN_V1/KAN_V1.srcs/sources_1/new/Coeff_Rom.sv:325]
WARNING: [VRFC 10-3091] actual bit length 32 differs from formal bit length 6 for port 'addra' [D:/KAN/FPGA_Prj/KAN_V1/KAN_V1.srcs/sources_1/new/Coeff_Rom.sv:331]
Completed static elaboration
Starting simulation data flow analysis
Completed simulation data flow analysis
Time Resolution for simulation is 1ps
Compiling module blk_mem_gen_v8_4_7.blk_mem_gen_v8_4_7_output_stage(...
Compiling module blk_mem_gen_v8_4_7.blk_mem_gen_v8_4_7_softecc_outpu...
Compiling module blk_mem_gen_v8_4_7.blk_mem_gen_v8_4_7_mem_module(C_...
Compiling module blk_mem_gen_v8_4_7.blk_mem_gen_v8_4_7(C_FAMILY="zyn...
Compiling module xil_defaultlib.layer0_coeff_in0_out0
Compiling module blk_mem_gen_v8_4_7.blk_mem_gen_v8_4_7_output_stage(...
Compiling module blk_mem_gen_v8_4_7.blk_mem_gen_v8_4_7_softecc_outpu...
Compiling module blk_mem_gen_v8_4_7.blk_mem_gen_v8_4_7_mem_module(C_...
Compiling module blk_mem_gen_v8_4_7.blk_mem_gen_v8_4_7(C_FAMILY="zyn...
Compiling module xil_defaultlib.layer0_coeff_in0_out1
Compiling module blk_mem_gen_v8_4_7.blk_mem_gen_v8_4_7_mem_module(C_...
Compiling module blk_mem_gen_v8_4_7.blk_mem_gen_v8_4_7(C_FAMILY="zyn...
Compiling module xil_defaultlib.layer0_coeff_in0_out2
Compiling module blk_mem_gen_v8_4_7.blk_mem_gen_v8_4_7_mem_module(C_...
Compiling module blk_mem_gen_v8_4_7.blk_mem_gen_v8_4_7(C_FAMILY="zyn...
Compiling module xil_defaultlib.layer0_coeff_in0_out3
Compiling module blk_mem_gen_v8_4_7.blk_mem_gen_v8_4_7_mem_module(C_...
Compiling module blk_mem_gen_v8_4_7.blk_mem_gen_v8_4_7(C_FAMILY="zyn...
Compiling module xil_defaultlib.layer0_coeff_in0_out4
Compiling module blk_mem_gen_v8_4_7.blk_mem_gen_v8_4_7_mem_module(C_...
Compiling module blk_mem_gen_v8_4_7.blk_mem_gen_v8_4_7(C_FAMILY="zyn...
Compiling module xil_defaultlib.layer0_coeff_in1_out0
Compiling module blk_mem_gen_v8_4_7.blk_mem_gen_v8_4_7_mem_module(C_...
Compiling module blk_mem_gen_v8_4_7.blk_mem_gen_v8_4_7(C_FAMILY="zyn...
Compiling module xil_defaultlib.layer0_coeff_in1_out1
Compiling module blk_mem_gen_v8_4_7.blk_mem_gen_v8_4_7_mem_module(C_...
Compiling module blk_mem_gen_v8_4_7.blk_mem_gen_v8_4_7(C_FAMILY="zyn...
Compiling module xil_defaultlib.layer0_coeff_in1_out2
Compiling module blk_mem_gen_v8_4_7.blk_mem_gen_v8_4_7_mem_module(C_...
Compiling module blk_mem_gen_v8_4_7.blk_mem_gen_v8_4_7(C_FAMILY="zyn...
Compiling module xil_defaultlib.layer0_coeff_in1_out3
Compiling module blk_mem_gen_v8_4_7.blk_mem_gen_v8_4_7_mem_module(C_...
Compiling module blk_mem_gen_v8_4_7.blk_mem_gen_v8_4_7(C_FAMILY="zyn...
Compiling module xil_defaultlib.layer0_coeff_in1_out4
Compiling module blk_mem_gen_v8_4_7.blk_mem_gen_v8_4_7_mem_module(C_...
Compiling module blk_mem_gen_v8_4_7.blk_mem_gen_v8_4_7(C_FAMILY="zyn...
Compiling module xil_defaultlib.layer0_coeff_in2_out0
Compiling module blk_mem_gen_v8_4_7.blk_mem_gen_v8_4_7_mem_module(C_...
Compiling module blk_mem_gen_v8_4_7.blk_mem_gen_v8_4_7(C_FAMILY="zyn...
Compiling module xil_defaultlib.layer0_coeff_in2_out1
Compiling module blk_mem_gen_v8_4_7.blk_mem_gen_v8_4_7_mem_module(C_...
Compiling module blk_mem_gen_v8_4_7.blk_mem_gen_v8_4_7(C_FAMILY="zyn...
Compiling module xil_defaultlib.layer0_coeff_in2_out2
Compiling module blk_mem_gen_v8_4_7.blk_mem_gen_v8_4_7_mem_module(C_...
Compiling module blk_mem_gen_v8_4_7.blk_mem_gen_v8_4_7(C_FAMILY="zyn...
Compiling module xil_defaultlib.layer0_coeff_in2_out3
Compiling module blk_mem_gen_v8_4_7.blk_mem_gen_v8_4_7_mem_module(C_...
Compiling module blk_mem_gen_v8_4_7.blk_mem_gen_v8_4_7(C_FAMILY="zyn...
Compiling module xil_defaultlib.layer0_coeff_in2_out4
Compiling module blk_mem_gen_v8_4_7.blk_mem_gen_v8_4_7_mem_module(C_...
Compiling module blk_mem_gen_v8_4_7.blk_mem_gen_v8_4_7(C_FAMILY="zyn...
Compiling module xil_defaultlib.layer1_coeff_in0_out0
Compiling module blk_mem_gen_v8_4_7.blk_mem_gen_v8_4_7_mem_module(C_...
Compiling module blk_mem_gen_v8_4_7.blk_mem_gen_v8_4_7(C_FAMILY="zyn...
Compiling module xil_defaultlib.layer1_coeff_in1_out0
Compiling module blk_mem_gen_v8_4_7.blk_mem_gen_v8_4_7_mem_module(C_...
Compiling module blk_mem_gen_v8_4_7.blk_mem_gen_v8_4_7(C_FAMILY="zyn...
Compiling module xil_defaultlib.layer1_coeff_in2_out0
Compiling module blk_mem_gen_v8_4_7.blk_mem_gen_v8_4_7_mem_module(C_...
Compiling module blk_mem_gen_v8_4_7.blk_mem_gen_v8_4_7(C_FAMILY="zyn...
Compiling module xil_defaultlib.layer1_coeff_in3_out0
Compiling module blk_mem_gen_v8_4_7.blk_mem_gen_v8_4_7_mem_module(C_...
Compiling module blk_mem_gen_v8_4_7.blk_mem_gen_v8_4_7(C_FAMILY="zyn...
Compiling module xil_defaultlib.layer1_coeff_in4_out0
Compiling module xil_defaultlib.Coeff_Rom
Compiling module xil_defaultlib.internal_finder
Compiling module xil_defaultlib.multiplier
Compiling module xil_defaultlib.mac
Compiling module xil_defaultlib.BSU
Compiling module xil_defaultlib.tb_bsu
Compiling module xil_defaultlib.glbl
Built simulation snapshot tb_bsu_behav
run_program: Time (s): cpu = 00:00:02 ; elapsed = 00:00:32 . Memory (MB): peak = 2752.648 ; gain = 0.000
INFO: [USF-XSim-69] 'elaborate' step finished in '32' seconds
INFO: [USF-XSim-4] XSim::Simulate design
INFO: [USF-XSim-61] Executing 'SIMULATE' step in 'D:/KAN/FPGA_Prj/KAN_V1/KAN_V1.sim/sim_1/behav/xsim'
INFO: [USF-XSim-98] *** Running xsim
   with args "tb_bsu_behav -key {Behavioral:sim_1:Functional:tb_bsu} -tclbatch {tb_bsu.tcl} -view {D:/KAN/FPGA_Prj/KAN_V1/tb_module_behav.wcfg} -log {simulate.log}"
INFO: [USF-XSim-8] Loading simulator feature
Time resolution is 1 ps
open_wave_config D:/KAN/FPGA_Prj/KAN_V1/tb_module_behav.wcfg
source tb_bsu.tcl
# set curr_wave [current_wave_config]
# if { [string length $curr_wave] == 0 } {
#   if { [llength [get_objects]] > 0} {
#     add_wave /
#     set_property needs_save false [current_wave_config]
#   } else {
#      send_msg_id Add_Wave-1 WARNING "No top level signals found. Simulator will start without a wave window. If you want to open a wave window go to 'File->New Waveform Configuration' or type 'create_wave_config' in the TCL console."
#   }
# }
# run 1000ns
 Block Memory Generator module loading initial data...
 Block Memory Generator data initialization complete.
Block Memory Generator module tb_bsu.ROM_TEST.bram0.inst.\native_mem_module.blk_mem_gen_v8_4_7_inst  is using a behavioral model for simulation which will not precisely model memory collision behavior.
 Block Memory Generator module loading initial data...
 Block Memory Generator data initialization complete.
Block Memory Generator module tb_bsu.ROM_TEST.bram1.inst.\native_mem_module.blk_mem_gen_v8_4_7_inst  is using a behavioral model for simulation which will not precisely model memory collision behavior.
 Block Memory Generator module loading initial data...
 Block Memory Generator data initialization complete.
Block Memory Generator module tb_bsu.ROM_TEST.bram2.inst.\native_mem_module.blk_mem_gen_v8_4_7_inst  is using a behavioral model for simulation which will not precisely model memory collision behavior.
 Block Memory Generator module loading initial data...
 Block Memory Generator data initialization complete.
Block Memory Generator module tb_bsu.ROM_TEST.bram3.inst.\native_mem_module.blk_mem_gen_v8_4_7_inst  is using a behavioral model for simulation which will not precisely model memory collision behavior.
 Block Memory Generator module loading initial data...
 Block Memory Generator data initialization complete.
Block Memory Generator module tb_bsu.ROM_TEST.bram4.inst.\native_mem_module.blk_mem_gen_v8_4_7_inst  is using a behavioral model for simulation which will not precisely model memory collision behavior.
 Block Memory Generator module loading initial data...
 Block Memory Generator data initialization complete.
Block Memory Generator module tb_bsu.ROM_TEST.bram5.inst.\native_mem_module.blk_mem_gen_v8_4_7_inst  is using a behavioral model for simulation which will not precisely model memory collision behavior.
 Block Memory Generator module loading initial data...
 Block Memory Generator data initialization complete.
Block Memory Generator module tb_bsu.ROM_TEST.bram6.inst.\native_mem_module.blk_mem_gen_v8_4_7_inst  is using a behavioral model for simulation which will not precisely model memory collision behavior.
 Block Memory Generator module loading initial data...
 Block Memory Generator data initialization complete.
Block Memory Generator module tb_bsu.ROM_TEST.bram7.inst.\native_mem_module.blk_mem_gen_v8_4_7_inst  is using a behavioral model for simulation which will not precisely model memory collision behavior.
 Block Memory Generator module loading initial data...
 Block Memory Generator data initialization complete.
Block Memory Generator module tb_bsu.ROM_TEST.bram8.inst.\native_mem_module.blk_mem_gen_v8_4_7_inst  is using a behavioral model for simulation which will not precisely model memory collision behavior.
 Block Memory Generator module loading initial data...
 Block Memory Generator data initialization complete.
Block Memory Generator module tb_bsu.ROM_TEST.bram9.inst.\native_mem_module.blk_mem_gen_v8_4_7_inst  is using a behavioral model for simulation which will not precisely model memory collision behavior.
 Block Memory Generator module loading initial data...
 Block Memory Generator data initialization complete.
Block Memory Generator module tb_bsu.ROM_TEST.bram10.inst.\native_mem_module.blk_mem_gen_v8_4_7_inst  is using a behavioral model for simulation which will not precisely model memory collision behavior.
 Block Memory Generator module loading initial data...
 Block Memory Generator data initialization complete.
Block Memory Generator module tb_bsu.ROM_TEST.bram11.inst.\native_mem_module.blk_mem_gen_v8_4_7_inst  is using a behavioral model for simulation which will not precisely model memory collision behavior.
 Block Memory Generator module loading initial data...
 Block Memory Generator data initialization complete.
Block Memory Generator module tb_bsu.ROM_TEST.bram12.inst.\native_mem_module.blk_mem_gen_v8_4_7_inst  is using a behavioral model for simulation which will not precisely model memory collision behavior.
 Block Memory Generator module loading initial data...
 Block Memory Generator data initialization complete.
Block Memory Generator module tb_bsu.ROM_TEST.bram13.inst.\native_mem_module.blk_mem_gen_v8_4_7_inst  is using a behavioral model for simulation which will not precisely model memory collision behavior.
 Block Memory Generator module loading initial data...
 Block Memory Generator data initialization complete.
Block Memory Generator module tb_bsu.ROM_TEST.bram14.inst.\native_mem_module.blk_mem_gen_v8_4_7_inst  is using a behavioral model for simulation which will not precisely model memory collision behavior.
 Block Memory Generator module loading initial data...
 Block Memory Generator data initialization complete.
Block Memory Generator module tb_bsu.ROM_TEST.bram15.inst.\native_mem_module.blk_mem_gen_v8_4_7_inst  is using a behavioral model for simulation which will not precisely model memory collision behavior.
 Block Memory Generator module loading initial data...
 Block Memory Generator data initialization complete.
Block Memory Generator module tb_bsu.ROM_TEST.bram16.inst.\native_mem_module.blk_mem_gen_v8_4_7_inst  is using a behavioral model for simulation which will not precisely model memory collision behavior.
 Block Memory Generator module loading initial data...
 Block Memory Generator data initialization complete.
Block Memory Generator module tb_bsu.ROM_TEST.bram17.inst.\native_mem_module.blk_mem_gen_v8_4_7_inst  is using a behavioral model for simulation which will not precisely model memory collision behavior.
 Block Memory Generator module loading initial data...
 Block Memory Generator data initialization complete.
Block Memory Generator module tb_bsu.ROM_TEST.bram18.inst.\native_mem_module.blk_mem_gen_v8_4_7_inst  is using a behavioral model for simulation which will not precisely model memory collision behavior.
 Block Memory Generator module loading initial data...
 Block Memory Generator data initialization complete.
Block Memory Generator module tb_bsu.ROM_TEST.bram19.inst.\native_mem_module.blk_mem_gen_v8_4_7_inst  is using a behavioral model for simulation which will not precisely model memory collision behavior.
INFO: [USF-XSim-96] XSim completed. Design snapshot 'tb_bsu_behav' loaded.
INFO: [USF-XSim-97] XSim simulation ran for 1000ns
launch_simulation: Time (s): cpu = 00:00:04 ; elapsed = 00:00:38 . Memory (MB): peak = 2752.648 ; gain = 0.000
relaunch_sim
Command: launch_simulation -step compile -simset sim_1 -mode behavioral
INFO: [Vivado 12-12493] Simulation top is 'tb_bsu'
WARNING: [Vivado 12-13340] Unable to auto find GCC executables from simulator install path! (path not set)
INFO: [Vivado 12-5682] Launching behavioral simulation in 'D:/KAN/FPGA_Prj/KAN_V1/KAN_V1.sim/sim_1/behav/xsim'
INFO: [SIM-utils-51] Simulation object is 'sim_1'
INFO: [USF-XSim-2] XSim::Compile design
INFO: [USF-XSim-61] Executing 'COMPILE and ANALYZE' step in 'D:/KAN/FPGA_Prj/KAN_V1/KAN_V1.sim/sim_1/behav/xsim'
"xvlog --incr --relax -L uvm -prj tb_bsu_vlog.prj"
ECHO 处于关闭状态。
ECHO 处于关闭状态。
INFO: [USF-XSim-69] 'compile' step finished in '2' seconds
Command: launch_simulation -step elaborate -simset sim_1 -mode behavioral
INFO: [Vivado 12-12493] Simulation top is 'tb_bsu'
WARNING: [Vivado 12-13340] Unable to auto find GCC executables from simulator install path! (path not set)
INFO: [Vivado 12-5682] Launching behavioral simulation in 'D:/KAN/FPGA_Prj/KAN_V1/KAN_V1.sim/sim_1/behav/xsim'
INFO: [SIM-utils-51] Simulation object is 'sim_1'
INFO: [USF-XSim-3] XSim::Elaborate design
INFO: [USF-XSim-61] Executing 'ELABORATE' step in 'D:/KAN/FPGA_Prj/KAN_V1/KAN_V1.sim/sim_1/behav/xsim'
"xelab --incr --debug typical --relax --mt 2 -L xil_defaultlib -L blk_mem_gen_v8_4_7 -L uvm -L unisims_ver -L unimacro_ver -L secureip -L xpm --snapshot tb_bsu_behav xil_defaultlib.tb_bsu xil_defaultlib.glbl -log elaborate.log"
ECHO 处于关闭状态。
ECHO 处于关闭状态。
Vivado Simulator v2023.2
Copyright 1986-2022 Xilinx, Inc. All Rights Reserved.
Copyright 2022-2023 Advanced Micro Devices, Inc. All Rights Reserved.
Running: D:/Xilinx/Vivado/2023.2/bin/unwrapped/win64.o/xelab.exe --incr --debug typical --relax --mt 2 -L xil_defaultlib -L blk_mem_gen_v8_4_7 -L uvm -L unisims_ver -L unimacro_ver -L secureip -L xpm --snapshot tb_bsu_behav xil_defaultlib.tb_bsu xil_defaultlib.glbl -log elaborate.log 
Using 2 slave threads.
Starting static elaboration
Pass Through NonSizing Optimizer
WARNING: [VRFC 10-3091] actual bit length 32 differs from formal bit length 5 for port 'channel0_cs' [D:/KAN/FPGA_Prj/KAN_V1/KAN_V1.srcs/sim_1/new/tb_bsu.v:46]
WARNING: [VRFC 10-3091] actual bit length 32 differs from formal bit length 7 for port 'addra' [D:/KAN/FPGA_Prj/KAN_V1/KAN_V1.srcs/sources_1/new/Coeff_Rom.sv:211]
WARNING: [VRFC 10-3091] actual bit length 32 differs from formal bit length 6 for port 'addra' [D:/KAN/FPGA_Prj/KAN_V1/KAN_V1.srcs/sources_1/new/Coeff_Rom.sv:217]
WARNING: [VRFC 10-3091] actual bit length 32 differs from formal bit length 6 for port 'addra' [D:/KAN/FPGA_Prj/KAN_V1/KAN_V1.srcs/sources_1/new/Coeff_Rom.sv:223]
WARNING: [VRFC 10-3091] actual bit length 32 differs from formal bit length 6 for port 'addra' [D:/KAN/FPGA_Prj/KAN_V1/KAN_V1.srcs/sources_1/new/Coeff_Rom.sv:229]
WARNING: [VRFC 10-3091] actual bit length 32 differs from formal bit length 6 for port 'addra' [D:/KAN/FPGA_Prj/KAN_V1/KAN_V1.srcs/sources_1/new/Coeff_Rom.sv:235]
WARNING: [VRFC 10-3091] actual bit length 32 differs from formal bit length 6 for port 'addra' [D:/KAN/FPGA_Prj/KAN_V1/KAN_V1.srcs/sources_1/new/Coeff_Rom.sv:243]
WARNING: [VRFC 10-3091] actual bit length 32 differs from formal bit length 6 for port 'addra' [D:/KAN/FPGA_Prj/KAN_V1/KAN_V1.srcs/sources_1/new/Coeff_Rom.sv:249]
WARNING: [VRFC 10-3091] actual bit length 32 differs from formal bit length 6 for port 'addra' [D:/KAN/FPGA_Prj/KAN_V1/KAN_V1.srcs/sources_1/new/Coeff_Rom.sv:255]
WARNING: [VRFC 10-3091] actual bit length 32 differs from formal bit length 6 for port 'addra' [D:/KAN/FPGA_Prj/KAN_V1/KAN_V1.srcs/sources_1/new/Coeff_Rom.sv:262]
WARNING: [VRFC 10-3091] actual bit length 32 differs from formal bit length 6 for port 'addra' [D:/KAN/FPGA_Prj/KAN_V1/KAN_V1.srcs/sources_1/new/Coeff_Rom.sv:269]
WARNING: [VRFC 10-3091] actual bit length 32 differs from formal bit length 6 for port 'addra' [D:/KAN/FPGA_Prj/KAN_V1/KAN_V1.srcs/sources_1/new/Coeff_Rom.sv:276]
WARNING: [VRFC 10-3091] actual bit length 32 differs from formal bit length 6 for port 'addra' [D:/KAN/FPGA_Prj/KAN_V1/KAN_V1.srcs/sources_1/new/Coeff_Rom.sv:282]
WARNING: [VRFC 10-3091] actual bit length 32 differs from formal bit length 6 for port 'addra' [D:/KAN/FPGA_Prj/KAN_V1/KAN_V1.srcs/sources_1/new/Coeff_Rom.sv:288]
WARNING: [VRFC 10-3091] actual bit length 32 differs from formal bit length 6 for port 'addra' [D:/KAN/FPGA_Prj/KAN_V1/KAN_V1.srcs/sources_1/new/Coeff_Rom.sv:294]
WARNING: [VRFC 10-3091] actual bit length 32 differs from formal bit length 6 for port 'addra' [D:/KAN/FPGA_Prj/KAN_V1/KAN_V1.srcs/sources_1/new/Coeff_Rom.sv:300]
WARNING: [VRFC 10-3091] actual bit length 32 differs from formal bit length 6 for port 'addra' [D:/KAN/FPGA_Prj/KAN_V1/KAN_V1.srcs/sources_1/new/Coeff_Rom.sv:307]
WARNING: [VRFC 10-3091] actual bit length 32 differs from formal bit length 6 for port 'addra' [D:/KAN/FPGA_Prj/KAN_V1/KAN_V1.srcs/sources_1/new/Coeff_Rom.sv:313]
WARNING: [VRFC 10-3091] actual bit length 32 differs from formal bit length 6 for port 'addra' [D:/KAN/FPGA_Prj/KAN_V1/KAN_V1.srcs/sources_1/new/Coeff_Rom.sv:319]
WARNING: [VRFC 10-3091] actual bit length 32 differs from formal bit length 6 for port 'addra' [D:/KAN/FPGA_Prj/KAN_V1/KAN_V1.srcs/sources_1/new/Coeff_Rom.sv:325]
WARNING: [VRFC 10-3091] actual bit length 32 differs from formal bit length 6 for port 'addra' [D:/KAN/FPGA_Prj/KAN_V1/KAN_V1.srcs/sources_1/new/Coeff_Rom.sv:331]
Completed static elaboration
INFO: [XSIM 43-4323] No Change in HDL. Linking previously generated obj files to create kernel
INFO: [USF-XSim-69] 'elaborate' step finished in '2' seconds
Time resolution is 1 ps
 Block Memory Generator module loading initial data...
 Block Memory Generator data initialization complete.
Block Memory Generator module tb_bsu.ROM_TEST.bram0.inst.\native_mem_module.blk_mem_gen_v8_4_7_inst  is using a behavioral model for simulation which will not precisely model memory collision behavior.
 Block Memory Generator module loading initial data...
 Block Memory Generator data initialization complete.
Block Memory Generator module tb_bsu.ROM_TEST.bram1.inst.\native_mem_module.blk_mem_gen_v8_4_7_inst  is using a behavioral model for simulation which will not precisely model memory collision behavior.
 Block Memory Generator module loading initial data...
 Block Memory Generator data initialization complete.
Block Memory Generator module tb_bsu.ROM_TEST.bram2.inst.\native_mem_module.blk_mem_gen_v8_4_7_inst  is using a behavioral model for simulation which will not precisely model memory collision behavior.
 Block Memory Generator module loading initial data...
 Block Memory Generator data initialization complete.
Block Memory Generator module tb_bsu.ROM_TEST.bram3.inst.\native_mem_module.blk_mem_gen_v8_4_7_inst  is using a behavioral model for simulation which will not precisely model memory collision behavior.
 Block Memory Generator module loading initial data...
 Block Memory Generator data initialization complete.
Block Memory Generator module tb_bsu.ROM_TEST.bram4.inst.\native_mem_module.blk_mem_gen_v8_4_7_inst  is using a behavioral model for simulation which will not precisely model memory collision behavior.
 Block Memory Generator module loading initial data...
 Block Memory Generator data initialization complete.
Block Memory Generator module tb_bsu.ROM_TEST.bram5.inst.\native_mem_module.blk_mem_gen_v8_4_7_inst  is using a behavioral model for simulation which will not precisely model memory collision behavior.
 Block Memory Generator module loading initial data...
 Block Memory Generator data initialization complete.
Block Memory Generator module tb_bsu.ROM_TEST.bram6.inst.\native_mem_module.blk_mem_gen_v8_4_7_inst  is using a behavioral model for simulation which will not precisely model memory collision behavior.
 Block Memory Generator module loading initial data...
 Block Memory Generator data initialization complete.
Block Memory Generator module tb_bsu.ROM_TEST.bram7.inst.\native_mem_module.blk_mem_gen_v8_4_7_inst  is using a behavioral model for simulation which will not precisely model memory collision behavior.
 Block Memory Generator module loading initial data...
 Block Memory Generator data initialization complete.
Block Memory Generator module tb_bsu.ROM_TEST.bram8.inst.\native_mem_module.blk_mem_gen_v8_4_7_inst  is using a behavioral model for simulation which will not precisely model memory collision behavior.
 Block Memory Generator module loading initial data...
 Block Memory Generator data initialization complete.
Block Memory Generator module tb_bsu.ROM_TEST.bram9.inst.\native_mem_module.blk_mem_gen_v8_4_7_inst  is using a behavioral model for simulation which will not precisely model memory collision behavior.
 Block Memory Generator module loading initial data...
 Block Memory Generator data initialization complete.
Block Memory Generator module tb_bsu.ROM_TEST.bram10.inst.\native_mem_module.blk_mem_gen_v8_4_7_inst  is using a behavioral model for simulation which will not precisely model memory collision behavior.
 Block Memory Generator module loading initial data...
 Block Memory Generator data initialization complete.
Block Memory Generator module tb_bsu.ROM_TEST.bram11.inst.\native_mem_module.blk_mem_gen_v8_4_7_inst  is using a behavioral model for simulation which will not precisely model memory collision behavior.
 Block Memory Generator module loading initial data...
 Block Memory Generator data initialization complete.
Block Memory Generator module tb_bsu.ROM_TEST.bram12.inst.\native_mem_module.blk_mem_gen_v8_4_7_inst  is using a behavioral model for simulation which will not precisely model memory collision behavior.
 Block Memory Generator module loading initial data...
 Block Memory Generator data initialization complete.
Block Memory Generator module tb_bsu.ROM_TEST.bram13.inst.\native_mem_module.blk_mem_gen_v8_4_7_inst  is using a behavioral model for simulation which will not precisely model memory collision behavior.
 Block Memory Generator module loading initial data...
 Block Memory Generator data initialization complete.
Block Memory Generator module tb_bsu.ROM_TEST.bram14.inst.\native_mem_module.blk_mem_gen_v8_4_7_inst  is using a behavioral model for simulation which will not precisely model memory collision behavior.
 Block Memory Generator module loading initial data...
 Block Memory Generator data initialization complete.
Block Memory Generator module tb_bsu.ROM_TEST.bram15.inst.\native_mem_module.blk_mem_gen_v8_4_7_inst  is using a behavioral model for simulation which will not precisely model memory collision behavior.
 Block Memory Generator module loading initial data...
 Block Memory Generator data initialization complete.
Block Memory Generator module tb_bsu.ROM_TEST.bram16.inst.\native_mem_module.blk_mem_gen_v8_4_7_inst  is using a behavioral model for simulation which will not precisely model memory collision behavior.
 Block Memory Generator module loading initial data...
 Block Memory Generator data initialization complete.
Block Memory Generator module tb_bsu.ROM_TEST.bram17.inst.\native_mem_module.blk_mem_gen_v8_4_7_inst  is using a behavioral model for simulation which will not precisely model memory collision behavior.
 Block Memory Generator module loading initial data...
 Block Memory Generator data initialization complete.
Block Memory Generator module tb_bsu.ROM_TEST.bram18.inst.\native_mem_module.blk_mem_gen_v8_4_7_inst  is using a behavioral model for simulation which will not precisely model memory collision behavior.
 Block Memory Generator module loading initial data...
 Block Memory Generator data initialization complete.
Block Memory Generator module tb_bsu.ROM_TEST.bram19.inst.\native_mem_module.blk_mem_gen_v8_4_7_inst  is using a behavioral model for simulation which will not precisely model memory collision behavior.
relaunch_sim: Time (s): cpu = 00:00:02 ; elapsed = 00:00:07 . Memory (MB): peak = 2752.648 ; gain = 0.000
save_wave_config {D:/KAN/FPGA_Prj/KAN_V1/tb_module_behav.wcfg}
close_sim
INFO: [Simtcl 6-16] Simulation closed
launch_simulation
Command: launch_simulation 
INFO: [Vivado 12-12493] Simulation top is 'tb_bsu'
WARNING: [Vivado 12-13340] Unable to auto find GCC executables from simulator install path! (path not set)
INFO: [Vivado 12-5682] Launching behavioral simulation in 'D:/KAN/FPGA_Prj/KAN_V1/KAN_V1.sim/sim_1/behav/xsim'
INFO: [SIM-utils-51] Simulation object is 'sim_1'
INFO: [SIM-utils-72] Using boost library from 'D:/Xilinx/Vivado/2023.2/tps/boost_1_72_0'
INFO: [USF-XSim-7] Finding pre-compiled libraries...
INFO: [USF-XSim-11] File 'D:/Xilinx/Vivado/2023.2/data/xsim/xsim.ini' copied to run dir:'D:/KAN/FPGA_Prj/KAN_V1/KAN_V1.sim/sim_1/behav/xsim'
INFO: [SIM-utils-54] Inspecting design source files for 'tb_bsu' in fileset 'sim_1'...
INFO: [SIM-utils-43] Exported 'D:/KAN/FPGA_Prj/KAN_V1/KAN_V1.sim/sim_1/behav/xsim/layer0_coeff_in0_out0.mif'
INFO: [SIM-utils-43] Exported 'D:/KAN/FPGA_Prj/KAN_V1/KAN_V1.sim/sim_1/behav/xsim/layer0_coeff_in0_out0.coe'
INFO: [SIM-utils-43] Exported 'D:/KAN/FPGA_Prj/KAN_V1/KAN_V1.sim/sim_1/behav/xsim/layer0_coeff_in0_out1.mif'
INFO: [SIM-utils-43] Exported 'D:/KAN/FPGA_Prj/KAN_V1/KAN_V1.sim/sim_1/behav/xsim/layer0_coeff_in0_out1.coe'
INFO: [SIM-utils-43] Exported 'D:/KAN/FPGA_Prj/KAN_V1/KAN_V1.sim/sim_1/behav/xsim/layer0_coeff_in0_out2.mif'
INFO: [SIM-utils-43] Exported 'D:/KAN/FPGA_Prj/KAN_V1/KAN_V1.sim/sim_1/behav/xsim/layer0_coeff_in0_out2.coe'
INFO: [SIM-utils-43] Exported 'D:/KAN/FPGA_Prj/KAN_V1/KAN_V1.sim/sim_1/behav/xsim/layer0_coeff_in0_out3.mif'
INFO: [SIM-utils-43] Exported 'D:/KAN/FPGA_Prj/KAN_V1/KAN_V1.sim/sim_1/behav/xsim/layer0_coeff_in0_out3.coe'
INFO: [SIM-utils-43] Exported 'D:/KAN/FPGA_Prj/KAN_V1/KAN_V1.sim/sim_1/behav/xsim/layer0_coeff_in0_out4.mif'
INFO: [SIM-utils-43] Exported 'D:/KAN/FPGA_Prj/KAN_V1/KAN_V1.sim/sim_1/behav/xsim/layer0_coeff_in0_out4.coe'
INFO: [SIM-utils-43] Exported 'D:/KAN/FPGA_Prj/KAN_V1/KAN_V1.sim/sim_1/behav/xsim/layer0_coeff_in1_out0.mif'
INFO: [SIM-utils-43] Exported 'D:/KAN/FPGA_Prj/KAN_V1/KAN_V1.sim/sim_1/behav/xsim/layer0_coeff_in1_out0.coe'
INFO: [SIM-utils-43] Exported 'D:/KAN/FPGA_Prj/KAN_V1/KAN_V1.sim/sim_1/behav/xsim/layer0_coeff_in1_out1.mif'
INFO: [SIM-utils-43] Exported 'D:/KAN/FPGA_Prj/KAN_V1/KAN_V1.sim/sim_1/behav/xsim/layer0_coeff_in1_out1.coe'
INFO: [SIM-utils-43] Exported 'D:/KAN/FPGA_Prj/KAN_V1/KAN_V1.sim/sim_1/behav/xsim/layer0_coeff_in1_out2.mif'
INFO: [SIM-utils-43] Exported 'D:/KAN/FPGA_Prj/KAN_V1/KAN_V1.sim/sim_1/behav/xsim/layer0_coeff_in1_out2.coe'
INFO: [SIM-utils-43] Exported 'D:/KAN/FPGA_Prj/KAN_V1/KAN_V1.sim/sim_1/behav/xsim/layer0_coeff_in1_out3.mif'
INFO: [SIM-utils-43] Exported 'D:/KAN/FPGA_Prj/KAN_V1/KAN_V1.sim/sim_1/behav/xsim/layer0_coeff_in1_out3.coe'
INFO: [SIM-utils-43] Exported 'D:/KAN/FPGA_Prj/KAN_V1/KAN_V1.sim/sim_1/behav/xsim/layer0_coeff_in1_out4.mif'
INFO: [SIM-utils-43] Exported 'D:/KAN/FPGA_Prj/KAN_V1/KAN_V1.sim/sim_1/behav/xsim/layer0_coeff_in1_out4.coe'
INFO: [SIM-utils-43] Exported 'D:/KAN/FPGA_Prj/KAN_V1/KAN_V1.sim/sim_1/behav/xsim/layer0_coeff_in2_out0.mif'
INFO: [SIM-utils-43] Exported 'D:/KAN/FPGA_Prj/KAN_V1/KAN_V1.sim/sim_1/behav/xsim/layer0_coeff_in2_out0.coe'
INFO: [SIM-utils-43] Exported 'D:/KAN/FPGA_Prj/KAN_V1/KAN_V1.sim/sim_1/behav/xsim/layer0_coeff_in2_out1.mif'
INFO: [SIM-utils-43] Exported 'D:/KAN/FPGA_Prj/KAN_V1/KAN_V1.sim/sim_1/behav/xsim/layer0_coeff_in2_out1.coe'
INFO: [SIM-utils-43] Exported 'D:/KAN/FPGA_Prj/KAN_V1/KAN_V1.sim/sim_1/behav/xsim/layer0_coeff_in2_out2.mif'
INFO: [SIM-utils-43] Exported 'D:/KAN/FPGA_Prj/KAN_V1/KAN_V1.sim/sim_1/behav/xsim/layer0_coeff_in2_out2.coe'
INFO: [SIM-utils-43] Exported 'D:/KAN/FPGA_Prj/KAN_V1/KAN_V1.sim/sim_1/behav/xsim/layer0_coeff_in2_out3.mif'
INFO: [SIM-utils-43] Exported 'D:/KAN/FPGA_Prj/KAN_V1/KAN_V1.sim/sim_1/behav/xsim/layer0_coeff_in2_out3.coe'
INFO: [SIM-utils-43] Exported 'D:/KAN/FPGA_Prj/KAN_V1/KAN_V1.sim/sim_1/behav/xsim/layer0_coeff_in2_out4.mif'
INFO: [SIM-utils-43] Exported 'D:/KAN/FPGA_Prj/KAN_V1/KAN_V1.sim/sim_1/behav/xsim/layer0_coeff_in2_out4.coe'
INFO: [SIM-utils-43] Exported 'D:/KAN/FPGA_Prj/KAN_V1/KAN_V1.sim/sim_1/behav/xsim/layer1_coeff_in0_out0.mif'
INFO: [SIM-utils-43] Exported 'D:/KAN/FPGA_Prj/KAN_V1/KAN_V1.sim/sim_1/behav/xsim/layer1_coeff_in0_out0.coe'
INFO: [SIM-utils-43] Exported 'D:/KAN/FPGA_Prj/KAN_V1/KAN_V1.sim/sim_1/behav/xsim/layer1_coeff_in1_out0.mif'
INFO: [SIM-utils-43] Exported 'D:/KAN/FPGA_Prj/KAN_V1/KAN_V1.sim/sim_1/behav/xsim/layer1_coeff_in1_out0.coe'
INFO: [SIM-utils-43] Exported 'D:/KAN/FPGA_Prj/KAN_V1/KAN_V1.sim/sim_1/behav/xsim/layer1_coeff_in2_out0.mif'
INFO: [SIM-utils-43] Exported 'D:/KAN/FPGA_Prj/KAN_V1/KAN_V1.sim/sim_1/behav/xsim/layer1_coeff_in2_out0.coe'
INFO: [SIM-utils-43] Exported 'D:/KAN/FPGA_Prj/KAN_V1/KAN_V1.sim/sim_1/behav/xsim/layer1_coeff_in3_out0.mif'
INFO: [SIM-utils-43] Exported 'D:/KAN/FPGA_Prj/KAN_V1/KAN_V1.sim/sim_1/behav/xsim/layer1_coeff_in3_out0.coe'
INFO: [SIM-utils-43] Exported 'D:/KAN/FPGA_Prj/KAN_V1/KAN_V1.sim/sim_1/behav/xsim/layer1_coeff_in4_out0.mif'
INFO: [SIM-utils-43] Exported 'D:/KAN/FPGA_Prj/KAN_V1/KAN_V1.sim/sim_1/behav/xsim/layer1_coeff_in4_out0.coe'
INFO: [USF-XSim-97] Finding global include files...
INFO: [USF-XSim-98] Fetching design files from 'sim_1'...
INFO: [USF-XSim-2] XSim::Compile design
INFO: [USF-XSim-61] Executing 'COMPILE and ANALYZE' step in 'D:/KAN/FPGA_Prj/KAN_V1/KAN_V1.sim/sim_1/behav/xsim'
"xvlog --incr --relax -L uvm -prj tb_bsu_vlog.prj"
ECHO 处于关闭状态。
ECHO 处于关闭状态。
INFO: [VRFC 10-2263] Analyzing Verilog file "D:/KAN/FPGA_Prj/KAN_V1/KAN_V1.gen/sources_1/ip/layer1_coeff_in4_out0/sim/layer1_coeff_in4_out0.v" into library xil_defaultlib
INFO: [VRFC 10-311] analyzing module layer1_coeff_in4_out0
INFO: [VRFC 10-2263] Analyzing Verilog file "D:/KAN/FPGA_Prj/KAN_V1/KAN_V1.gen/sources_1/ip/layer1_coeff_in3_out0/sim/layer1_coeff_in3_out0.v" into library xil_defaultlib
INFO: [VRFC 10-311] analyzing module layer1_coeff_in3_out0
INFO: [VRFC 10-2263] Analyzing Verilog file "D:/KAN/FPGA_Prj/KAN_V1/KAN_V1.gen/sources_1/ip/layer1_coeff_in2_out0/sim/layer1_coeff_in2_out0.v" into library xil_defaultlib
INFO: [VRFC 10-311] analyzing module layer1_coeff_in2_out0
INFO: [VRFC 10-2263] Analyzing Verilog file "D:/KAN/FPGA_Prj/KAN_V1/KAN_V1.gen/sources_1/ip/layer1_coeff_in1_out0/sim/layer1_coeff_in1_out0.v" into library xil_defaultlib
INFO: [VRFC 10-311] analyzing module layer1_coeff_in1_out0
INFO: [VRFC 10-2263] Analyzing Verilog file "D:/KAN/FPGA_Prj/KAN_V1/KAN_V1.gen/sources_1/ip/layer1_coeff_in0_out0/sim/layer1_coeff_in0_out0.v" into library xil_defaultlib
INFO: [VRFC 10-311] analyzing module layer1_coeff_in0_out0
INFO: [VRFC 10-2263] Analyzing Verilog file "D:/KAN/FPGA_Prj/KAN_V1/KAN_V1.gen/sources_1/ip/layer0_coeff_in2_out4/sim/layer0_coeff_in2_out4.v" into library xil_defaultlib
INFO: [VRFC 10-311] analyzing module layer0_coeff_in2_out4
INFO: [VRFC 10-2263] Analyzing Verilog file "D:/KAN/FPGA_Prj/KAN_V1/KAN_V1.gen/sources_1/ip/layer0_coeff_in2_out3/sim/layer0_coeff_in2_out3.v" into library xil_defaultlib
INFO: [VRFC 10-311] analyzing module layer0_coeff_in2_out3
INFO: [VRFC 10-2263] Analyzing Verilog file "D:/KAN/FPGA_Prj/KAN_V1/KAN_V1.gen/sources_1/ip/layer0_coeff_in2_out2/sim/layer0_coeff_in2_out2.v" into library xil_defaultlib
INFO: [VRFC 10-311] analyzing module layer0_coeff_in2_out2
INFO: [VRFC 10-2263] Analyzing Verilog file "D:/KAN/FPGA_Prj/KAN_V1/KAN_V1.gen/sources_1/ip/layer0_coeff_in2_out1/sim/layer0_coeff_in2_out1.v" into library xil_defaultlib
INFO: [VRFC 10-311] analyzing module layer0_coeff_in2_out1
INFO: [VRFC 10-2263] Analyzing Verilog file "D:/KAN/FPGA_Prj/KAN_V1/KAN_V1.gen/sources_1/ip/layer0_coeff_in2_out0/sim/layer0_coeff_in2_out0.v" into library xil_defaultlib
INFO: [VRFC 10-311] analyzing module layer0_coeff_in2_out0
INFO: [VRFC 10-2263] Analyzing Verilog file "D:/KAN/FPGA_Prj/KAN_V1/KAN_V1.gen/sources_1/ip/layer0_coeff_in1_out4/sim/layer0_coeff_in1_out4.v" into library xil_defaultlib
INFO: [VRFC 10-311] analyzing module layer0_coeff_in1_out4
INFO: [VRFC 10-2263] Analyzing Verilog file "D:/KAN/FPGA_Prj/KAN_V1/KAN_V1.gen/sources_1/ip/layer0_coeff_in1_out3/sim/layer0_coeff_in1_out3.v" into library xil_defaultlib
INFO: [VRFC 10-311] analyzing module layer0_coeff_in1_out3
INFO: [VRFC 10-2263] Analyzing Verilog file "D:/KAN/FPGA_Prj/KAN_V1/KAN_V1.gen/sources_1/ip/layer0_coeff_in1_out2/sim/layer0_coeff_in1_out2.v" into library xil_defaultlib
INFO: [VRFC 10-311] analyzing module layer0_coeff_in1_out2
INFO: [VRFC 10-2263] Analyzing Verilog file "D:/KAN/FPGA_Prj/KAN_V1/KAN_V1.gen/sources_1/ip/layer0_coeff_in1_out1/sim/layer0_coeff_in1_out1.v" into library xil_defaultlib
INFO: [VRFC 10-311] analyzing module layer0_coeff_in1_out1
INFO: [VRFC 10-2263] Analyzing Verilog file "D:/KAN/FPGA_Prj/KAN_V1/KAN_V1.gen/sources_1/ip/layer0_coeff_in1_out0/sim/layer0_coeff_in1_out0.v" into library xil_defaultlib
INFO: [VRFC 10-311] analyzing module layer0_coeff_in1_out0
INFO: [VRFC 10-2263] Analyzing Verilog file "D:/KAN/FPGA_Prj/KAN_V1/KAN_V1.gen/sources_1/ip/layer0_coeff_in0_out4/sim/layer0_coeff_in0_out4.v" into library xil_defaultlib
INFO: [VRFC 10-311] analyzing module layer0_coeff_in0_out4
INFO: [VRFC 10-2263] Analyzing Verilog file "D:/KAN/FPGA_Prj/KAN_V1/KAN_V1.gen/sources_1/ip/layer0_coeff_in0_out3/sim/layer0_coeff_in0_out3.v" into library xil_defaultlib
INFO: [VRFC 10-311] analyzing module layer0_coeff_in0_out3
INFO: [VRFC 10-2263] Analyzing Verilog file "D:/KAN/FPGA_Prj/KAN_V1/KAN_V1.gen/sources_1/ip/layer0_coeff_in0_out2/sim/layer0_coeff_in0_out2.v" into library xil_defaultlib
INFO: [VRFC 10-311] analyzing module layer0_coeff_in0_out2
INFO: [VRFC 10-2263] Analyzing Verilog file "D:/KAN/FPGA_Prj/KAN_V1/KAN_V1.gen/sources_1/ip/layer0_coeff_in0_out1/sim/layer0_coeff_in0_out1.v" into library xil_defaultlib
INFO: [VRFC 10-311] analyzing module layer0_coeff_in0_out1
INFO: [VRFC 10-2263] Analyzing Verilog file "D:/KAN/FPGA_Prj/KAN_V1/KAN_V1.gen/sources_1/ip/layer0_coeff_in0_out0/sim/layer0_coeff_in0_out0.v" into library xil_defaultlib
INFO: [VRFC 10-311] analyzing module layer0_coeff_in0_out0
INFO: [VRFC 10-2263] Analyzing Verilog file "D:/KAN/FPGA_Prj/KAN_V1/KAN_V1.srcs/sources_1/new/BSU.v" into library xil_defaultlib
INFO: [VRFC 10-311] analyzing module BSU
INFO: [VRFC 10-2263] Analyzing Verilog file "D:/KAN/FPGA_Prj/KAN_V1/KAN_V1.srcs/sources_1/new/internal_finder.v" into library xil_defaultlib
INFO: [VRFC 10-311] analyzing module internal_finder
INFO: [VRFC 10-2263] Analyzing Verilog file "D:/KAN/FPGA_Prj/KAN_V1/KAN_V1.srcs/sources_1/new/mac.v" into library xil_defaultlib
INFO: [VRFC 10-311] analyzing module mac
INFO: [VRFC 10-2263] Analyzing Verilog file "D:/KAN/FPGA_Prj/KAN_V1/KAN_V1.srcs/sources_1/new/multiplier.v" into library xil_defaultlib
INFO: [VRFC 10-311] analyzing module multiplier
INFO: [USF-XSim-69] 'compile' step finished in '4' seconds
INFO: [USF-XSim-3] XSim::Elaborate design
INFO: [USF-XSim-61] Executing 'ELABORATE' step in 'D:/KAN/FPGA_Prj/KAN_V1/KAN_V1.sim/sim_1/behav/xsim'
"xelab --incr --debug typical --relax --mt 2 -L xil_defaultlib -L blk_mem_gen_v8_4_7 -L uvm -L unisims_ver -L unimacro_ver -L secureip -L xpm --snapshot tb_bsu_behav xil_defaultlib.tb_bsu xil_defaultlib.glbl -log elaborate.log"
ECHO 处于关闭状态。
ECHO 处于关闭状态。
Vivado Simulator v2023.2
Copyright 1986-2022 Xilinx, Inc. All Rights Reserved.
Copyright 2022-2023 Advanced Micro Devices, Inc. All Rights Reserved.
Running: D:/Xilinx/Vivado/2023.2/bin/unwrapped/win64.o/xelab.exe --incr --debug typical --relax --mt 2 -L xil_defaultlib -L blk_mem_gen_v8_4_7 -L uvm -L unisims_ver -L unimacro_ver -L secureip -L xpm --snapshot tb_bsu_behav xil_defaultlib.tb_bsu xil_defaultlib.glbl -log elaborate.log 
Using 2 slave threads.
Starting static elaboration
Pass Through NonSizing Optimizer
WARNING: [VRFC 10-3091] actual bit length 32 differs from formal bit length 5 for port 'channel0_cs' [D:/KAN/FPGA_Prj/KAN_V1/KAN_V1.srcs/sim_1/new/tb_bsu.v:46]
WARNING: [VRFC 10-3091] actual bit length 32 differs from formal bit length 7 for port 'addra' [D:/KAN/FPGA_Prj/KAN_V1/KAN_V1.srcs/sources_1/new/Coeff_Rom.sv:211]
WARNING: [VRFC 10-3091] actual bit length 32 differs from formal bit length 6 for port 'addra' [D:/KAN/FPGA_Prj/KAN_V1/KAN_V1.srcs/sources_1/new/Coeff_Rom.sv:217]
WARNING: [VRFC 10-3091] actual bit length 32 differs from formal bit length 6 for port 'addra' [D:/KAN/FPGA_Prj/KAN_V1/KAN_V1.srcs/sources_1/new/Coeff_Rom.sv:223]
WARNING: [VRFC 10-3091] actual bit length 32 differs from formal bit length 6 for port 'addra' [D:/KAN/FPGA_Prj/KAN_V1/KAN_V1.srcs/sources_1/new/Coeff_Rom.sv:229]
WARNING: [VRFC 10-3091] actual bit length 32 differs from formal bit length 6 for port 'addra' [D:/KAN/FPGA_Prj/KAN_V1/KAN_V1.srcs/sources_1/new/Coeff_Rom.sv:235]
WARNING: [VRFC 10-3091] actual bit length 32 differs from formal bit length 6 for port 'addra' [D:/KAN/FPGA_Prj/KAN_V1/KAN_V1.srcs/sources_1/new/Coeff_Rom.sv:243]
WARNING: [VRFC 10-3091] actual bit length 32 differs from formal bit length 6 for port 'addra' [D:/KAN/FPGA_Prj/KAN_V1/KAN_V1.srcs/sources_1/new/Coeff_Rom.sv:249]
WARNING: [VRFC 10-3091] actual bit length 32 differs from formal bit length 6 for port 'addra' [D:/KAN/FPGA_Prj/KAN_V1/KAN_V1.srcs/sources_1/new/Coeff_Rom.sv:255]
WARNING: [VRFC 10-3091] actual bit length 32 differs from formal bit length 6 for port 'addra' [D:/KAN/FPGA_Prj/KAN_V1/KAN_V1.srcs/sources_1/new/Coeff_Rom.sv:262]
WARNING: [VRFC 10-3091] actual bit length 32 differs from formal bit length 6 for port 'addra' [D:/KAN/FPGA_Prj/KAN_V1/KAN_V1.srcs/sources_1/new/Coeff_Rom.sv:269]
WARNING: [VRFC 10-3091] actual bit length 32 differs from formal bit length 6 for port 'addra' [D:/KAN/FPGA_Prj/KAN_V1/KAN_V1.srcs/sources_1/new/Coeff_Rom.sv:276]
WARNING: [VRFC 10-3091] actual bit length 32 differs from formal bit length 6 for port 'addra' [D:/KAN/FPGA_Prj/KAN_V1/KAN_V1.srcs/sources_1/new/Coeff_Rom.sv:282]
WARNING: [VRFC 10-3091] actual bit length 32 differs from formal bit length 6 for port 'addra' [D:/KAN/FPGA_Prj/KAN_V1/KAN_V1.srcs/sources_1/new/Coeff_Rom.sv:288]
WARNING: [VRFC 10-3091] actual bit length 32 differs from formal bit length 6 for port 'addra' [D:/KAN/FPGA_Prj/KAN_V1/KAN_V1.srcs/sources_1/new/Coeff_Rom.sv:294]
WARNING: [VRFC 10-3091] actual bit length 32 differs from formal bit length 6 for port 'addra' [D:/KAN/FPGA_Prj/KAN_V1/KAN_V1.srcs/sources_1/new/Coeff_Rom.sv:300]
WARNING: [VRFC 10-3091] actual bit length 32 differs from formal bit length 6 for port 'addra' [D:/KAN/FPGA_Prj/KAN_V1/KAN_V1.srcs/sources_1/new/Coeff_Rom.sv:307]
WARNING: [VRFC 10-3091] actual bit length 32 differs from formal bit length 6 for port 'addra' [D:/KAN/FPGA_Prj/KAN_V1/KAN_V1.srcs/sources_1/new/Coeff_Rom.sv:313]
WARNING: [VRFC 10-3091] actual bit length 32 differs from formal bit length 6 for port 'addra' [D:/KAN/FPGA_Prj/KAN_V1/KAN_V1.srcs/sources_1/new/Coeff_Rom.sv:319]
WARNING: [VRFC 10-3091] actual bit length 32 differs from formal bit length 6 for port 'addra' [D:/KAN/FPGA_Prj/KAN_V1/KAN_V1.srcs/sources_1/new/Coeff_Rom.sv:325]
WARNING: [VRFC 10-3091] actual bit length 32 differs from formal bit length 6 for port 'addra' [D:/KAN/FPGA_Prj/KAN_V1/KAN_V1.srcs/sources_1/new/Coeff_Rom.sv:331]
Completed static elaboration
Starting simulation data flow analysis
Completed simulation data flow analysis
Time Resolution for simulation is 1ps
Compiling module blk_mem_gen_v8_4_7.blk_mem_gen_v8_4_7_output_stage(...
Compiling module blk_mem_gen_v8_4_7.blk_mem_gen_v8_4_7_softecc_outpu...
Compiling module blk_mem_gen_v8_4_7.blk_mem_gen_v8_4_7_mem_module(C_...
Compiling module blk_mem_gen_v8_4_7.blk_mem_gen_v8_4_7(C_FAMILY="zyn...
Compiling module xil_defaultlib.layer0_coeff_in0_out0
Compiling module blk_mem_gen_v8_4_7.blk_mem_gen_v8_4_7_output_stage(...
Compiling module blk_mem_gen_v8_4_7.blk_mem_gen_v8_4_7_softecc_outpu...
Compiling module blk_mem_gen_v8_4_7.blk_mem_gen_v8_4_7_mem_module(C_...
Compiling module blk_mem_gen_v8_4_7.blk_mem_gen_v8_4_7(C_FAMILY="zyn...
Compiling module xil_defaultlib.layer0_coeff_in0_out1
Compiling module blk_mem_gen_v8_4_7.blk_mem_gen_v8_4_7_mem_module(C_...
Compiling module blk_mem_gen_v8_4_7.blk_mem_gen_v8_4_7(C_FAMILY="zyn...
Compiling module xil_defaultlib.layer0_coeff_in0_out2
Compiling module blk_mem_gen_v8_4_7.blk_mem_gen_v8_4_7_mem_module(C_...
Compiling module blk_mem_gen_v8_4_7.blk_mem_gen_v8_4_7(C_FAMILY="zyn...
Compiling module xil_defaultlib.layer0_coeff_in0_out3
Compiling module blk_mem_gen_v8_4_7.blk_mem_gen_v8_4_7_mem_module(C_...
Compiling module blk_mem_gen_v8_4_7.blk_mem_gen_v8_4_7(C_FAMILY="zyn...
Compiling module xil_defaultlib.layer0_coeff_in0_out4
Compiling module blk_mem_gen_v8_4_7.blk_mem_gen_v8_4_7_mem_module(C_...
Compiling module blk_mem_gen_v8_4_7.blk_mem_gen_v8_4_7(C_FAMILY="zyn...
Compiling module xil_defaultlib.layer0_coeff_in1_out0
Compiling module blk_mem_gen_v8_4_7.blk_mem_gen_v8_4_7_mem_module(C_...
Compiling module blk_mem_gen_v8_4_7.blk_mem_gen_v8_4_7(C_FAMILY="zyn...
Compiling module xil_defaultlib.layer0_coeff_in1_out1
Compiling module blk_mem_gen_v8_4_7.blk_mem_gen_v8_4_7_mem_module(C_...
Compiling module blk_mem_gen_v8_4_7.blk_mem_gen_v8_4_7(C_FAMILY="zyn...
Compiling module xil_defaultlib.layer0_coeff_in1_out2
Compiling module blk_mem_gen_v8_4_7.blk_mem_gen_v8_4_7_mem_module(C_...
Compiling module blk_mem_gen_v8_4_7.blk_mem_gen_v8_4_7(C_FAMILY="zyn...
Compiling module xil_defaultlib.layer0_coeff_in1_out3
Compiling module blk_mem_gen_v8_4_7.blk_mem_gen_v8_4_7_mem_module(C_...
Compiling module blk_mem_gen_v8_4_7.blk_mem_gen_v8_4_7(C_FAMILY="zyn...
Compiling module xil_defaultlib.layer0_coeff_in1_out4
Compiling module blk_mem_gen_v8_4_7.blk_mem_gen_v8_4_7_mem_module(C_...
Compiling module blk_mem_gen_v8_4_7.blk_mem_gen_v8_4_7(C_FAMILY="zyn...
Compiling module xil_defaultlib.layer0_coeff_in2_out0
Compiling module blk_mem_gen_v8_4_7.blk_mem_gen_v8_4_7_mem_module(C_...
Compiling module blk_mem_gen_v8_4_7.blk_mem_gen_v8_4_7(C_FAMILY="zyn...
Compiling module xil_defaultlib.layer0_coeff_in2_out1
Compiling module blk_mem_gen_v8_4_7.blk_mem_gen_v8_4_7_mem_module(C_...
Compiling module blk_mem_gen_v8_4_7.blk_mem_gen_v8_4_7(C_FAMILY="zyn...
Compiling module xil_defaultlib.layer0_coeff_in2_out2
Compiling module blk_mem_gen_v8_4_7.blk_mem_gen_v8_4_7_mem_module(C_...
Compiling module blk_mem_gen_v8_4_7.blk_mem_gen_v8_4_7(C_FAMILY="zyn...
Compiling module xil_defaultlib.layer0_coeff_in2_out3
Compiling module blk_mem_gen_v8_4_7.blk_mem_gen_v8_4_7_mem_module(C_...
Compiling module blk_mem_gen_v8_4_7.blk_mem_gen_v8_4_7(C_FAMILY="zyn...
Compiling module xil_defaultlib.layer0_coeff_in2_out4
Compiling module blk_mem_gen_v8_4_7.blk_mem_gen_v8_4_7_mem_module(C_...
Compiling module blk_mem_gen_v8_4_7.blk_mem_gen_v8_4_7(C_FAMILY="zyn...
Compiling module xil_defaultlib.layer1_coeff_in0_out0
Compiling module blk_mem_gen_v8_4_7.blk_mem_gen_v8_4_7_mem_module(C_...
Compiling module blk_mem_gen_v8_4_7.blk_mem_gen_v8_4_7(C_FAMILY="zyn...
Compiling module xil_defaultlib.layer1_coeff_in1_out0
Compiling module blk_mem_gen_v8_4_7.blk_mem_gen_v8_4_7_mem_module(C_...
Compiling module blk_mem_gen_v8_4_7.blk_mem_gen_v8_4_7(C_FAMILY="zyn...
Compiling module xil_defaultlib.layer1_coeff_in2_out0
Compiling module blk_mem_gen_v8_4_7.blk_mem_gen_v8_4_7_mem_module(C_...
Compiling module blk_mem_gen_v8_4_7.blk_mem_gen_v8_4_7(C_FAMILY="zyn...
Compiling module xil_defaultlib.layer1_coeff_in3_out0
Compiling module blk_mem_gen_v8_4_7.blk_mem_gen_v8_4_7_mem_module(C_...
Compiling module blk_mem_gen_v8_4_7.blk_mem_gen_v8_4_7(C_FAMILY="zyn...
Compiling module xil_defaultlib.layer1_coeff_in4_out0
Compiling module xil_defaultlib.Coeff_Rom
Compiling module xil_defaultlib.internal_finder
Compiling module xil_defaultlib.multiplier
Compiling module xil_defaultlib.mac
Compiling module xil_defaultlib.BSU
Compiling module xil_defaultlib.tb_bsu
Compiling module xil_defaultlib.glbl
Built simulation snapshot tb_bsu_behav
run_program: Time (s): cpu = 00:00:01 ; elapsed = 00:00:29 . Memory (MB): peak = 2752.648 ; gain = 0.000
INFO: [USF-XSim-69] 'elaborate' step finished in '28' seconds
INFO: [USF-XSim-4] XSim::Simulate design
INFO: [USF-XSim-61] Executing 'SIMULATE' step in 'D:/KAN/FPGA_Prj/KAN_V1/KAN_V1.sim/sim_1/behav/xsim'
INFO: [USF-XSim-98] *** Running xsim
   with args "tb_bsu_behav -key {Behavioral:sim_1:Functional:tb_bsu} -tclbatch {tb_bsu.tcl} -view {D:/KAN/FPGA_Prj/KAN_V1/tb_module_behav.wcfg} -log {simulate.log}"
INFO: [USF-XSim-8] Loading simulator feature
Time resolution is 1 ps
open_wave_config D:/KAN/FPGA_Prj/KAN_V1/tb_module_behav.wcfg
source tb_bsu.tcl
# set curr_wave [current_wave_config]
# if { [string length $curr_wave] == 0 } {
#   if { [llength [get_objects]] > 0} {
#     add_wave /
#     set_property needs_save false [current_wave_config]
#   } else {
#      send_msg_id Add_Wave-1 WARNING "No top level signals found. Simulator will start without a wave window. If you want to open a wave window go to 'File->New Waveform Configuration' or type 'create_wave_config' in the TCL console."
#   }
# }
# run 1000ns
 Block Memory Generator module loading initial data...
 Block Memory Generator data initialization complete.
Block Memory Generator module tb_bsu.ROM_TEST.bram0.inst.\native_mem_module.blk_mem_gen_v8_4_7_inst  is using a behavioral model for simulation which will not precisely model memory collision behavior.
 Block Memory Generator module loading initial data...
 Block Memory Generator data initialization complete.
Block Memory Generator module tb_bsu.ROM_TEST.bram1.inst.\native_mem_module.blk_mem_gen_v8_4_7_inst  is using a behavioral model for simulation which will not precisely model memory collision behavior.
 Block Memory Generator module loading initial data...
 Block Memory Generator data initialization complete.
Block Memory Generator module tb_bsu.ROM_TEST.bram2.inst.\native_mem_module.blk_mem_gen_v8_4_7_inst  is using a behavioral model for simulation which will not precisely model memory collision behavior.
 Block Memory Generator module loading initial data...
 Block Memory Generator data initialization complete.
Block Memory Generator module tb_bsu.ROM_TEST.bram3.inst.\native_mem_module.blk_mem_gen_v8_4_7_inst  is using a behavioral model for simulation which will not precisely model memory collision behavior.
 Block Memory Generator module loading initial data...
 Block Memory Generator data initialization complete.
Block Memory Generator module tb_bsu.ROM_TEST.bram4.inst.\native_mem_module.blk_mem_gen_v8_4_7_inst  is using a behavioral model for simulation which will not precisely model memory collision behavior.
 Block Memory Generator module loading initial data...
 Block Memory Generator data initialization complete.
Block Memory Generator module tb_bsu.ROM_TEST.bram5.inst.\native_mem_module.blk_mem_gen_v8_4_7_inst  is using a behavioral model for simulation which will not precisely model memory collision behavior.
 Block Memory Generator module loading initial data...
 Block Memory Generator data initialization complete.
Block Memory Generator module tb_bsu.ROM_TEST.bram6.inst.\native_mem_module.blk_mem_gen_v8_4_7_inst  is using a behavioral model for simulation which will not precisely model memory collision behavior.
 Block Memory Generator module loading initial data...
 Block Memory Generator data initialization complete.
Block Memory Generator module tb_bsu.ROM_TEST.bram7.inst.\native_mem_module.blk_mem_gen_v8_4_7_inst  is using a behavioral model for simulation which will not precisely model memory collision behavior.
 Block Memory Generator module loading initial data...
 Block Memory Generator data initialization complete.
Block Memory Generator module tb_bsu.ROM_TEST.bram8.inst.\native_mem_module.blk_mem_gen_v8_4_7_inst  is using a behavioral model for simulation which will not precisely model memory collision behavior.
 Block Memory Generator module loading initial data...
 Block Memory Generator data initialization complete.
Block Memory Generator module tb_bsu.ROM_TEST.bram9.inst.\native_mem_module.blk_mem_gen_v8_4_7_inst  is using a behavioral model for simulation which will not precisely model memory collision behavior.
 Block Memory Generator module loading initial data...
 Block Memory Generator data initialization complete.
Block Memory Generator module tb_bsu.ROM_TEST.bram10.inst.\native_mem_module.blk_mem_gen_v8_4_7_inst  is using a behavioral model for simulation which will not precisely model memory collision behavior.
 Block Memory Generator module loading initial data...
 Block Memory Generator data initialization complete.
Block Memory Generator module tb_bsu.ROM_TEST.bram11.inst.\native_mem_module.blk_mem_gen_v8_4_7_inst  is using a behavioral model for simulation which will not precisely model memory collision behavior.
 Block Memory Generator module loading initial data...
 Block Memory Generator data initialization complete.
Block Memory Generator module tb_bsu.ROM_TEST.bram12.inst.\native_mem_module.blk_mem_gen_v8_4_7_inst  is using a behavioral model for simulation which will not precisely model memory collision behavior.
 Block Memory Generator module loading initial data...
 Block Memory Generator data initialization complete.
Block Memory Generator module tb_bsu.ROM_TEST.bram13.inst.\native_mem_module.blk_mem_gen_v8_4_7_inst  is using a behavioral model for simulation which will not precisely model memory collision behavior.
 Block Memory Generator module loading initial data...
 Block Memory Generator data initialization complete.
Block Memory Generator module tb_bsu.ROM_TEST.bram14.inst.\native_mem_module.blk_mem_gen_v8_4_7_inst  is using a behavioral model for simulation which will not precisely model memory collision behavior.
 Block Memory Generator module loading initial data...
 Block Memory Generator data initialization complete.
Block Memory Generator module tb_bsu.ROM_TEST.bram15.inst.\native_mem_module.blk_mem_gen_v8_4_7_inst  is using a behavioral model for simulation which will not precisely model memory collision behavior.
 Block Memory Generator module loading initial data...
 Block Memory Generator data initialization complete.
Block Memory Generator module tb_bsu.ROM_TEST.bram16.inst.\native_mem_module.blk_mem_gen_v8_4_7_inst  is using a behavioral model for simulation which will not precisely model memory collision behavior.
 Block Memory Generator module loading initial data...
 Block Memory Generator data initialization complete.
Block Memory Generator module tb_bsu.ROM_TEST.bram17.inst.\native_mem_module.blk_mem_gen_v8_4_7_inst  is using a behavioral model for simulation which will not precisely model memory collision behavior.
 Block Memory Generator module loading initial data...
 Block Memory Generator data initialization complete.
Block Memory Generator module tb_bsu.ROM_TEST.bram18.inst.\native_mem_module.blk_mem_gen_v8_4_7_inst  is using a behavioral model for simulation which will not precisely model memory collision behavior.
 Block Memory Generator module loading initial data...
 Block Memory Generator data initialization complete.
Block Memory Generator module tb_bsu.ROM_TEST.bram19.inst.\native_mem_module.blk_mem_gen_v8_4_7_inst  is using a behavioral model for simulation which will not precisely model memory collision behavior.
INFO: [USF-XSim-96] XSim completed. Design snapshot 'tb_bsu_behav' loaded.
INFO: [USF-XSim-97] XSim simulation ran for 1000ns
launch_simulation: Time (s): cpu = 00:00:05 ; elapsed = 00:00:35 . Memory (MB): peak = 2752.648 ; gain = 0.000
close_sim
INFO: [Simtcl 6-16] Simulation closed
launch_simulation
Command: launch_simulation 
INFO: [Vivado 12-12493] Simulation top is 'tb_bsu'
WARNING: [Vivado 12-13340] Unable to auto find GCC executables from simulator install path! (path not set)
INFO: [Vivado 12-5682] Launching behavioral simulation in 'D:/KAN/FPGA_Prj/KAN_V1/KAN_V1.sim/sim_1/behav/xsim'
INFO: [SIM-utils-51] Simulation object is 'sim_1'
INFO: [SIM-utils-72] Using boost library from 'D:/Xilinx/Vivado/2023.2/tps/boost_1_72_0'
INFO: [USF-XSim-7] Finding pre-compiled libraries...
INFO: [USF-XSim-11] File 'D:/Xilinx/Vivado/2023.2/data/xsim/xsim.ini' copied to run dir:'D:/KAN/FPGA_Prj/KAN_V1/KAN_V1.sim/sim_1/behav/xsim'
INFO: [SIM-utils-54] Inspecting design source files for 'tb_bsu' in fileset 'sim_1'...
INFO: [SIM-utils-43] Exported 'D:/KAN/FPGA_Prj/KAN_V1/KAN_V1.sim/sim_1/behav/xsim/layer0_coeff_in0_out0.mif'
INFO: [SIM-utils-43] Exported 'D:/KAN/FPGA_Prj/KAN_V1/KAN_V1.sim/sim_1/behav/xsim/layer0_coeff_in0_out0.coe'
INFO: [SIM-utils-43] Exported 'D:/KAN/FPGA_Prj/KAN_V1/KAN_V1.sim/sim_1/behav/xsim/layer0_coeff_in0_out1.mif'
INFO: [SIM-utils-43] Exported 'D:/KAN/FPGA_Prj/KAN_V1/KAN_V1.sim/sim_1/behav/xsim/layer0_coeff_in0_out1.coe'
INFO: [SIM-utils-43] Exported 'D:/KAN/FPGA_Prj/KAN_V1/KAN_V1.sim/sim_1/behav/xsim/layer0_coeff_in0_out2.mif'
INFO: [SIM-utils-43] Exported 'D:/KAN/FPGA_Prj/KAN_V1/KAN_V1.sim/sim_1/behav/xsim/layer0_coeff_in0_out2.coe'
INFO: [SIM-utils-43] Exported 'D:/KAN/FPGA_Prj/KAN_V1/KAN_V1.sim/sim_1/behav/xsim/layer0_coeff_in0_out3.mif'
INFO: [SIM-utils-43] Exported 'D:/KAN/FPGA_Prj/KAN_V1/KAN_V1.sim/sim_1/behav/xsim/layer0_coeff_in0_out3.coe'
INFO: [SIM-utils-43] Exported 'D:/KAN/FPGA_Prj/KAN_V1/KAN_V1.sim/sim_1/behav/xsim/layer0_coeff_in0_out4.mif'
INFO: [SIM-utils-43] Exported 'D:/KAN/FPGA_Prj/KAN_V1/KAN_V1.sim/sim_1/behav/xsim/layer0_coeff_in0_out4.coe'
INFO: [SIM-utils-43] Exported 'D:/KAN/FPGA_Prj/KAN_V1/KAN_V1.sim/sim_1/behav/xsim/layer0_coeff_in1_out0.mif'
INFO: [SIM-utils-43] Exported 'D:/KAN/FPGA_Prj/KAN_V1/KAN_V1.sim/sim_1/behav/xsim/layer0_coeff_in1_out0.coe'
INFO: [SIM-utils-43] Exported 'D:/KAN/FPGA_Prj/KAN_V1/KAN_V1.sim/sim_1/behav/xsim/layer0_coeff_in1_out1.mif'
INFO: [SIM-utils-43] Exported 'D:/KAN/FPGA_Prj/KAN_V1/KAN_V1.sim/sim_1/behav/xsim/layer0_coeff_in1_out1.coe'
INFO: [SIM-utils-43] Exported 'D:/KAN/FPGA_Prj/KAN_V1/KAN_V1.sim/sim_1/behav/xsim/layer0_coeff_in1_out2.mif'
INFO: [SIM-utils-43] Exported 'D:/KAN/FPGA_Prj/KAN_V1/KAN_V1.sim/sim_1/behav/xsim/layer0_coeff_in1_out2.coe'
INFO: [SIM-utils-43] Exported 'D:/KAN/FPGA_Prj/KAN_V1/KAN_V1.sim/sim_1/behav/xsim/layer0_coeff_in1_out3.mif'
INFO: [SIM-utils-43] Exported 'D:/KAN/FPGA_Prj/KAN_V1/KAN_V1.sim/sim_1/behav/xsim/layer0_coeff_in1_out3.coe'
INFO: [SIM-utils-43] Exported 'D:/KAN/FPGA_Prj/KAN_V1/KAN_V1.sim/sim_1/behav/xsim/layer0_coeff_in1_out4.mif'
INFO: [SIM-utils-43] Exported 'D:/KAN/FPGA_Prj/KAN_V1/KAN_V1.sim/sim_1/behav/xsim/layer0_coeff_in1_out4.coe'
INFO: [SIM-utils-43] Exported 'D:/KAN/FPGA_Prj/KAN_V1/KAN_V1.sim/sim_1/behav/xsim/layer0_coeff_in2_out0.mif'
INFO: [SIM-utils-43] Exported 'D:/KAN/FPGA_Prj/KAN_V1/KAN_V1.sim/sim_1/behav/xsim/layer0_coeff_in2_out0.coe'
INFO: [SIM-utils-43] Exported 'D:/KAN/FPGA_Prj/KAN_V1/KAN_V1.sim/sim_1/behav/xsim/layer0_coeff_in2_out1.mif'
INFO: [SIM-utils-43] Exported 'D:/KAN/FPGA_Prj/KAN_V1/KAN_V1.sim/sim_1/behav/xsim/layer0_coeff_in2_out1.coe'
INFO: [SIM-utils-43] Exported 'D:/KAN/FPGA_Prj/KAN_V1/KAN_V1.sim/sim_1/behav/xsim/layer0_coeff_in2_out2.mif'
INFO: [SIM-utils-43] Exported 'D:/KAN/FPGA_Prj/KAN_V1/KAN_V1.sim/sim_1/behav/xsim/layer0_coeff_in2_out2.coe'
INFO: [SIM-utils-43] Exported 'D:/KAN/FPGA_Prj/KAN_V1/KAN_V1.sim/sim_1/behav/xsim/layer0_coeff_in2_out3.mif'
INFO: [SIM-utils-43] Exported 'D:/KAN/FPGA_Prj/KAN_V1/KAN_V1.sim/sim_1/behav/xsim/layer0_coeff_in2_out3.coe'
INFO: [SIM-utils-43] Exported 'D:/KAN/FPGA_Prj/KAN_V1/KAN_V1.sim/sim_1/behav/xsim/layer0_coeff_in2_out4.mif'
INFO: [SIM-utils-43] Exported 'D:/KAN/FPGA_Prj/KAN_V1/KAN_V1.sim/sim_1/behav/xsim/layer0_coeff_in2_out4.coe'
INFO: [SIM-utils-43] Exported 'D:/KAN/FPGA_Prj/KAN_V1/KAN_V1.sim/sim_1/behav/xsim/layer1_coeff_in0_out0.mif'
INFO: [SIM-utils-43] Exported 'D:/KAN/FPGA_Prj/KAN_V1/KAN_V1.sim/sim_1/behav/xsim/layer1_coeff_in0_out0.coe'
INFO: [SIM-utils-43] Exported 'D:/KAN/FPGA_Prj/KAN_V1/KAN_V1.sim/sim_1/behav/xsim/layer1_coeff_in1_out0.mif'
INFO: [SIM-utils-43] Exported 'D:/KAN/FPGA_Prj/KAN_V1/KAN_V1.sim/sim_1/behav/xsim/layer1_coeff_in1_out0.coe'
INFO: [SIM-utils-43] Exported 'D:/KAN/FPGA_Prj/KAN_V1/KAN_V1.sim/sim_1/behav/xsim/layer1_coeff_in2_out0.mif'
INFO: [SIM-utils-43] Exported 'D:/KAN/FPGA_Prj/KAN_V1/KAN_V1.sim/sim_1/behav/xsim/layer1_coeff_in2_out0.coe'
INFO: [SIM-utils-43] Exported 'D:/KAN/FPGA_Prj/KAN_V1/KAN_V1.sim/sim_1/behav/xsim/layer1_coeff_in3_out0.mif'
INFO: [SIM-utils-43] Exported 'D:/KAN/FPGA_Prj/KAN_V1/KAN_V1.sim/sim_1/behav/xsim/layer1_coeff_in3_out0.coe'
INFO: [SIM-utils-43] Exported 'D:/KAN/FPGA_Prj/KAN_V1/KAN_V1.sim/sim_1/behav/xsim/layer1_coeff_in4_out0.mif'
INFO: [SIM-utils-43] Exported 'D:/KAN/FPGA_Prj/KAN_V1/KAN_V1.sim/sim_1/behav/xsim/layer1_coeff_in4_out0.coe'
INFO: [USF-XSim-97] Finding global include files...
INFO: [USF-XSim-98] Fetching design files from 'sim_1'...
INFO: [USF-XSim-2] XSim::Compile design
INFO: [USF-XSim-61] Executing 'COMPILE and ANALYZE' step in 'D:/KAN/FPGA_Prj/KAN_V1/KAN_V1.sim/sim_1/behav/xsim'
"xvlog --incr --relax -L uvm -prj tb_bsu_vlog.prj"
ECHO 处于关闭状态。
ECHO 处于关闭状态。
INFO: [VRFC 10-2263] Analyzing Verilog file "D:/KAN/FPGA_Prj/KAN_V1/KAN_V1.gen/sources_1/ip/layer1_coeff_in4_out0/sim/layer1_coeff_in4_out0.v" into library xil_defaultlib
INFO: [VRFC 10-311] analyzing module layer1_coeff_in4_out0
INFO: [VRFC 10-2263] Analyzing Verilog file "D:/KAN/FPGA_Prj/KAN_V1/KAN_V1.gen/sources_1/ip/layer1_coeff_in3_out0/sim/layer1_coeff_in3_out0.v" into library xil_defaultlib
INFO: [VRFC 10-311] analyzing module layer1_coeff_in3_out0
INFO: [VRFC 10-2263] Analyzing Verilog file "D:/KAN/FPGA_Prj/KAN_V1/KAN_V1.gen/sources_1/ip/layer1_coeff_in2_out0/sim/layer1_coeff_in2_out0.v" into library xil_defaultlib
INFO: [VRFC 10-311] analyzing module layer1_coeff_in2_out0
INFO: [VRFC 10-2263] Analyzing Verilog file "D:/KAN/FPGA_Prj/KAN_V1/KAN_V1.gen/sources_1/ip/layer1_coeff_in1_out0/sim/layer1_coeff_in1_out0.v" into library xil_defaultlib
INFO: [VRFC 10-311] analyzing module layer1_coeff_in1_out0
INFO: [VRFC 10-2263] Analyzing Verilog file "D:/KAN/FPGA_Prj/KAN_V1/KAN_V1.gen/sources_1/ip/layer1_coeff_in0_out0/sim/layer1_coeff_in0_out0.v" into library xil_defaultlib
INFO: [VRFC 10-311] analyzing module layer1_coeff_in0_out0
INFO: [VRFC 10-2263] Analyzing Verilog file "D:/KAN/FPGA_Prj/KAN_V1/KAN_V1.gen/sources_1/ip/layer0_coeff_in2_out4/sim/layer0_coeff_in2_out4.v" into library xil_defaultlib
INFO: [VRFC 10-311] analyzing module layer0_coeff_in2_out4
INFO: [VRFC 10-2263] Analyzing Verilog file "D:/KAN/FPGA_Prj/KAN_V1/KAN_V1.gen/sources_1/ip/layer0_coeff_in2_out3/sim/layer0_coeff_in2_out3.v" into library xil_defaultlib
INFO: [VRFC 10-311] analyzing module layer0_coeff_in2_out3
INFO: [VRFC 10-2263] Analyzing Verilog file "D:/KAN/FPGA_Prj/KAN_V1/KAN_V1.gen/sources_1/ip/layer0_coeff_in2_out2/sim/layer0_coeff_in2_out2.v" into library xil_defaultlib
INFO: [VRFC 10-311] analyzing module layer0_coeff_in2_out2
INFO: [VRFC 10-2263] Analyzing Verilog file "D:/KAN/FPGA_Prj/KAN_V1/KAN_V1.gen/sources_1/ip/layer0_coeff_in2_out1/sim/layer0_coeff_in2_out1.v" into library xil_defaultlib
INFO: [VRFC 10-311] analyzing module layer0_coeff_in2_out1
INFO: [VRFC 10-2263] Analyzing Verilog file "D:/KAN/FPGA_Prj/KAN_V1/KAN_V1.gen/sources_1/ip/layer0_coeff_in2_out0/sim/layer0_coeff_in2_out0.v" into library xil_defaultlib
INFO: [VRFC 10-311] analyzing module layer0_coeff_in2_out0
INFO: [VRFC 10-2263] Analyzing Verilog file "D:/KAN/FPGA_Prj/KAN_V1/KAN_V1.gen/sources_1/ip/layer0_coeff_in1_out4/sim/layer0_coeff_in1_out4.v" into library xil_defaultlib
INFO: [VRFC 10-311] analyzing module layer0_coeff_in1_out4
INFO: [VRFC 10-2263] Analyzing Verilog file "D:/KAN/FPGA_Prj/KAN_V1/KAN_V1.gen/sources_1/ip/layer0_coeff_in1_out3/sim/layer0_coeff_in1_out3.v" into library xil_defaultlib
INFO: [VRFC 10-311] analyzing module layer0_coeff_in1_out3
INFO: [VRFC 10-2263] Analyzing Verilog file "D:/KAN/FPGA_Prj/KAN_V1/KAN_V1.gen/sources_1/ip/layer0_coeff_in1_out2/sim/layer0_coeff_in1_out2.v" into library xil_defaultlib
INFO: [VRFC 10-311] analyzing module layer0_coeff_in1_out2
INFO: [VRFC 10-2263] Analyzing Verilog file "D:/KAN/FPGA_Prj/KAN_V1/KAN_V1.gen/sources_1/ip/layer0_coeff_in1_out1/sim/layer0_coeff_in1_out1.v" into library xil_defaultlib
INFO: [VRFC 10-311] analyzing module layer0_coeff_in1_out1
INFO: [VRFC 10-2263] Analyzing Verilog file "D:/KAN/FPGA_Prj/KAN_V1/KAN_V1.gen/sources_1/ip/layer0_coeff_in1_out0/sim/layer0_coeff_in1_out0.v" into library xil_defaultlib
INFO: [VRFC 10-311] analyzing module layer0_coeff_in1_out0
INFO: [VRFC 10-2263] Analyzing Verilog file "D:/KAN/FPGA_Prj/KAN_V1/KAN_V1.gen/sources_1/ip/layer0_coeff_in0_out4/sim/layer0_coeff_in0_out4.v" into library xil_defaultlib
INFO: [VRFC 10-311] analyzing module layer0_coeff_in0_out4
INFO: [VRFC 10-2263] Analyzing Verilog file "D:/KAN/FPGA_Prj/KAN_V1/KAN_V1.gen/sources_1/ip/layer0_coeff_in0_out3/sim/layer0_coeff_in0_out3.v" into library xil_defaultlib
INFO: [VRFC 10-311] analyzing module layer0_coeff_in0_out3
INFO: [VRFC 10-2263] Analyzing Verilog file "D:/KAN/FPGA_Prj/KAN_V1/KAN_V1.gen/sources_1/ip/layer0_coeff_in0_out2/sim/layer0_coeff_in0_out2.v" into library xil_defaultlib
INFO: [VRFC 10-311] analyzing module layer0_coeff_in0_out2
INFO: [VRFC 10-2263] Analyzing Verilog file "D:/KAN/FPGA_Prj/KAN_V1/KAN_V1.gen/sources_1/ip/layer0_coeff_in0_out1/sim/layer0_coeff_in0_out1.v" into library xil_defaultlib
INFO: [VRFC 10-311] analyzing module layer0_coeff_in0_out1
INFO: [VRFC 10-2263] Analyzing Verilog file "D:/KAN/FPGA_Prj/KAN_V1/KAN_V1.gen/sources_1/ip/layer0_coeff_in0_out0/sim/layer0_coeff_in0_out0.v" into library xil_defaultlib
INFO: [VRFC 10-311] analyzing module layer0_coeff_in0_out0
INFO: [VRFC 10-2263] Analyzing Verilog file "D:/KAN/FPGA_Prj/KAN_V1/KAN_V1.srcs/sources_1/new/BSU.v" into library xil_defaultlib
INFO: [VRFC 10-311] analyzing module BSU
INFO: [VRFC 10-2263] Analyzing Verilog file "D:/KAN/FPGA_Prj/KAN_V1/KAN_V1.srcs/sources_1/new/internal_finder.v" into library xil_defaultlib
INFO: [VRFC 10-311] analyzing module internal_finder
INFO: [VRFC 10-2263] Analyzing Verilog file "D:/KAN/FPGA_Prj/KAN_V1/KAN_V1.srcs/sources_1/new/mac.v" into library xil_defaultlib
INFO: [VRFC 10-311] analyzing module mac
INFO: [VRFC 10-2263] Analyzing Verilog file "D:/KAN/FPGA_Prj/KAN_V1/KAN_V1.srcs/sources_1/new/multiplier.v" into library xil_defaultlib
INFO: [VRFC 10-311] analyzing module multiplier
INFO: [USF-XSim-69] 'compile' step finished in '3' seconds
INFO: [USF-XSim-3] XSim::Elaborate design
INFO: [USF-XSim-61] Executing 'ELABORATE' step in 'D:/KAN/FPGA_Prj/KAN_V1/KAN_V1.sim/sim_1/behav/xsim'
"xelab --incr --debug typical --relax --mt 2 -L xil_defaultlib -L blk_mem_gen_v8_4_7 -L uvm -L unisims_ver -L unimacro_ver -L secureip -L xpm --snapshot tb_bsu_behav xil_defaultlib.tb_bsu xil_defaultlib.glbl -log elaborate.log"
ECHO 处于关闭状态。
ECHO 处于关闭状态。
Vivado Simulator v2023.2
Copyright 1986-2022 Xilinx, Inc. All Rights Reserved.
Copyright 2022-2023 Advanced Micro Devices, Inc. All Rights Reserved.
Running: D:/Xilinx/Vivado/2023.2/bin/unwrapped/win64.o/xelab.exe --incr --debug typical --relax --mt 2 -L xil_defaultlib -L blk_mem_gen_v8_4_7 -L uvm -L unisims_ver -L unimacro_ver -L secureip -L xpm --snapshot tb_bsu_behav xil_defaultlib.tb_bsu xil_defaultlib.glbl -log elaborate.log 
Using 2 slave threads.
Starting static elaboration
Pass Through NonSizing Optimizer
WARNING: [VRFC 10-3091] actual bit length 32 differs from formal bit length 5 for port 'channel0_cs' [D:/KAN/FPGA_Prj/KAN_V1/KAN_V1.srcs/sim_1/new/tb_bsu.v:46]
WARNING: [VRFC 10-3091] actual bit length 32 differs from formal bit length 7 for port 'addra' [D:/KAN/FPGA_Prj/KAN_V1/KAN_V1.srcs/sources_1/new/Coeff_Rom.sv:211]
WARNING: [VRFC 10-3091] actual bit length 32 differs from formal bit length 6 for port 'addra' [D:/KAN/FPGA_Prj/KAN_V1/KAN_V1.srcs/sources_1/new/Coeff_Rom.sv:217]
WARNING: [VRFC 10-3091] actual bit length 32 differs from formal bit length 6 for port 'addra' [D:/KAN/FPGA_Prj/KAN_V1/KAN_V1.srcs/sources_1/new/Coeff_Rom.sv:223]
WARNING: [VRFC 10-3091] actual bit length 32 differs from formal bit length 6 for port 'addra' [D:/KAN/FPGA_Prj/KAN_V1/KAN_V1.srcs/sources_1/new/Coeff_Rom.sv:229]
WARNING: [VRFC 10-3091] actual bit length 32 differs from formal bit length 6 for port 'addra' [D:/KAN/FPGA_Prj/KAN_V1/KAN_V1.srcs/sources_1/new/Coeff_Rom.sv:235]
WARNING: [VRFC 10-3091] actual bit length 32 differs from formal bit length 6 for port 'addra' [D:/KAN/FPGA_Prj/KAN_V1/KAN_V1.srcs/sources_1/new/Coeff_Rom.sv:243]
WARNING: [VRFC 10-3091] actual bit length 32 differs from formal bit length 6 for port 'addra' [D:/KAN/FPGA_Prj/KAN_V1/KAN_V1.srcs/sources_1/new/Coeff_Rom.sv:249]
WARNING: [VRFC 10-3091] actual bit length 32 differs from formal bit length 6 for port 'addra' [D:/KAN/FPGA_Prj/KAN_V1/KAN_V1.srcs/sources_1/new/Coeff_Rom.sv:255]
WARNING: [VRFC 10-3091] actual bit length 32 differs from formal bit length 6 for port 'addra' [D:/KAN/FPGA_Prj/KAN_V1/KAN_V1.srcs/sources_1/new/Coeff_Rom.sv:262]
WARNING: [VRFC 10-3091] actual bit length 32 differs from formal bit length 6 for port 'addra' [D:/KAN/FPGA_Prj/KAN_V1/KAN_V1.srcs/sources_1/new/Coeff_Rom.sv:269]
WARNING: [VRFC 10-3091] actual bit length 32 differs from formal bit length 6 for port 'addra' [D:/KAN/FPGA_Prj/KAN_V1/KAN_V1.srcs/sources_1/new/Coeff_Rom.sv:276]
WARNING: [VRFC 10-3091] actual bit length 32 differs from formal bit length 6 for port 'addra' [D:/KAN/FPGA_Prj/KAN_V1/KAN_V1.srcs/sources_1/new/Coeff_Rom.sv:282]
WARNING: [VRFC 10-3091] actual bit length 32 differs from formal bit length 6 for port 'addra' [D:/KAN/FPGA_Prj/KAN_V1/KAN_V1.srcs/sources_1/new/Coeff_Rom.sv:288]
WARNING: [VRFC 10-3091] actual bit length 32 differs from formal bit length 6 for port 'addra' [D:/KAN/FPGA_Prj/KAN_V1/KAN_V1.srcs/sources_1/new/Coeff_Rom.sv:294]
WARNING: [VRFC 10-3091] actual bit length 32 differs from formal bit length 6 for port 'addra' [D:/KAN/FPGA_Prj/KAN_V1/KAN_V1.srcs/sources_1/new/Coeff_Rom.sv:300]
WARNING: [VRFC 10-3091] actual bit length 32 differs from formal bit length 6 for port 'addra' [D:/KAN/FPGA_Prj/KAN_V1/KAN_V1.srcs/sources_1/new/Coeff_Rom.sv:307]
WARNING: [VRFC 10-3091] actual bit length 32 differs from formal bit length 6 for port 'addra' [D:/KAN/FPGA_Prj/KAN_V1/KAN_V1.srcs/sources_1/new/Coeff_Rom.sv:313]
WARNING: [VRFC 10-3091] actual bit length 32 differs from formal bit length 6 for port 'addra' [D:/KAN/FPGA_Prj/KAN_V1/KAN_V1.srcs/sources_1/new/Coeff_Rom.sv:319]
WARNING: [VRFC 10-3091] actual bit length 32 differs from formal bit length 6 for port 'addra' [D:/KAN/FPGA_Prj/KAN_V1/KAN_V1.srcs/sources_1/new/Coeff_Rom.sv:325]
WARNING: [VRFC 10-3091] actual bit length 32 differs from formal bit length 6 for port 'addra' [D:/KAN/FPGA_Prj/KAN_V1/KAN_V1.srcs/sources_1/new/Coeff_Rom.sv:331]
Completed static elaboration
Starting simulation data flow analysis
Completed simulation data flow analysis
Time Resolution for simulation is 1ps
Compiling module blk_mem_gen_v8_4_7.blk_mem_gen_v8_4_7_output_stage(...
Compiling module blk_mem_gen_v8_4_7.blk_mem_gen_v8_4_7_softecc_outpu...
Compiling module blk_mem_gen_v8_4_7.blk_mem_gen_v8_4_7_mem_module(C_...
Compiling module blk_mem_gen_v8_4_7.blk_mem_gen_v8_4_7(C_FAMILY="zyn...
Compiling module xil_defaultlib.layer0_coeff_in0_out0
Compiling module blk_mem_gen_v8_4_7.blk_mem_gen_v8_4_7_output_stage(...
Compiling module blk_mem_gen_v8_4_7.blk_mem_gen_v8_4_7_softecc_outpu...
Compiling module blk_mem_gen_v8_4_7.blk_mem_gen_v8_4_7_mem_module(C_...
Compiling module blk_mem_gen_v8_4_7.blk_mem_gen_v8_4_7(C_FAMILY="zyn...
Compiling module xil_defaultlib.layer0_coeff_in0_out1
Compiling module blk_mem_gen_v8_4_7.blk_mem_gen_v8_4_7_mem_module(C_...
Compiling module blk_mem_gen_v8_4_7.blk_mem_gen_v8_4_7(C_FAMILY="zyn...
Compiling module xil_defaultlib.layer0_coeff_in0_out2
Compiling module blk_mem_gen_v8_4_7.blk_mem_gen_v8_4_7_mem_module(C_...
Compiling module blk_mem_gen_v8_4_7.blk_mem_gen_v8_4_7(C_FAMILY="zyn...
Compiling module xil_defaultlib.layer0_coeff_in0_out3
Compiling module blk_mem_gen_v8_4_7.blk_mem_gen_v8_4_7_mem_module(C_...
Compiling module blk_mem_gen_v8_4_7.blk_mem_gen_v8_4_7(C_FAMILY="zyn...
Compiling module xil_defaultlib.layer0_coeff_in0_out4
Compiling module blk_mem_gen_v8_4_7.blk_mem_gen_v8_4_7_mem_module(C_...
Compiling module blk_mem_gen_v8_4_7.blk_mem_gen_v8_4_7(C_FAMILY="zyn...
Compiling module xil_defaultlib.layer0_coeff_in1_out0
Compiling module blk_mem_gen_v8_4_7.blk_mem_gen_v8_4_7_mem_module(C_...
Compiling module blk_mem_gen_v8_4_7.blk_mem_gen_v8_4_7(C_FAMILY="zyn...
Compiling module xil_defaultlib.layer0_coeff_in1_out1
Compiling module blk_mem_gen_v8_4_7.blk_mem_gen_v8_4_7_mem_module(C_...
Compiling module blk_mem_gen_v8_4_7.blk_mem_gen_v8_4_7(C_FAMILY="zyn...
Compiling module xil_defaultlib.layer0_coeff_in1_out2
Compiling module blk_mem_gen_v8_4_7.blk_mem_gen_v8_4_7_mem_module(C_...
Compiling module blk_mem_gen_v8_4_7.blk_mem_gen_v8_4_7(C_FAMILY="zyn...
Compiling module xil_defaultlib.layer0_coeff_in1_out3
Compiling module blk_mem_gen_v8_4_7.blk_mem_gen_v8_4_7_mem_module(C_...
Compiling module blk_mem_gen_v8_4_7.blk_mem_gen_v8_4_7(C_FAMILY="zyn...
Compiling module xil_defaultlib.layer0_coeff_in1_out4
Compiling module blk_mem_gen_v8_4_7.blk_mem_gen_v8_4_7_mem_module(C_...
Compiling module blk_mem_gen_v8_4_7.blk_mem_gen_v8_4_7(C_FAMILY="zyn...
Compiling module xil_defaultlib.layer0_coeff_in2_out0
Compiling module blk_mem_gen_v8_4_7.blk_mem_gen_v8_4_7_mem_module(C_...
Compiling module blk_mem_gen_v8_4_7.blk_mem_gen_v8_4_7(C_FAMILY="zyn...
Compiling module xil_defaultlib.layer0_coeff_in2_out1
Compiling module blk_mem_gen_v8_4_7.blk_mem_gen_v8_4_7_mem_module(C_...
Compiling module blk_mem_gen_v8_4_7.blk_mem_gen_v8_4_7(C_FAMILY="zyn...
Compiling module xil_defaultlib.layer0_coeff_in2_out2
Compiling module blk_mem_gen_v8_4_7.blk_mem_gen_v8_4_7_mem_module(C_...
Compiling module blk_mem_gen_v8_4_7.blk_mem_gen_v8_4_7(C_FAMILY="zyn...
Compiling module xil_defaultlib.layer0_coeff_in2_out3
Compiling module blk_mem_gen_v8_4_7.blk_mem_gen_v8_4_7_mem_module(C_...
Compiling module blk_mem_gen_v8_4_7.blk_mem_gen_v8_4_7(C_FAMILY="zyn...
Compiling module xil_defaultlib.layer0_coeff_in2_out4
Compiling module blk_mem_gen_v8_4_7.blk_mem_gen_v8_4_7_mem_module(C_...
Compiling module blk_mem_gen_v8_4_7.blk_mem_gen_v8_4_7(C_FAMILY="zyn...
Compiling module xil_defaultlib.layer1_coeff_in0_out0
Compiling module blk_mem_gen_v8_4_7.blk_mem_gen_v8_4_7_mem_module(C_...
Compiling module blk_mem_gen_v8_4_7.blk_mem_gen_v8_4_7(C_FAMILY="zyn...
Compiling module xil_defaultlib.layer1_coeff_in1_out0
Compiling module blk_mem_gen_v8_4_7.blk_mem_gen_v8_4_7_mem_module(C_...
Compiling module blk_mem_gen_v8_4_7.blk_mem_gen_v8_4_7(C_FAMILY="zyn...
Compiling module xil_defaultlib.layer1_coeff_in2_out0
Compiling module blk_mem_gen_v8_4_7.blk_mem_gen_v8_4_7_mem_module(C_...
Compiling module blk_mem_gen_v8_4_7.blk_mem_gen_v8_4_7(C_FAMILY="zyn...
Compiling module xil_defaultlib.layer1_coeff_in3_out0
Compiling module blk_mem_gen_v8_4_7.blk_mem_gen_v8_4_7_mem_module(C_...
Compiling module blk_mem_gen_v8_4_7.blk_mem_gen_v8_4_7(C_FAMILY="zyn...
Compiling module xil_defaultlib.layer1_coeff_in4_out0
Compiling module xil_defaultlib.Coeff_Rom
Compiling module xil_defaultlib.internal_finder
Compiling module xil_defaultlib.multiplier
Compiling module xil_defaultlib.mac
Compiling module xil_defaultlib.BSU
Compiling module xil_defaultlib.tb_bsu
Compiling module xil_defaultlib.glbl
Built simulation snapshot tb_bsu_behav
run_program: Time (s): cpu = 00:00:01 ; elapsed = 00:00:28 . Memory (MB): peak = 2752.648 ; gain = 0.000
INFO: [USF-XSim-69] 'elaborate' step finished in '27' seconds
INFO: [USF-XSim-4] XSim::Simulate design
INFO: [USF-XSim-61] Executing 'SIMULATE' step in 'D:/KAN/FPGA_Prj/KAN_V1/KAN_V1.sim/sim_1/behav/xsim'
INFO: [USF-XSim-98] *** Running xsim
   with args "tb_bsu_behav -key {Behavioral:sim_1:Functional:tb_bsu} -tclbatch {tb_bsu.tcl} -view {D:/KAN/FPGA_Prj/KAN_V1/tb_module_behav.wcfg} -log {simulate.log}"
INFO: [USF-XSim-8] Loading simulator feature
Time resolution is 1 ps
open_wave_config D:/KAN/FPGA_Prj/KAN_V1/tb_module_behav.wcfg
source tb_bsu.tcl
# set curr_wave [current_wave_config]
# if { [string length $curr_wave] == 0 } {
#   if { [llength [get_objects]] > 0} {
#     add_wave /
#     set_property needs_save false [current_wave_config]
#   } else {
#      send_msg_id Add_Wave-1 WARNING "No top level signals found. Simulator will start without a wave window. If you want to open a wave window go to 'File->New Waveform Configuration' or type 'create_wave_config' in the TCL console."
#   }
# }
# run 1000ns
 Block Memory Generator module loading initial data...
 Block Memory Generator data initialization complete.
Block Memory Generator module tb_bsu.ROM_TEST.bram0.inst.\native_mem_module.blk_mem_gen_v8_4_7_inst  is using a behavioral model for simulation which will not precisely model memory collision behavior.
 Block Memory Generator module loading initial data...
 Block Memory Generator data initialization complete.
Block Memory Generator module tb_bsu.ROM_TEST.bram1.inst.\native_mem_module.blk_mem_gen_v8_4_7_inst  is using a behavioral model for simulation which will not precisely model memory collision behavior.
 Block Memory Generator module loading initial data...
 Block Memory Generator data initialization complete.
Block Memory Generator module tb_bsu.ROM_TEST.bram2.inst.\native_mem_module.blk_mem_gen_v8_4_7_inst  is using a behavioral model for simulation which will not precisely model memory collision behavior.
 Block Memory Generator module loading initial data...
 Block Memory Generator data initialization complete.
Block Memory Generator module tb_bsu.ROM_TEST.bram3.inst.\native_mem_module.blk_mem_gen_v8_4_7_inst  is using a behavioral model for simulation which will not precisely model memory collision behavior.
 Block Memory Generator module loading initial data...
 Block Memory Generator data initialization complete.
Block Memory Generator module tb_bsu.ROM_TEST.bram4.inst.\native_mem_module.blk_mem_gen_v8_4_7_inst  is using a behavioral model for simulation which will not precisely model memory collision behavior.
 Block Memory Generator module loading initial data...
 Block Memory Generator data initialization complete.
Block Memory Generator module tb_bsu.ROM_TEST.bram5.inst.\native_mem_module.blk_mem_gen_v8_4_7_inst  is using a behavioral model for simulation which will not precisely model memory collision behavior.
 Block Memory Generator module loading initial data...
 Block Memory Generator data initialization complete.
Block Memory Generator module tb_bsu.ROM_TEST.bram6.inst.\native_mem_module.blk_mem_gen_v8_4_7_inst  is using a behavioral model for simulation which will not precisely model memory collision behavior.
 Block Memory Generator module loading initial data...
 Block Memory Generator data initialization complete.
Block Memory Generator module tb_bsu.ROM_TEST.bram7.inst.\native_mem_module.blk_mem_gen_v8_4_7_inst  is using a behavioral model for simulation which will not precisely model memory collision behavior.
 Block Memory Generator module loading initial data...
 Block Memory Generator data initialization complete.
Block Memory Generator module tb_bsu.ROM_TEST.bram8.inst.\native_mem_module.blk_mem_gen_v8_4_7_inst  is using a behavioral model for simulation which will not precisely model memory collision behavior.
 Block Memory Generator module loading initial data...
 Block Memory Generator data initialization complete.
Block Memory Generator module tb_bsu.ROM_TEST.bram9.inst.\native_mem_module.blk_mem_gen_v8_4_7_inst  is using a behavioral model for simulation which will not precisely model memory collision behavior.
 Block Memory Generator module loading initial data...
 Block Memory Generator data initialization complete.
Block Memory Generator module tb_bsu.ROM_TEST.bram10.inst.\native_mem_module.blk_mem_gen_v8_4_7_inst  is using a behavioral model for simulation which will not precisely model memory collision behavior.
 Block Memory Generator module loading initial data...
 Block Memory Generator data initialization complete.
Block Memory Generator module tb_bsu.ROM_TEST.bram11.inst.\native_mem_module.blk_mem_gen_v8_4_7_inst  is using a behavioral model for simulation which will not precisely model memory collision behavior.
 Block Memory Generator module loading initial data...
 Block Memory Generator data initialization complete.
Block Memory Generator module tb_bsu.ROM_TEST.bram12.inst.\native_mem_module.blk_mem_gen_v8_4_7_inst  is using a behavioral model for simulation which will not precisely model memory collision behavior.
 Block Memory Generator module loading initial data...
 Block Memory Generator data initialization complete.
Block Memory Generator module tb_bsu.ROM_TEST.bram13.inst.\native_mem_module.blk_mem_gen_v8_4_7_inst  is using a behavioral model for simulation which will not precisely model memory collision behavior.
 Block Memory Generator module loading initial data...
 Block Memory Generator data initialization complete.
Block Memory Generator module tb_bsu.ROM_TEST.bram14.inst.\native_mem_module.blk_mem_gen_v8_4_7_inst  is using a behavioral model for simulation which will not precisely model memory collision behavior.
 Block Memory Generator module loading initial data...
 Block Memory Generator data initialization complete.
Block Memory Generator module tb_bsu.ROM_TEST.bram15.inst.\native_mem_module.blk_mem_gen_v8_4_7_inst  is using a behavioral model for simulation which will not precisely model memory collision behavior.
 Block Memory Generator module loading initial data...
 Block Memory Generator data initialization complete.
Block Memory Generator module tb_bsu.ROM_TEST.bram16.inst.\native_mem_module.blk_mem_gen_v8_4_7_inst  is using a behavioral model for simulation which will not precisely model memory collision behavior.
 Block Memory Generator module loading initial data...
 Block Memory Generator data initialization complete.
Block Memory Generator module tb_bsu.ROM_TEST.bram17.inst.\native_mem_module.blk_mem_gen_v8_4_7_inst  is using a behavioral model for simulation which will not precisely model memory collision behavior.
 Block Memory Generator module loading initial data...
 Block Memory Generator data initialization complete.
Block Memory Generator module tb_bsu.ROM_TEST.bram18.inst.\native_mem_module.blk_mem_gen_v8_4_7_inst  is using a behavioral model for simulation which will not precisely model memory collision behavior.
 Block Memory Generator module loading initial data...
 Block Memory Generator data initialization complete.
Block Memory Generator module tb_bsu.ROM_TEST.bram19.inst.\native_mem_module.blk_mem_gen_v8_4_7_inst  is using a behavioral model for simulation which will not precisely model memory collision behavior.
INFO: [USF-XSim-96] XSim completed. Design snapshot 'tb_bsu_behav' loaded.
INFO: [USF-XSim-97] XSim simulation ran for 1000ns
launch_simulation: Time (s): cpu = 00:00:03 ; elapsed = 00:00:34 . Memory (MB): peak = 2752.648 ; gain = 0.000
close_sim
INFO: [Simtcl 6-16] Simulation closed
launch_simulation
Command: launch_simulation 
INFO: [Vivado 12-12493] Simulation top is 'tb_bsu'
WARNING: [Vivado 12-13340] Unable to auto find GCC executables from simulator install path! (path not set)
INFO: [Vivado 12-5682] Launching behavioral simulation in 'D:/KAN/FPGA_Prj/KAN_V1/KAN_V1.sim/sim_1/behav/xsim'
INFO: [SIM-utils-51] Simulation object is 'sim_1'
INFO: [SIM-utils-72] Using boost library from 'D:/Xilinx/Vivado/2023.2/tps/boost_1_72_0'
INFO: [USF-XSim-7] Finding pre-compiled libraries...
INFO: [USF-XSim-11] File 'D:/Xilinx/Vivado/2023.2/data/xsim/xsim.ini' copied to run dir:'D:/KAN/FPGA_Prj/KAN_V1/KAN_V1.sim/sim_1/behav/xsim'
INFO: [SIM-utils-54] Inspecting design source files for 'tb_bsu' in fileset 'sim_1'...
INFO: [SIM-utils-43] Exported 'D:/KAN/FPGA_Prj/KAN_V1/KAN_V1.sim/sim_1/behav/xsim/layer0_coeff_in0_out0.mif'
INFO: [SIM-utils-43] Exported 'D:/KAN/FPGA_Prj/KAN_V1/KAN_V1.sim/sim_1/behav/xsim/layer0_coeff_in0_out0.coe'
INFO: [SIM-utils-43] Exported 'D:/KAN/FPGA_Prj/KAN_V1/KAN_V1.sim/sim_1/behav/xsim/layer0_coeff_in0_out1.mif'
INFO: [SIM-utils-43] Exported 'D:/KAN/FPGA_Prj/KAN_V1/KAN_V1.sim/sim_1/behav/xsim/layer0_coeff_in0_out1.coe'
INFO: [SIM-utils-43] Exported 'D:/KAN/FPGA_Prj/KAN_V1/KAN_V1.sim/sim_1/behav/xsim/layer0_coeff_in0_out2.mif'
INFO: [SIM-utils-43] Exported 'D:/KAN/FPGA_Prj/KAN_V1/KAN_V1.sim/sim_1/behav/xsim/layer0_coeff_in0_out2.coe'
INFO: [SIM-utils-43] Exported 'D:/KAN/FPGA_Prj/KAN_V1/KAN_V1.sim/sim_1/behav/xsim/layer0_coeff_in0_out3.mif'
INFO: [SIM-utils-43] Exported 'D:/KAN/FPGA_Prj/KAN_V1/KAN_V1.sim/sim_1/behav/xsim/layer0_coeff_in0_out3.coe'
INFO: [SIM-utils-43] Exported 'D:/KAN/FPGA_Prj/KAN_V1/KAN_V1.sim/sim_1/behav/xsim/layer0_coeff_in0_out4.mif'
INFO: [SIM-utils-43] Exported 'D:/KAN/FPGA_Prj/KAN_V1/KAN_V1.sim/sim_1/behav/xsim/layer0_coeff_in0_out4.coe'
INFO: [SIM-utils-43] Exported 'D:/KAN/FPGA_Prj/KAN_V1/KAN_V1.sim/sim_1/behav/xsim/layer0_coeff_in1_out0.mif'
INFO: [SIM-utils-43] Exported 'D:/KAN/FPGA_Prj/KAN_V1/KAN_V1.sim/sim_1/behav/xsim/layer0_coeff_in1_out0.coe'
INFO: [SIM-utils-43] Exported 'D:/KAN/FPGA_Prj/KAN_V1/KAN_V1.sim/sim_1/behav/xsim/layer0_coeff_in1_out1.mif'
INFO: [SIM-utils-43] Exported 'D:/KAN/FPGA_Prj/KAN_V1/KAN_V1.sim/sim_1/behav/xsim/layer0_coeff_in1_out1.coe'
INFO: [SIM-utils-43] Exported 'D:/KAN/FPGA_Prj/KAN_V1/KAN_V1.sim/sim_1/behav/xsim/layer0_coeff_in1_out2.mif'
INFO: [SIM-utils-43] Exported 'D:/KAN/FPGA_Prj/KAN_V1/KAN_V1.sim/sim_1/behav/xsim/layer0_coeff_in1_out2.coe'
INFO: [SIM-utils-43] Exported 'D:/KAN/FPGA_Prj/KAN_V1/KAN_V1.sim/sim_1/behav/xsim/layer0_coeff_in1_out3.mif'
INFO: [SIM-utils-43] Exported 'D:/KAN/FPGA_Prj/KAN_V1/KAN_V1.sim/sim_1/behav/xsim/layer0_coeff_in1_out3.coe'
INFO: [SIM-utils-43] Exported 'D:/KAN/FPGA_Prj/KAN_V1/KAN_V1.sim/sim_1/behav/xsim/layer0_coeff_in1_out4.mif'
INFO: [SIM-utils-43] Exported 'D:/KAN/FPGA_Prj/KAN_V1/KAN_V1.sim/sim_1/behav/xsim/layer0_coeff_in1_out4.coe'
INFO: [SIM-utils-43] Exported 'D:/KAN/FPGA_Prj/KAN_V1/KAN_V1.sim/sim_1/behav/xsim/layer0_coeff_in2_out0.mif'
INFO: [SIM-utils-43] Exported 'D:/KAN/FPGA_Prj/KAN_V1/KAN_V1.sim/sim_1/behav/xsim/layer0_coeff_in2_out0.coe'
INFO: [SIM-utils-43] Exported 'D:/KAN/FPGA_Prj/KAN_V1/KAN_V1.sim/sim_1/behav/xsim/layer0_coeff_in2_out1.mif'
INFO: [SIM-utils-43] Exported 'D:/KAN/FPGA_Prj/KAN_V1/KAN_V1.sim/sim_1/behav/xsim/layer0_coeff_in2_out1.coe'
INFO: [SIM-utils-43] Exported 'D:/KAN/FPGA_Prj/KAN_V1/KAN_V1.sim/sim_1/behav/xsim/layer0_coeff_in2_out2.mif'
INFO: [SIM-utils-43] Exported 'D:/KAN/FPGA_Prj/KAN_V1/KAN_V1.sim/sim_1/behav/xsim/layer0_coeff_in2_out2.coe'
INFO: [SIM-utils-43] Exported 'D:/KAN/FPGA_Prj/KAN_V1/KAN_V1.sim/sim_1/behav/xsim/layer0_coeff_in2_out3.mif'
INFO: [SIM-utils-43] Exported 'D:/KAN/FPGA_Prj/KAN_V1/KAN_V1.sim/sim_1/behav/xsim/layer0_coeff_in2_out3.coe'
INFO: [SIM-utils-43] Exported 'D:/KAN/FPGA_Prj/KAN_V1/KAN_V1.sim/sim_1/behav/xsim/layer0_coeff_in2_out4.mif'
INFO: [SIM-utils-43] Exported 'D:/KAN/FPGA_Prj/KAN_V1/KAN_V1.sim/sim_1/behav/xsim/layer0_coeff_in2_out4.coe'
INFO: [SIM-utils-43] Exported 'D:/KAN/FPGA_Prj/KAN_V1/KAN_V1.sim/sim_1/behav/xsim/layer1_coeff_in0_out0.mif'
INFO: [SIM-utils-43] Exported 'D:/KAN/FPGA_Prj/KAN_V1/KAN_V1.sim/sim_1/behav/xsim/layer1_coeff_in0_out0.coe'
INFO: [SIM-utils-43] Exported 'D:/KAN/FPGA_Prj/KAN_V1/KAN_V1.sim/sim_1/behav/xsim/layer1_coeff_in1_out0.mif'
INFO: [SIM-utils-43] Exported 'D:/KAN/FPGA_Prj/KAN_V1/KAN_V1.sim/sim_1/behav/xsim/layer1_coeff_in1_out0.coe'
INFO: [SIM-utils-43] Exported 'D:/KAN/FPGA_Prj/KAN_V1/KAN_V1.sim/sim_1/behav/xsim/layer1_coeff_in2_out0.mif'
INFO: [SIM-utils-43] Exported 'D:/KAN/FPGA_Prj/KAN_V1/KAN_V1.sim/sim_1/behav/xsim/layer1_coeff_in2_out0.coe'
INFO: [SIM-utils-43] Exported 'D:/KAN/FPGA_Prj/KAN_V1/KAN_V1.sim/sim_1/behav/xsim/layer1_coeff_in3_out0.mif'
INFO: [SIM-utils-43] Exported 'D:/KAN/FPGA_Prj/KAN_V1/KAN_V1.sim/sim_1/behav/xsim/layer1_coeff_in3_out0.coe'
INFO: [SIM-utils-43] Exported 'D:/KAN/FPGA_Prj/KAN_V1/KAN_V1.sim/sim_1/behav/xsim/layer1_coeff_in4_out0.mif'
INFO: [SIM-utils-43] Exported 'D:/KAN/FPGA_Prj/KAN_V1/KAN_V1.sim/sim_1/behav/xsim/layer1_coeff_in4_out0.coe'
INFO: [USF-XSim-97] Finding global include files...
INFO: [USF-XSim-98] Fetching design files from 'sim_1'...
INFO: [USF-XSim-2] XSim::Compile design
INFO: [USF-XSim-61] Executing 'COMPILE and ANALYZE' step in 'D:/KAN/FPGA_Prj/KAN_V1/KAN_V1.sim/sim_1/behav/xsim'
"xvlog --incr --relax -L uvm -prj tb_bsu_vlog.prj"
ECHO 处于关闭状态。
ECHO 处于关闭状态。
INFO: [VRFC 10-2263] Analyzing Verilog file "D:/KAN/FPGA_Prj/KAN_V1/KAN_V1.gen/sources_1/ip/layer1_coeff_in4_out0/sim/layer1_coeff_in4_out0.v" into library xil_defaultlib
INFO: [VRFC 10-311] analyzing module layer1_coeff_in4_out0
INFO: [VRFC 10-2263] Analyzing Verilog file "D:/KAN/FPGA_Prj/KAN_V1/KAN_V1.gen/sources_1/ip/layer1_coeff_in3_out0/sim/layer1_coeff_in3_out0.v" into library xil_defaultlib
INFO: [VRFC 10-311] analyzing module layer1_coeff_in3_out0
INFO: [VRFC 10-2263] Analyzing Verilog file "D:/KAN/FPGA_Prj/KAN_V1/KAN_V1.gen/sources_1/ip/layer1_coeff_in2_out0/sim/layer1_coeff_in2_out0.v" into library xil_defaultlib
INFO: [VRFC 10-311] analyzing module layer1_coeff_in2_out0
INFO: [VRFC 10-2263] Analyzing Verilog file "D:/KAN/FPGA_Prj/KAN_V1/KAN_V1.gen/sources_1/ip/layer1_coeff_in1_out0/sim/layer1_coeff_in1_out0.v" into library xil_defaultlib
INFO: [VRFC 10-311] analyzing module layer1_coeff_in1_out0
INFO: [VRFC 10-2263] Analyzing Verilog file "D:/KAN/FPGA_Prj/KAN_V1/KAN_V1.gen/sources_1/ip/layer1_coeff_in0_out0/sim/layer1_coeff_in0_out0.v" into library xil_defaultlib
INFO: [VRFC 10-311] analyzing module layer1_coeff_in0_out0
INFO: [VRFC 10-2263] Analyzing Verilog file "D:/KAN/FPGA_Prj/KAN_V1/KAN_V1.gen/sources_1/ip/layer0_coeff_in2_out4/sim/layer0_coeff_in2_out4.v" into library xil_defaultlib
INFO: [VRFC 10-311] analyzing module layer0_coeff_in2_out4
INFO: [VRFC 10-2263] Analyzing Verilog file "D:/KAN/FPGA_Prj/KAN_V1/KAN_V1.gen/sources_1/ip/layer0_coeff_in2_out3/sim/layer0_coeff_in2_out3.v" into library xil_defaultlib
INFO: [VRFC 10-311] analyzing module layer0_coeff_in2_out3
INFO: [VRFC 10-2263] Analyzing Verilog file "D:/KAN/FPGA_Prj/KAN_V1/KAN_V1.gen/sources_1/ip/layer0_coeff_in2_out2/sim/layer0_coeff_in2_out2.v" into library xil_defaultlib
INFO: [VRFC 10-311] analyzing module layer0_coeff_in2_out2
INFO: [VRFC 10-2263] Analyzing Verilog file "D:/KAN/FPGA_Prj/KAN_V1/KAN_V1.gen/sources_1/ip/layer0_coeff_in2_out1/sim/layer0_coeff_in2_out1.v" into library xil_defaultlib
INFO: [VRFC 10-311] analyzing module layer0_coeff_in2_out1
INFO: [VRFC 10-2263] Analyzing Verilog file "D:/KAN/FPGA_Prj/KAN_V1/KAN_V1.gen/sources_1/ip/layer0_coeff_in2_out0/sim/layer0_coeff_in2_out0.v" into library xil_defaultlib
INFO: [VRFC 10-311] analyzing module layer0_coeff_in2_out0
INFO: [VRFC 10-2263] Analyzing Verilog file "D:/KAN/FPGA_Prj/KAN_V1/KAN_V1.gen/sources_1/ip/layer0_coeff_in1_out4/sim/layer0_coeff_in1_out4.v" into library xil_defaultlib
INFO: [VRFC 10-311] analyzing module layer0_coeff_in1_out4
INFO: [VRFC 10-2263] Analyzing Verilog file "D:/KAN/FPGA_Prj/KAN_V1/KAN_V1.gen/sources_1/ip/layer0_coeff_in1_out3/sim/layer0_coeff_in1_out3.v" into library xil_defaultlib
INFO: [VRFC 10-311] analyzing module layer0_coeff_in1_out3
INFO: [VRFC 10-2263] Analyzing Verilog file "D:/KAN/FPGA_Prj/KAN_V1/KAN_V1.gen/sources_1/ip/layer0_coeff_in1_out2/sim/layer0_coeff_in1_out2.v" into library xil_defaultlib
INFO: [VRFC 10-311] analyzing module layer0_coeff_in1_out2
INFO: [VRFC 10-2263] Analyzing Verilog file "D:/KAN/FPGA_Prj/KAN_V1/KAN_V1.gen/sources_1/ip/layer0_coeff_in1_out1/sim/layer0_coeff_in1_out1.v" into library xil_defaultlib
INFO: [VRFC 10-311] analyzing module layer0_coeff_in1_out1
INFO: [VRFC 10-2263] Analyzing Verilog file "D:/KAN/FPGA_Prj/KAN_V1/KAN_V1.gen/sources_1/ip/layer0_coeff_in1_out0/sim/layer0_coeff_in1_out0.v" into library xil_defaultlib
INFO: [VRFC 10-311] analyzing module layer0_coeff_in1_out0
INFO: [VRFC 10-2263] Analyzing Verilog file "D:/KAN/FPGA_Prj/KAN_V1/KAN_V1.gen/sources_1/ip/layer0_coeff_in0_out4/sim/layer0_coeff_in0_out4.v" into library xil_defaultlib
INFO: [VRFC 10-311] analyzing module layer0_coeff_in0_out4
INFO: [VRFC 10-2263] Analyzing Verilog file "D:/KAN/FPGA_Prj/KAN_V1/KAN_V1.gen/sources_1/ip/layer0_coeff_in0_out3/sim/layer0_coeff_in0_out3.v" into library xil_defaultlib
INFO: [VRFC 10-311] analyzing module layer0_coeff_in0_out3
INFO: [VRFC 10-2263] Analyzing Verilog file "D:/KAN/FPGA_Prj/KAN_V1/KAN_V1.gen/sources_1/ip/layer0_coeff_in0_out2/sim/layer0_coeff_in0_out2.v" into library xil_defaultlib
INFO: [VRFC 10-311] analyzing module layer0_coeff_in0_out2
INFO: [VRFC 10-2263] Analyzing Verilog file "D:/KAN/FPGA_Prj/KAN_V1/KAN_V1.gen/sources_1/ip/layer0_coeff_in0_out1/sim/layer0_coeff_in0_out1.v" into library xil_defaultlib
INFO: [VRFC 10-311] analyzing module layer0_coeff_in0_out1
INFO: [VRFC 10-2263] Analyzing Verilog file "D:/KAN/FPGA_Prj/KAN_V1/KAN_V1.gen/sources_1/ip/layer0_coeff_in0_out0/sim/layer0_coeff_in0_out0.v" into library xil_defaultlib
INFO: [VRFC 10-311] analyzing module layer0_coeff_in0_out0
INFO: [VRFC 10-2263] Analyzing Verilog file "D:/KAN/FPGA_Prj/KAN_V1/KAN_V1.srcs/sources_1/new/BSU.v" into library xil_defaultlib
INFO: [VRFC 10-311] analyzing module BSU
INFO: [VRFC 10-2263] Analyzing Verilog file "D:/KAN/FPGA_Prj/KAN_V1/KAN_V1.srcs/sources_1/new/internal_finder.v" into library xil_defaultlib
INFO: [VRFC 10-311] analyzing module internal_finder
INFO: [VRFC 10-2263] Analyzing Verilog file "D:/KAN/FPGA_Prj/KAN_V1/KAN_V1.srcs/sources_1/new/mac.v" into library xil_defaultlib
INFO: [VRFC 10-311] analyzing module mac
INFO: [VRFC 10-2263] Analyzing Verilog file "D:/KAN/FPGA_Prj/KAN_V1/KAN_V1.srcs/sources_1/new/multiplier.v" into library xil_defaultlib
INFO: [VRFC 10-311] analyzing module multiplier
INFO: [USF-XSim-69] 'compile' step finished in '3' seconds
INFO: [USF-XSim-3] XSim::Elaborate design
INFO: [USF-XSim-61] Executing 'ELABORATE' step in 'D:/KAN/FPGA_Prj/KAN_V1/KAN_V1.sim/sim_1/behav/xsim'
"xelab --incr --debug typical --relax --mt 2 -L xil_defaultlib -L blk_mem_gen_v8_4_7 -L uvm -L unisims_ver -L unimacro_ver -L secureip -L xpm --snapshot tb_bsu_behav xil_defaultlib.tb_bsu xil_defaultlib.glbl -log elaborate.log"
ECHO 处于关闭状态。
ECHO 处于关闭状态。
Vivado Simulator v2023.2
Copyright 1986-2022 Xilinx, Inc. All Rights Reserved.
Copyright 2022-2023 Advanced Micro Devices, Inc. All Rights Reserved.
Running: D:/Xilinx/Vivado/2023.2/bin/unwrapped/win64.o/xelab.exe --incr --debug typical --relax --mt 2 -L xil_defaultlib -L blk_mem_gen_v8_4_7 -L uvm -L unisims_ver -L unimacro_ver -L secureip -L xpm --snapshot tb_bsu_behav xil_defaultlib.tb_bsu xil_defaultlib.glbl -log elaborate.log 
Using 2 slave threads.
Starting static elaboration
Pass Through NonSizing Optimizer
WARNING: [VRFC 10-3091] actual bit length 32 differs from formal bit length 5 for port 'channel0_cs' [D:/KAN/FPGA_Prj/KAN_V1/KAN_V1.srcs/sim_1/new/tb_bsu.v:46]
WARNING: [VRFC 10-3091] actual bit length 32 differs from formal bit length 7 for port 'addra' [D:/KAN/FPGA_Prj/KAN_V1/KAN_V1.srcs/sources_1/new/Coeff_Rom.sv:211]
WARNING: [VRFC 10-3091] actual bit length 32 differs from formal bit length 6 for port 'addra' [D:/KAN/FPGA_Prj/KAN_V1/KAN_V1.srcs/sources_1/new/Coeff_Rom.sv:217]
WARNING: [VRFC 10-3091] actual bit length 32 differs from formal bit length 6 for port 'addra' [D:/KAN/FPGA_Prj/KAN_V1/KAN_V1.srcs/sources_1/new/Coeff_Rom.sv:223]
WARNING: [VRFC 10-3091] actual bit length 32 differs from formal bit length 6 for port 'addra' [D:/KAN/FPGA_Prj/KAN_V1/KAN_V1.srcs/sources_1/new/Coeff_Rom.sv:229]
WARNING: [VRFC 10-3091] actual bit length 32 differs from formal bit length 6 for port 'addra' [D:/KAN/FPGA_Prj/KAN_V1/KAN_V1.srcs/sources_1/new/Coeff_Rom.sv:235]
WARNING: [VRFC 10-3091] actual bit length 32 differs from formal bit length 6 for port 'addra' [D:/KAN/FPGA_Prj/KAN_V1/KAN_V1.srcs/sources_1/new/Coeff_Rom.sv:243]
WARNING: [VRFC 10-3091] actual bit length 32 differs from formal bit length 6 for port 'addra' [D:/KAN/FPGA_Prj/KAN_V1/KAN_V1.srcs/sources_1/new/Coeff_Rom.sv:249]
WARNING: [VRFC 10-3091] actual bit length 32 differs from formal bit length 6 for port 'addra' [D:/KAN/FPGA_Prj/KAN_V1/KAN_V1.srcs/sources_1/new/Coeff_Rom.sv:255]
WARNING: [VRFC 10-3091] actual bit length 32 differs from formal bit length 6 for port 'addra' [D:/KAN/FPGA_Prj/KAN_V1/KAN_V1.srcs/sources_1/new/Coeff_Rom.sv:262]
WARNING: [VRFC 10-3091] actual bit length 32 differs from formal bit length 6 for port 'addra' [D:/KAN/FPGA_Prj/KAN_V1/KAN_V1.srcs/sources_1/new/Coeff_Rom.sv:269]
WARNING: [VRFC 10-3091] actual bit length 32 differs from formal bit length 6 for port 'addra' [D:/KAN/FPGA_Prj/KAN_V1/KAN_V1.srcs/sources_1/new/Coeff_Rom.sv:276]
WARNING: [VRFC 10-3091] actual bit length 32 differs from formal bit length 6 for port 'addra' [D:/KAN/FPGA_Prj/KAN_V1/KAN_V1.srcs/sources_1/new/Coeff_Rom.sv:282]
WARNING: [VRFC 10-3091] actual bit length 32 differs from formal bit length 6 for port 'addra' [D:/KAN/FPGA_Prj/KAN_V1/KAN_V1.srcs/sources_1/new/Coeff_Rom.sv:288]
WARNING: [VRFC 10-3091] actual bit length 32 differs from formal bit length 6 for port 'addra' [D:/KAN/FPGA_Prj/KAN_V1/KAN_V1.srcs/sources_1/new/Coeff_Rom.sv:294]
WARNING: [VRFC 10-3091] actual bit length 32 differs from formal bit length 6 for port 'addra' [D:/KAN/FPGA_Prj/KAN_V1/KAN_V1.srcs/sources_1/new/Coeff_Rom.sv:300]
WARNING: [VRFC 10-3091] actual bit length 32 differs from formal bit length 6 for port 'addra' [D:/KAN/FPGA_Prj/KAN_V1/KAN_V1.srcs/sources_1/new/Coeff_Rom.sv:307]
WARNING: [VRFC 10-3091] actual bit length 32 differs from formal bit length 6 for port 'addra' [D:/KAN/FPGA_Prj/KAN_V1/KAN_V1.srcs/sources_1/new/Coeff_Rom.sv:313]
WARNING: [VRFC 10-3091] actual bit length 32 differs from formal bit length 6 for port 'addra' [D:/KAN/FPGA_Prj/KAN_V1/KAN_V1.srcs/sources_1/new/Coeff_Rom.sv:319]
WARNING: [VRFC 10-3091] actual bit length 32 differs from formal bit length 6 for port 'addra' [D:/KAN/FPGA_Prj/KAN_V1/KAN_V1.srcs/sources_1/new/Coeff_Rom.sv:325]
WARNING: [VRFC 10-3091] actual bit length 32 differs from formal bit length 6 for port 'addra' [D:/KAN/FPGA_Prj/KAN_V1/KAN_V1.srcs/sources_1/new/Coeff_Rom.sv:331]
Completed static elaboration
Starting simulation data flow analysis
Completed simulation data flow analysis
Time Resolution for simulation is 1ps
Compiling module blk_mem_gen_v8_4_7.blk_mem_gen_v8_4_7_output_stage(...
Compiling module blk_mem_gen_v8_4_7.blk_mem_gen_v8_4_7_softecc_outpu...
Compiling module blk_mem_gen_v8_4_7.blk_mem_gen_v8_4_7_mem_module(C_...
Compiling module blk_mem_gen_v8_4_7.blk_mem_gen_v8_4_7(C_FAMILY="zyn...
Compiling module xil_defaultlib.layer0_coeff_in0_out0
Compiling module blk_mem_gen_v8_4_7.blk_mem_gen_v8_4_7_output_stage(...
Compiling module blk_mem_gen_v8_4_7.blk_mem_gen_v8_4_7_softecc_outpu...
Compiling module blk_mem_gen_v8_4_7.blk_mem_gen_v8_4_7_mem_module(C_...
Compiling module blk_mem_gen_v8_4_7.blk_mem_gen_v8_4_7(C_FAMILY="zyn...
Compiling module xil_defaultlib.layer0_coeff_in0_out1
Compiling module blk_mem_gen_v8_4_7.blk_mem_gen_v8_4_7_mem_module(C_...
Compiling module blk_mem_gen_v8_4_7.blk_mem_gen_v8_4_7(C_FAMILY="zyn...
Compiling module xil_defaultlib.layer0_coeff_in0_out2
Compiling module blk_mem_gen_v8_4_7.blk_mem_gen_v8_4_7_mem_module(C_...
Compiling module blk_mem_gen_v8_4_7.blk_mem_gen_v8_4_7(C_FAMILY="zyn...
Compiling module xil_defaultlib.layer0_coeff_in0_out3
Compiling module blk_mem_gen_v8_4_7.blk_mem_gen_v8_4_7_mem_module(C_...
Compiling module blk_mem_gen_v8_4_7.blk_mem_gen_v8_4_7(C_FAMILY="zyn...
Compiling module xil_defaultlib.layer0_coeff_in0_out4
Compiling module blk_mem_gen_v8_4_7.blk_mem_gen_v8_4_7_mem_module(C_...
Compiling module blk_mem_gen_v8_4_7.blk_mem_gen_v8_4_7(C_FAMILY="zyn...
Compiling module xil_defaultlib.layer0_coeff_in1_out0
Compiling module blk_mem_gen_v8_4_7.blk_mem_gen_v8_4_7_mem_module(C_...
Compiling module blk_mem_gen_v8_4_7.blk_mem_gen_v8_4_7(C_FAMILY="zyn...
Compiling module xil_defaultlib.layer0_coeff_in1_out1
Compiling module blk_mem_gen_v8_4_7.blk_mem_gen_v8_4_7_mem_module(C_...
Compiling module blk_mem_gen_v8_4_7.blk_mem_gen_v8_4_7(C_FAMILY="zyn...
Compiling module xil_defaultlib.layer0_coeff_in1_out2
Compiling module blk_mem_gen_v8_4_7.blk_mem_gen_v8_4_7_mem_module(C_...
Compiling module blk_mem_gen_v8_4_7.blk_mem_gen_v8_4_7(C_FAMILY="zyn...
Compiling module xil_defaultlib.layer0_coeff_in1_out3
Compiling module blk_mem_gen_v8_4_7.blk_mem_gen_v8_4_7_mem_module(C_...
Compiling module blk_mem_gen_v8_4_7.blk_mem_gen_v8_4_7(C_FAMILY="zyn...
Compiling module xil_defaultlib.layer0_coeff_in1_out4
Compiling module blk_mem_gen_v8_4_7.blk_mem_gen_v8_4_7_mem_module(C_...
Compiling module blk_mem_gen_v8_4_7.blk_mem_gen_v8_4_7(C_FAMILY="zyn...
Compiling module xil_defaultlib.layer0_coeff_in2_out0
Compiling module blk_mem_gen_v8_4_7.blk_mem_gen_v8_4_7_mem_module(C_...
Compiling module blk_mem_gen_v8_4_7.blk_mem_gen_v8_4_7(C_FAMILY="zyn...
Compiling module xil_defaultlib.layer0_coeff_in2_out1
Compiling module blk_mem_gen_v8_4_7.blk_mem_gen_v8_4_7_mem_module(C_...
Compiling module blk_mem_gen_v8_4_7.blk_mem_gen_v8_4_7(C_FAMILY="zyn...
Compiling module xil_defaultlib.layer0_coeff_in2_out2
Compiling module blk_mem_gen_v8_4_7.blk_mem_gen_v8_4_7_mem_module(C_...
Compiling module blk_mem_gen_v8_4_7.blk_mem_gen_v8_4_7(C_FAMILY="zyn...
Compiling module xil_defaultlib.layer0_coeff_in2_out3
Compiling module blk_mem_gen_v8_4_7.blk_mem_gen_v8_4_7_mem_module(C_...
Compiling module blk_mem_gen_v8_4_7.blk_mem_gen_v8_4_7(C_FAMILY="zyn...
Compiling module xil_defaultlib.layer0_coeff_in2_out4
Compiling module blk_mem_gen_v8_4_7.blk_mem_gen_v8_4_7_mem_module(C_...
Compiling module blk_mem_gen_v8_4_7.blk_mem_gen_v8_4_7(C_FAMILY="zyn...
Compiling module xil_defaultlib.layer1_coeff_in0_out0
Compiling module blk_mem_gen_v8_4_7.blk_mem_gen_v8_4_7_mem_module(C_...
Compiling module blk_mem_gen_v8_4_7.blk_mem_gen_v8_4_7(C_FAMILY="zyn...
Compiling module xil_defaultlib.layer1_coeff_in1_out0
Compiling module blk_mem_gen_v8_4_7.blk_mem_gen_v8_4_7_mem_module(C_...
Compiling module blk_mem_gen_v8_4_7.blk_mem_gen_v8_4_7(C_FAMILY="zyn...
Compiling module xil_defaultlib.layer1_coeff_in2_out0
Compiling module blk_mem_gen_v8_4_7.blk_mem_gen_v8_4_7_mem_module(C_...
Compiling module blk_mem_gen_v8_4_7.blk_mem_gen_v8_4_7(C_FAMILY="zyn...
Compiling module xil_defaultlib.layer1_coeff_in3_out0
Compiling module blk_mem_gen_v8_4_7.blk_mem_gen_v8_4_7_mem_module(C_...
Compiling module blk_mem_gen_v8_4_7.blk_mem_gen_v8_4_7(C_FAMILY="zyn...
Compiling module xil_defaultlib.layer1_coeff_in4_out0
Compiling module xil_defaultlib.Coeff_Rom
Compiling module xil_defaultlib.internal_finder
Compiling module xil_defaultlib.multiplier
Compiling module xil_defaultlib.mac
Compiling module xil_defaultlib.BSU
Compiling module xil_defaultlib.tb_bsu
Compiling module xil_defaultlib.glbl
Built simulation snapshot tb_bsu_behav
run_program: Time (s): cpu = 00:00:02 ; elapsed = 00:00:28 . Memory (MB): peak = 2770.828 ; gain = 0.000
INFO: [USF-XSim-69] 'elaborate' step finished in '27' seconds
INFO: [USF-XSim-4] XSim::Simulate design
INFO: [USF-XSim-61] Executing 'SIMULATE' step in 'D:/KAN/FPGA_Prj/KAN_V1/KAN_V1.sim/sim_1/behav/xsim'
INFO: [USF-XSim-98] *** Running xsim
   with args "tb_bsu_behav -key {Behavioral:sim_1:Functional:tb_bsu} -tclbatch {tb_bsu.tcl} -view {D:/KAN/FPGA_Prj/KAN_V1/tb_module_behav.wcfg} -log {simulate.log}"
INFO: [USF-XSim-8] Loading simulator feature
Time resolution is 1 ps
open_wave_config D:/KAN/FPGA_Prj/KAN_V1/tb_module_behav.wcfg
source tb_bsu.tcl
# set curr_wave [current_wave_config]
# if { [string length $curr_wave] == 0 } {
#   if { [llength [get_objects]] > 0} {
#     add_wave /
#     set_property needs_save false [current_wave_config]
#   } else {
#      send_msg_id Add_Wave-1 WARNING "No top level signals found. Simulator will start without a wave window. If you want to open a wave window go to 'File->New Waveform Configuration' or type 'create_wave_config' in the TCL console."
#   }
# }
# run 1000ns
 Block Memory Generator module loading initial data...
 Block Memory Generator data initialization complete.
Block Memory Generator module tb_bsu.ROM_TEST.bram0.inst.\native_mem_module.blk_mem_gen_v8_4_7_inst  is using a behavioral model for simulation which will not precisely model memory collision behavior.
 Block Memory Generator module loading initial data...
 Block Memory Generator data initialization complete.
Block Memory Generator module tb_bsu.ROM_TEST.bram1.inst.\native_mem_module.blk_mem_gen_v8_4_7_inst  is using a behavioral model for simulation which will not precisely model memory collision behavior.
 Block Memory Generator module loading initial data...
 Block Memory Generator data initialization complete.
Block Memory Generator module tb_bsu.ROM_TEST.bram2.inst.\native_mem_module.blk_mem_gen_v8_4_7_inst  is using a behavioral model for simulation which will not precisely model memory collision behavior.
 Block Memory Generator module loading initial data...
 Block Memory Generator data initialization complete.
Block Memory Generator module tb_bsu.ROM_TEST.bram3.inst.\native_mem_module.blk_mem_gen_v8_4_7_inst  is using a behavioral model for simulation which will not precisely model memory collision behavior.
 Block Memory Generator module loading initial data...
 Block Memory Generator data initialization complete.
Block Memory Generator module tb_bsu.ROM_TEST.bram4.inst.\native_mem_module.blk_mem_gen_v8_4_7_inst  is using a behavioral model for simulation which will not precisely model memory collision behavior.
 Block Memory Generator module loading initial data...
 Block Memory Generator data initialization complete.
Block Memory Generator module tb_bsu.ROM_TEST.bram5.inst.\native_mem_module.blk_mem_gen_v8_4_7_inst  is using a behavioral model for simulation which will not precisely model memory collision behavior.
 Block Memory Generator module loading initial data...
 Block Memory Generator data initialization complete.
Block Memory Generator module tb_bsu.ROM_TEST.bram6.inst.\native_mem_module.blk_mem_gen_v8_4_7_inst  is using a behavioral model for simulation which will not precisely model memory collision behavior.
 Block Memory Generator module loading initial data...
 Block Memory Generator data initialization complete.
Block Memory Generator module tb_bsu.ROM_TEST.bram7.inst.\native_mem_module.blk_mem_gen_v8_4_7_inst  is using a behavioral model for simulation which will not precisely model memory collision behavior.
 Block Memory Generator module loading initial data...
 Block Memory Generator data initialization complete.
Block Memory Generator module tb_bsu.ROM_TEST.bram8.inst.\native_mem_module.blk_mem_gen_v8_4_7_inst  is using a behavioral model for simulation which will not precisely model memory collision behavior.
 Block Memory Generator module loading initial data...
 Block Memory Generator data initialization complete.
Block Memory Generator module tb_bsu.ROM_TEST.bram9.inst.\native_mem_module.blk_mem_gen_v8_4_7_inst  is using a behavioral model for simulation which will not precisely model memory collision behavior.
 Block Memory Generator module loading initial data...
 Block Memory Generator data initialization complete.
Block Memory Generator module tb_bsu.ROM_TEST.bram10.inst.\native_mem_module.blk_mem_gen_v8_4_7_inst  is using a behavioral model for simulation which will not precisely model memory collision behavior.
 Block Memory Generator module loading initial data...
 Block Memory Generator data initialization complete.
Block Memory Generator module tb_bsu.ROM_TEST.bram11.inst.\native_mem_module.blk_mem_gen_v8_4_7_inst  is using a behavioral model for simulation which will not precisely model memory collision behavior.
 Block Memory Generator module loading initial data...
 Block Memory Generator data initialization complete.
Block Memory Generator module tb_bsu.ROM_TEST.bram12.inst.\native_mem_module.blk_mem_gen_v8_4_7_inst  is using a behavioral model for simulation which will not precisely model memory collision behavior.
 Block Memory Generator module loading initial data...
 Block Memory Generator data initialization complete.
Block Memory Generator module tb_bsu.ROM_TEST.bram13.inst.\native_mem_module.blk_mem_gen_v8_4_7_inst  is using a behavioral model for simulation which will not precisely model memory collision behavior.
 Block Memory Generator module loading initial data...
 Block Memory Generator data initialization complete.
Block Memory Generator module tb_bsu.ROM_TEST.bram14.inst.\native_mem_module.blk_mem_gen_v8_4_7_inst  is using a behavioral model for simulation which will not precisely model memory collision behavior.
 Block Memory Generator module loading initial data...
 Block Memory Generator data initialization complete.
Block Memory Generator module tb_bsu.ROM_TEST.bram15.inst.\native_mem_module.blk_mem_gen_v8_4_7_inst  is using a behavioral model for simulation which will not precisely model memory collision behavior.
 Block Memory Generator module loading initial data...
 Block Memory Generator data initialization complete.
Block Memory Generator module tb_bsu.ROM_TEST.bram16.inst.\native_mem_module.blk_mem_gen_v8_4_7_inst  is using a behavioral model for simulation which will not precisely model memory collision behavior.
 Block Memory Generator module loading initial data...
 Block Memory Generator data initialization complete.
Block Memory Generator module tb_bsu.ROM_TEST.bram17.inst.\native_mem_module.blk_mem_gen_v8_4_7_inst  is using a behavioral model for simulation which will not precisely model memory collision behavior.
 Block Memory Generator module loading initial data...
 Block Memory Generator data initialization complete.
Block Memory Generator module tb_bsu.ROM_TEST.bram18.inst.\native_mem_module.blk_mem_gen_v8_4_7_inst  is using a behavioral model for simulation which will not precisely model memory collision behavior.
 Block Memory Generator module loading initial data...
 Block Memory Generator data initialization complete.
Block Memory Generator module tb_bsu.ROM_TEST.bram19.inst.\native_mem_module.blk_mem_gen_v8_4_7_inst  is using a behavioral model for simulation which will not precisely model memory collision behavior.
INFO: [USF-XSim-96] XSim completed. Design snapshot 'tb_bsu_behav' loaded.
INFO: [USF-XSim-97] XSim simulation ran for 1000ns
launch_simulation: Time (s): cpu = 00:00:04 ; elapsed = 00:00:34 . Memory (MB): peak = 2770.828 ; gain = 0.000
relaunch_sim
Command: launch_simulation -step compile -simset sim_1 -mode behavioral
INFO: [Vivado 12-12493] Simulation top is 'tb_bsu'
WARNING: [Vivado 12-13340] Unable to auto find GCC executables from simulator install path! (path not set)
INFO: [Vivado 12-5682] Launching behavioral simulation in 'D:/KAN/FPGA_Prj/KAN_V1/KAN_V1.sim/sim_1/behav/xsim'
INFO: [SIM-utils-51] Simulation object is 'sim_1'
INFO: [USF-XSim-2] XSim::Compile design
INFO: [USF-XSim-61] Executing 'COMPILE and ANALYZE' step in 'D:/KAN/FPGA_Prj/KAN_V1/KAN_V1.sim/sim_1/behav/xsim'
"xvlog --incr --relax -L uvm -prj tb_bsu_vlog.prj"
ECHO 处于关闭状态。
ECHO 处于关闭状态。
INFO: [USF-XSim-69] 'compile' step finished in '1' seconds
Command: launch_simulation -step elaborate -simset sim_1 -mode behavioral
INFO: [Vivado 12-12493] Simulation top is 'tb_bsu'
WARNING: [Vivado 12-13340] Unable to auto find GCC executables from simulator install path! (path not set)
INFO: [Vivado 12-5682] Launching behavioral simulation in 'D:/KAN/FPGA_Prj/KAN_V1/KAN_V1.sim/sim_1/behav/xsim'
INFO: [SIM-utils-51] Simulation object is 'sim_1'
INFO: [USF-XSim-3] XSim::Elaborate design
INFO: [USF-XSim-61] Executing 'ELABORATE' step in 'D:/KAN/FPGA_Prj/KAN_V1/KAN_V1.sim/sim_1/behav/xsim'
"xelab --incr --debug typical --relax --mt 2 -L xil_defaultlib -L blk_mem_gen_v8_4_7 -L uvm -L unisims_ver -L unimacro_ver -L secureip -L xpm --snapshot tb_bsu_behav xil_defaultlib.tb_bsu xil_defaultlib.glbl -log elaborate.log"
ECHO 处于关闭状态。
ECHO 处于关闭状态。
Vivado Simulator v2023.2
Copyright 1986-2022 Xilinx, Inc. All Rights Reserved.
Copyright 2022-2023 Advanced Micro Devices, Inc. All Rights Reserved.
Running: D:/Xilinx/Vivado/2023.2/bin/unwrapped/win64.o/xelab.exe --incr --debug typical --relax --mt 2 -L xil_defaultlib -L blk_mem_gen_v8_4_7 -L uvm -L unisims_ver -L unimacro_ver -L secureip -L xpm --snapshot tb_bsu_behav xil_defaultlib.tb_bsu xil_defaultlib.glbl -log elaborate.log 
Using 2 slave threads.
Starting static elaboration
Pass Through NonSizing Optimizer
WARNING: [VRFC 10-3091] actual bit length 32 differs from formal bit length 5 for port 'channel0_cs' [D:/KAN/FPGA_Prj/KAN_V1/KAN_V1.srcs/sim_1/new/tb_bsu.v:46]
WARNING: [VRFC 10-3091] actual bit length 32 differs from formal bit length 7 for port 'addra' [D:/KAN/FPGA_Prj/KAN_V1/KAN_V1.srcs/sources_1/new/Coeff_Rom.sv:211]
WARNING: [VRFC 10-3091] actual bit length 32 differs from formal bit length 6 for port 'addra' [D:/KAN/FPGA_Prj/KAN_V1/KAN_V1.srcs/sources_1/new/Coeff_Rom.sv:217]
WARNING: [VRFC 10-3091] actual bit length 32 differs from formal bit length 6 for port 'addra' [D:/KAN/FPGA_Prj/KAN_V1/KAN_V1.srcs/sources_1/new/Coeff_Rom.sv:223]
WARNING: [VRFC 10-3091] actual bit length 32 differs from formal bit length 6 for port 'addra' [D:/KAN/FPGA_Prj/KAN_V1/KAN_V1.srcs/sources_1/new/Coeff_Rom.sv:229]
WARNING: [VRFC 10-3091] actual bit length 32 differs from formal bit length 6 for port 'addra' [D:/KAN/FPGA_Prj/KAN_V1/KAN_V1.srcs/sources_1/new/Coeff_Rom.sv:235]
WARNING: [VRFC 10-3091] actual bit length 32 differs from formal bit length 6 for port 'addra' [D:/KAN/FPGA_Prj/KAN_V1/KAN_V1.srcs/sources_1/new/Coeff_Rom.sv:243]
WARNING: [VRFC 10-3091] actual bit length 32 differs from formal bit length 6 for port 'addra' [D:/KAN/FPGA_Prj/KAN_V1/KAN_V1.srcs/sources_1/new/Coeff_Rom.sv:249]
WARNING: [VRFC 10-3091] actual bit length 32 differs from formal bit length 6 for port 'addra' [D:/KAN/FPGA_Prj/KAN_V1/KAN_V1.srcs/sources_1/new/Coeff_Rom.sv:255]
WARNING: [VRFC 10-3091] actual bit length 32 differs from formal bit length 6 for port 'addra' [D:/KAN/FPGA_Prj/KAN_V1/KAN_V1.srcs/sources_1/new/Coeff_Rom.sv:262]
WARNING: [VRFC 10-3091] actual bit length 32 differs from formal bit length 6 for port 'addra' [D:/KAN/FPGA_Prj/KAN_V1/KAN_V1.srcs/sources_1/new/Coeff_Rom.sv:269]
WARNING: [VRFC 10-3091] actual bit length 32 differs from formal bit length 6 for port 'addra' [D:/KAN/FPGA_Prj/KAN_V1/KAN_V1.srcs/sources_1/new/Coeff_Rom.sv:276]
WARNING: [VRFC 10-3091] actual bit length 32 differs from formal bit length 6 for port 'addra' [D:/KAN/FPGA_Prj/KAN_V1/KAN_V1.srcs/sources_1/new/Coeff_Rom.sv:282]
WARNING: [VRFC 10-3091] actual bit length 32 differs from formal bit length 6 for port 'addra' [D:/KAN/FPGA_Prj/KAN_V1/KAN_V1.srcs/sources_1/new/Coeff_Rom.sv:288]
WARNING: [VRFC 10-3091] actual bit length 32 differs from formal bit length 6 for port 'addra' [D:/KAN/FPGA_Prj/KAN_V1/KAN_V1.srcs/sources_1/new/Coeff_Rom.sv:294]
WARNING: [VRFC 10-3091] actual bit length 32 differs from formal bit length 6 for port 'addra' [D:/KAN/FPGA_Prj/KAN_V1/KAN_V1.srcs/sources_1/new/Coeff_Rom.sv:300]
WARNING: [VRFC 10-3091] actual bit length 32 differs from formal bit length 6 for port 'addra' [D:/KAN/FPGA_Prj/KAN_V1/KAN_V1.srcs/sources_1/new/Coeff_Rom.sv:307]
WARNING: [VRFC 10-3091] actual bit length 32 differs from formal bit length 6 for port 'addra' [D:/KAN/FPGA_Prj/KAN_V1/KAN_V1.srcs/sources_1/new/Coeff_Rom.sv:313]
WARNING: [VRFC 10-3091] actual bit length 32 differs from formal bit length 6 for port 'addra' [D:/KAN/FPGA_Prj/KAN_V1/KAN_V1.srcs/sources_1/new/Coeff_Rom.sv:319]
WARNING: [VRFC 10-3091] actual bit length 32 differs from formal bit length 6 for port 'addra' [D:/KAN/FPGA_Prj/KAN_V1/KAN_V1.srcs/sources_1/new/Coeff_Rom.sv:325]
WARNING: [VRFC 10-3091] actual bit length 32 differs from formal bit length 6 for port 'addra' [D:/KAN/FPGA_Prj/KAN_V1/KAN_V1.srcs/sources_1/new/Coeff_Rom.sv:331]
Completed static elaboration
INFO: [XSIM 43-4323] No Change in HDL. Linking previously generated obj files to create kernel
INFO: [USF-XSim-69] 'elaborate' step finished in '2' seconds
Time resolution is 1 ps
 Block Memory Generator module loading initial data...
 Block Memory Generator data initialization complete.
Block Memory Generator module tb_bsu.ROM_TEST.bram0.inst.\native_mem_module.blk_mem_gen_v8_4_7_inst  is using a behavioral model for simulation which will not precisely model memory collision behavior.
 Block Memory Generator module loading initial data...
 Block Memory Generator data initialization complete.
Block Memory Generator module tb_bsu.ROM_TEST.bram1.inst.\native_mem_module.blk_mem_gen_v8_4_7_inst  is using a behavioral model for simulation which will not precisely model memory collision behavior.
 Block Memory Generator module loading initial data...
 Block Memory Generator data initialization complete.
Block Memory Generator module tb_bsu.ROM_TEST.bram2.inst.\native_mem_module.blk_mem_gen_v8_4_7_inst  is using a behavioral model for simulation which will not precisely model memory collision behavior.
 Block Memory Generator module loading initial data...
 Block Memory Generator data initialization complete.
Block Memory Generator module tb_bsu.ROM_TEST.bram3.inst.\native_mem_module.blk_mem_gen_v8_4_7_inst  is using a behavioral model for simulation which will not precisely model memory collision behavior.
 Block Memory Generator module loading initial data...
 Block Memory Generator data initialization complete.
Block Memory Generator module tb_bsu.ROM_TEST.bram4.inst.\native_mem_module.blk_mem_gen_v8_4_7_inst  is using a behavioral model for simulation which will not precisely model memory collision behavior.
 Block Memory Generator module loading initial data...
 Block Memory Generator data initialization complete.
Block Memory Generator module tb_bsu.ROM_TEST.bram5.inst.\native_mem_module.blk_mem_gen_v8_4_7_inst  is using a behavioral model for simulation which will not precisely model memory collision behavior.
 Block Memory Generator module loading initial data...
 Block Memory Generator data initialization complete.
Block Memory Generator module tb_bsu.ROM_TEST.bram6.inst.\native_mem_module.blk_mem_gen_v8_4_7_inst  is using a behavioral model for simulation which will not precisely model memory collision behavior.
 Block Memory Generator module loading initial data...
 Block Memory Generator data initialization complete.
Block Memory Generator module tb_bsu.ROM_TEST.bram7.inst.\native_mem_module.blk_mem_gen_v8_4_7_inst  is using a behavioral model for simulation which will not precisely model memory collision behavior.
 Block Memory Generator module loading initial data...
 Block Memory Generator data initialization complete.
Block Memory Generator module tb_bsu.ROM_TEST.bram8.inst.\native_mem_module.blk_mem_gen_v8_4_7_inst  is using a behavioral model for simulation which will not precisely model memory collision behavior.
 Block Memory Generator module loading initial data...
 Block Memory Generator data initialization complete.
Block Memory Generator module tb_bsu.ROM_TEST.bram9.inst.\native_mem_module.blk_mem_gen_v8_4_7_inst  is using a behavioral model for simulation which will not precisely model memory collision behavior.
 Block Memory Generator module loading initial data...
 Block Memory Generator data initialization complete.
Block Memory Generator module tb_bsu.ROM_TEST.bram10.inst.\native_mem_module.blk_mem_gen_v8_4_7_inst  is using a behavioral model for simulation which will not precisely model memory collision behavior.
 Block Memory Generator module loading initial data...
 Block Memory Generator data initialization complete.
Block Memory Generator module tb_bsu.ROM_TEST.bram11.inst.\native_mem_module.blk_mem_gen_v8_4_7_inst  is using a behavioral model for simulation which will not precisely model memory collision behavior.
 Block Memory Generator module loading initial data...
 Block Memory Generator data initialization complete.
Block Memory Generator module tb_bsu.ROM_TEST.bram12.inst.\native_mem_module.blk_mem_gen_v8_4_7_inst  is using a behavioral model for simulation which will not precisely model memory collision behavior.
 Block Memory Generator module loading initial data...
 Block Memory Generator data initialization complete.
Block Memory Generator module tb_bsu.ROM_TEST.bram13.inst.\native_mem_module.blk_mem_gen_v8_4_7_inst  is using a behavioral model for simulation which will not precisely model memory collision behavior.
 Block Memory Generator module loading initial data...
 Block Memory Generator data initialization complete.
Block Memory Generator module tb_bsu.ROM_TEST.bram14.inst.\native_mem_module.blk_mem_gen_v8_4_7_inst  is using a behavioral model for simulation which will not precisely model memory collision behavior.
 Block Memory Generator module loading initial data...
 Block Memory Generator data initialization complete.
Block Memory Generator module tb_bsu.ROM_TEST.bram15.inst.\native_mem_module.blk_mem_gen_v8_4_7_inst  is using a behavioral model for simulation which will not precisely model memory collision behavior.
 Block Memory Generator module loading initial data...
 Block Memory Generator data initialization complete.
Block Memory Generator module tb_bsu.ROM_TEST.bram16.inst.\native_mem_module.blk_mem_gen_v8_4_7_inst  is using a behavioral model for simulation which will not precisely model memory collision behavior.
 Block Memory Generator module loading initial data...
 Block Memory Generator data initialization complete.
Block Memory Generator module tb_bsu.ROM_TEST.bram17.inst.\native_mem_module.blk_mem_gen_v8_4_7_inst  is using a behavioral model for simulation which will not precisely model memory collision behavior.
 Block Memory Generator module loading initial data...
 Block Memory Generator data initialization complete.
Block Memory Generator module tb_bsu.ROM_TEST.bram18.inst.\native_mem_module.blk_mem_gen_v8_4_7_inst  is using a behavioral model for simulation which will not precisely model memory collision behavior.
 Block Memory Generator module loading initial data...
 Block Memory Generator data initialization complete.
Block Memory Generator module tb_bsu.ROM_TEST.bram19.inst.\native_mem_module.blk_mem_gen_v8_4_7_inst  is using a behavioral model for simulation which will not precisely model memory collision behavior.
relaunch_sim: Time (s): cpu = 00:00:02 ; elapsed = 00:00:06 . Memory (MB): peak = 2770.828 ; gain = 0.000
close_sim
INFO: [Simtcl 6-16] Simulation closed
launch_simulation
Command: launch_simulation 
INFO: [Vivado 12-12493] Simulation top is 'tb_bsu'
WARNING: [Vivado 12-13340] Unable to auto find GCC executables from simulator install path! (path not set)
INFO: [Vivado 12-5682] Launching behavioral simulation in 'D:/KAN/FPGA_Prj/KAN_V1/KAN_V1.sim/sim_1/behav/xsim'
INFO: [SIM-utils-51] Simulation object is 'sim_1'
INFO: [SIM-utils-72] Using boost library from 'D:/Xilinx/Vivado/2023.2/tps/boost_1_72_0'
INFO: [USF-XSim-7] Finding pre-compiled libraries...
INFO: [USF-XSim-11] File 'D:/Xilinx/Vivado/2023.2/data/xsim/xsim.ini' copied to run dir:'D:/KAN/FPGA_Prj/KAN_V1/KAN_V1.sim/sim_1/behav/xsim'
INFO: [SIM-utils-54] Inspecting design source files for 'tb_bsu' in fileset 'sim_1'...
INFO: [SIM-utils-43] Exported 'D:/KAN/FPGA_Prj/KAN_V1/KAN_V1.sim/sim_1/behav/xsim/layer0_coeff_in0_out0.mif'
INFO: [SIM-utils-43] Exported 'D:/KAN/FPGA_Prj/KAN_V1/KAN_V1.sim/sim_1/behav/xsim/layer0_coeff_in0_out0.coe'
INFO: [SIM-utils-43] Exported 'D:/KAN/FPGA_Prj/KAN_V1/KAN_V1.sim/sim_1/behav/xsim/layer0_coeff_in0_out1.mif'
INFO: [SIM-utils-43] Exported 'D:/KAN/FPGA_Prj/KAN_V1/KAN_V1.sim/sim_1/behav/xsim/layer0_coeff_in0_out1.coe'
INFO: [SIM-utils-43] Exported 'D:/KAN/FPGA_Prj/KAN_V1/KAN_V1.sim/sim_1/behav/xsim/layer0_coeff_in0_out2.mif'
INFO: [SIM-utils-43] Exported 'D:/KAN/FPGA_Prj/KAN_V1/KAN_V1.sim/sim_1/behav/xsim/layer0_coeff_in0_out2.coe'
INFO: [SIM-utils-43] Exported 'D:/KAN/FPGA_Prj/KAN_V1/KAN_V1.sim/sim_1/behav/xsim/layer0_coeff_in0_out3.mif'
INFO: [SIM-utils-43] Exported 'D:/KAN/FPGA_Prj/KAN_V1/KAN_V1.sim/sim_1/behav/xsim/layer0_coeff_in0_out3.coe'
INFO: [SIM-utils-43] Exported 'D:/KAN/FPGA_Prj/KAN_V1/KAN_V1.sim/sim_1/behav/xsim/layer0_coeff_in0_out4.mif'
INFO: [SIM-utils-43] Exported 'D:/KAN/FPGA_Prj/KAN_V1/KAN_V1.sim/sim_1/behav/xsim/layer0_coeff_in0_out4.coe'
INFO: [SIM-utils-43] Exported 'D:/KAN/FPGA_Prj/KAN_V1/KAN_V1.sim/sim_1/behav/xsim/layer0_coeff_in1_out0.mif'
INFO: [SIM-utils-43] Exported 'D:/KAN/FPGA_Prj/KAN_V1/KAN_V1.sim/sim_1/behav/xsim/layer0_coeff_in1_out0.coe'
INFO: [SIM-utils-43] Exported 'D:/KAN/FPGA_Prj/KAN_V1/KAN_V1.sim/sim_1/behav/xsim/layer0_coeff_in1_out1.mif'
INFO: [SIM-utils-43] Exported 'D:/KAN/FPGA_Prj/KAN_V1/KAN_V1.sim/sim_1/behav/xsim/layer0_coeff_in1_out1.coe'
INFO: [SIM-utils-43] Exported 'D:/KAN/FPGA_Prj/KAN_V1/KAN_V1.sim/sim_1/behav/xsim/layer0_coeff_in1_out2.mif'
INFO: [SIM-utils-43] Exported 'D:/KAN/FPGA_Prj/KAN_V1/KAN_V1.sim/sim_1/behav/xsim/layer0_coeff_in1_out2.coe'
INFO: [SIM-utils-43] Exported 'D:/KAN/FPGA_Prj/KAN_V1/KAN_V1.sim/sim_1/behav/xsim/layer0_coeff_in1_out3.mif'
INFO: [SIM-utils-43] Exported 'D:/KAN/FPGA_Prj/KAN_V1/KAN_V1.sim/sim_1/behav/xsim/layer0_coeff_in1_out3.coe'
INFO: [SIM-utils-43] Exported 'D:/KAN/FPGA_Prj/KAN_V1/KAN_V1.sim/sim_1/behav/xsim/layer0_coeff_in1_out4.mif'
INFO: [SIM-utils-43] Exported 'D:/KAN/FPGA_Prj/KAN_V1/KAN_V1.sim/sim_1/behav/xsim/layer0_coeff_in1_out4.coe'
INFO: [SIM-utils-43] Exported 'D:/KAN/FPGA_Prj/KAN_V1/KAN_V1.sim/sim_1/behav/xsim/layer0_coeff_in2_out0.mif'
INFO: [SIM-utils-43] Exported 'D:/KAN/FPGA_Prj/KAN_V1/KAN_V1.sim/sim_1/behav/xsim/layer0_coeff_in2_out0.coe'
INFO: [SIM-utils-43] Exported 'D:/KAN/FPGA_Prj/KAN_V1/KAN_V1.sim/sim_1/behav/xsim/layer0_coeff_in2_out1.mif'
INFO: [SIM-utils-43] Exported 'D:/KAN/FPGA_Prj/KAN_V1/KAN_V1.sim/sim_1/behav/xsim/layer0_coeff_in2_out1.coe'
INFO: [SIM-utils-43] Exported 'D:/KAN/FPGA_Prj/KAN_V1/KAN_V1.sim/sim_1/behav/xsim/layer0_coeff_in2_out2.mif'
INFO: [SIM-utils-43] Exported 'D:/KAN/FPGA_Prj/KAN_V1/KAN_V1.sim/sim_1/behav/xsim/layer0_coeff_in2_out2.coe'
INFO: [SIM-utils-43] Exported 'D:/KAN/FPGA_Prj/KAN_V1/KAN_V1.sim/sim_1/behav/xsim/layer0_coeff_in2_out3.mif'
INFO: [SIM-utils-43] Exported 'D:/KAN/FPGA_Prj/KAN_V1/KAN_V1.sim/sim_1/behav/xsim/layer0_coeff_in2_out3.coe'
INFO: [SIM-utils-43] Exported 'D:/KAN/FPGA_Prj/KAN_V1/KAN_V1.sim/sim_1/behav/xsim/layer0_coeff_in2_out4.mif'
INFO: [SIM-utils-43] Exported 'D:/KAN/FPGA_Prj/KAN_V1/KAN_V1.sim/sim_1/behav/xsim/layer0_coeff_in2_out4.coe'
INFO: [SIM-utils-43] Exported 'D:/KAN/FPGA_Prj/KAN_V1/KAN_V1.sim/sim_1/behav/xsim/layer1_coeff_in0_out0.mif'
INFO: [SIM-utils-43] Exported 'D:/KAN/FPGA_Prj/KAN_V1/KAN_V1.sim/sim_1/behav/xsim/layer1_coeff_in0_out0.coe'
INFO: [SIM-utils-43] Exported 'D:/KAN/FPGA_Prj/KAN_V1/KAN_V1.sim/sim_1/behav/xsim/layer1_coeff_in1_out0.mif'
INFO: [SIM-utils-43] Exported 'D:/KAN/FPGA_Prj/KAN_V1/KAN_V1.sim/sim_1/behav/xsim/layer1_coeff_in1_out0.coe'
INFO: [SIM-utils-43] Exported 'D:/KAN/FPGA_Prj/KAN_V1/KAN_V1.sim/sim_1/behav/xsim/layer1_coeff_in2_out0.mif'
INFO: [SIM-utils-43] Exported 'D:/KAN/FPGA_Prj/KAN_V1/KAN_V1.sim/sim_1/behav/xsim/layer1_coeff_in2_out0.coe'
INFO: [SIM-utils-43] Exported 'D:/KAN/FPGA_Prj/KAN_V1/KAN_V1.sim/sim_1/behav/xsim/layer1_coeff_in3_out0.mif'
INFO: [SIM-utils-43] Exported 'D:/KAN/FPGA_Prj/KAN_V1/KAN_V1.sim/sim_1/behav/xsim/layer1_coeff_in3_out0.coe'
INFO: [SIM-utils-43] Exported 'D:/KAN/FPGA_Prj/KAN_V1/KAN_V1.sim/sim_1/behav/xsim/layer1_coeff_in4_out0.mif'
INFO: [SIM-utils-43] Exported 'D:/KAN/FPGA_Prj/KAN_V1/KAN_V1.sim/sim_1/behav/xsim/layer1_coeff_in4_out0.coe'
INFO: [USF-XSim-97] Finding global include files...
INFO: [USF-XSim-98] Fetching design files from 'sim_1'...
INFO: [USF-XSim-2] XSim::Compile design
INFO: [USF-XSim-61] Executing 'COMPILE and ANALYZE' step in 'D:/KAN/FPGA_Prj/KAN_V1/KAN_V1.sim/sim_1/behav/xsim'
"xvlog --incr --relax -L uvm -prj tb_bsu_vlog.prj"
ECHO 处于关闭状态。
ECHO 处于关闭状态。
INFO: [VRFC 10-2263] Analyzing Verilog file "D:/KAN/FPGA_Prj/KAN_V1/KAN_V1.gen/sources_1/ip/layer1_coeff_in4_out0/sim/layer1_coeff_in4_out0.v" into library xil_defaultlib
INFO: [VRFC 10-311] analyzing module layer1_coeff_in4_out0
INFO: [VRFC 10-2263] Analyzing Verilog file "D:/KAN/FPGA_Prj/KAN_V1/KAN_V1.gen/sources_1/ip/layer1_coeff_in3_out0/sim/layer1_coeff_in3_out0.v" into library xil_defaultlib
INFO: [VRFC 10-311] analyzing module layer1_coeff_in3_out0
INFO: [VRFC 10-2263] Analyzing Verilog file "D:/KAN/FPGA_Prj/KAN_V1/KAN_V1.gen/sources_1/ip/layer1_coeff_in2_out0/sim/layer1_coeff_in2_out0.v" into library xil_defaultlib
INFO: [VRFC 10-311] analyzing module layer1_coeff_in2_out0
INFO: [VRFC 10-2263] Analyzing Verilog file "D:/KAN/FPGA_Prj/KAN_V1/KAN_V1.gen/sources_1/ip/layer1_coeff_in1_out0/sim/layer1_coeff_in1_out0.v" into library xil_defaultlib
INFO: [VRFC 10-311] analyzing module layer1_coeff_in1_out0
INFO: [VRFC 10-2263] Analyzing Verilog file "D:/KAN/FPGA_Prj/KAN_V1/KAN_V1.gen/sources_1/ip/layer1_coeff_in0_out0/sim/layer1_coeff_in0_out0.v" into library xil_defaultlib
INFO: [VRFC 10-311] analyzing module layer1_coeff_in0_out0
INFO: [VRFC 10-2263] Analyzing Verilog file "D:/KAN/FPGA_Prj/KAN_V1/KAN_V1.gen/sources_1/ip/layer0_coeff_in2_out4/sim/layer0_coeff_in2_out4.v" into library xil_defaultlib
INFO: [VRFC 10-311] analyzing module layer0_coeff_in2_out4
INFO: [VRFC 10-2263] Analyzing Verilog file "D:/KAN/FPGA_Prj/KAN_V1/KAN_V1.gen/sources_1/ip/layer0_coeff_in2_out3/sim/layer0_coeff_in2_out3.v" into library xil_defaultlib
INFO: [VRFC 10-311] analyzing module layer0_coeff_in2_out3
INFO: [VRFC 10-2263] Analyzing Verilog file "D:/KAN/FPGA_Prj/KAN_V1/KAN_V1.gen/sources_1/ip/layer0_coeff_in2_out2/sim/layer0_coeff_in2_out2.v" into library xil_defaultlib
INFO: [VRFC 10-311] analyzing module layer0_coeff_in2_out2
INFO: [VRFC 10-2263] Analyzing Verilog file "D:/KAN/FPGA_Prj/KAN_V1/KAN_V1.gen/sources_1/ip/layer0_coeff_in2_out1/sim/layer0_coeff_in2_out1.v" into library xil_defaultlib
INFO: [VRFC 10-311] analyzing module layer0_coeff_in2_out1
INFO: [VRFC 10-2263] Analyzing Verilog file "D:/KAN/FPGA_Prj/KAN_V1/KAN_V1.gen/sources_1/ip/layer0_coeff_in2_out0/sim/layer0_coeff_in2_out0.v" into library xil_defaultlib
INFO: [VRFC 10-311] analyzing module layer0_coeff_in2_out0
INFO: [VRFC 10-2263] Analyzing Verilog file "D:/KAN/FPGA_Prj/KAN_V1/KAN_V1.gen/sources_1/ip/layer0_coeff_in1_out4/sim/layer0_coeff_in1_out4.v" into library xil_defaultlib
INFO: [VRFC 10-311] analyzing module layer0_coeff_in1_out4
INFO: [VRFC 10-2263] Analyzing Verilog file "D:/KAN/FPGA_Prj/KAN_V1/KAN_V1.gen/sources_1/ip/layer0_coeff_in1_out3/sim/layer0_coeff_in1_out3.v" into library xil_defaultlib
INFO: [VRFC 10-311] analyzing module layer0_coeff_in1_out3
INFO: [VRFC 10-2263] Analyzing Verilog file "D:/KAN/FPGA_Prj/KAN_V1/KAN_V1.gen/sources_1/ip/layer0_coeff_in1_out2/sim/layer0_coeff_in1_out2.v" into library xil_defaultlib
INFO: [VRFC 10-311] analyzing module layer0_coeff_in1_out2
INFO: [VRFC 10-2263] Analyzing Verilog file "D:/KAN/FPGA_Prj/KAN_V1/KAN_V1.gen/sources_1/ip/layer0_coeff_in1_out1/sim/layer0_coeff_in1_out1.v" into library xil_defaultlib
INFO: [VRFC 10-311] analyzing module layer0_coeff_in1_out1
INFO: [VRFC 10-2263] Analyzing Verilog file "D:/KAN/FPGA_Prj/KAN_V1/KAN_V1.gen/sources_1/ip/layer0_coeff_in1_out0/sim/layer0_coeff_in1_out0.v" into library xil_defaultlib
INFO: [VRFC 10-311] analyzing module layer0_coeff_in1_out0
INFO: [VRFC 10-2263] Analyzing Verilog file "D:/KAN/FPGA_Prj/KAN_V1/KAN_V1.gen/sources_1/ip/layer0_coeff_in0_out4/sim/layer0_coeff_in0_out4.v" into library xil_defaultlib
INFO: [VRFC 10-311] analyzing module layer0_coeff_in0_out4
INFO: [VRFC 10-2263] Analyzing Verilog file "D:/KAN/FPGA_Prj/KAN_V1/KAN_V1.gen/sources_1/ip/layer0_coeff_in0_out3/sim/layer0_coeff_in0_out3.v" into library xil_defaultlib
INFO: [VRFC 10-311] analyzing module layer0_coeff_in0_out3
INFO: [VRFC 10-2263] Analyzing Verilog file "D:/KAN/FPGA_Prj/KAN_V1/KAN_V1.gen/sources_1/ip/layer0_coeff_in0_out2/sim/layer0_coeff_in0_out2.v" into library xil_defaultlib
INFO: [VRFC 10-311] analyzing module layer0_coeff_in0_out2
INFO: [VRFC 10-2263] Analyzing Verilog file "D:/KAN/FPGA_Prj/KAN_V1/KAN_V1.gen/sources_1/ip/layer0_coeff_in0_out1/sim/layer0_coeff_in0_out1.v" into library xil_defaultlib
INFO: [VRFC 10-311] analyzing module layer0_coeff_in0_out1
INFO: [VRFC 10-2263] Analyzing Verilog file "D:/KAN/FPGA_Prj/KAN_V1/KAN_V1.gen/sources_1/ip/layer0_coeff_in0_out0/sim/layer0_coeff_in0_out0.v" into library xil_defaultlib
INFO: [VRFC 10-311] analyzing module layer0_coeff_in0_out0
INFO: [VRFC 10-2263] Analyzing Verilog file "D:/KAN/FPGA_Prj/KAN_V1/KAN_V1.srcs/sources_1/new/BSU.v" into library xil_defaultlib
INFO: [VRFC 10-311] analyzing module BSU
INFO: [VRFC 10-2263] Analyzing Verilog file "D:/KAN/FPGA_Prj/KAN_V1/KAN_V1.srcs/sources_1/new/internal_finder.v" into library xil_defaultlib
INFO: [VRFC 10-311] analyzing module internal_finder
INFO: [VRFC 10-2263] Analyzing Verilog file "D:/KAN/FPGA_Prj/KAN_V1/KAN_V1.srcs/sources_1/new/mac.v" into library xil_defaultlib
INFO: [VRFC 10-311] analyzing module mac
INFO: [VRFC 10-2263] Analyzing Verilog file "D:/KAN/FPGA_Prj/KAN_V1/KAN_V1.srcs/sources_1/new/multiplier.v" into library xil_defaultlib
INFO: [VRFC 10-311] analyzing module multiplier
INFO: [USF-XSim-69] 'compile' step finished in '3' seconds
INFO: [USF-XSim-3] XSim::Elaborate design
INFO: [USF-XSim-61] Executing 'ELABORATE' step in 'D:/KAN/FPGA_Prj/KAN_V1/KAN_V1.sim/sim_1/behav/xsim'
"xelab --incr --debug typical --relax --mt 2 -L xil_defaultlib -L blk_mem_gen_v8_4_7 -L uvm -L unisims_ver -L unimacro_ver -L secureip -L xpm --snapshot tb_bsu_behav xil_defaultlib.tb_bsu xil_defaultlib.glbl -log elaborate.log"
ECHO 处于关闭状态。
ECHO 处于关闭状态。
Vivado Simulator v2023.2
Copyright 1986-2022 Xilinx, Inc. All Rights Reserved.
Copyright 2022-2023 Advanced Micro Devices, Inc. All Rights Reserved.
Running: D:/Xilinx/Vivado/2023.2/bin/unwrapped/win64.o/xelab.exe --incr --debug typical --relax --mt 2 -L xil_defaultlib -L blk_mem_gen_v8_4_7 -L uvm -L unisims_ver -L unimacro_ver -L secureip -L xpm --snapshot tb_bsu_behav xil_defaultlib.tb_bsu xil_defaultlib.glbl -log elaborate.log 
Using 2 slave threads.
Starting static elaboration
Pass Through NonSizing Optimizer
WARNING: [VRFC 10-3091] actual bit length 32 differs from formal bit length 5 for port 'channel0_cs' [D:/KAN/FPGA_Prj/KAN_V1/KAN_V1.srcs/sim_1/new/tb_bsu.v:46]
WARNING: [VRFC 10-3091] actual bit length 32 differs from formal bit length 7 for port 'addra' [D:/KAN/FPGA_Prj/KAN_V1/KAN_V1.srcs/sources_1/new/Coeff_Rom.sv:211]
WARNING: [VRFC 10-3091] actual bit length 32 differs from formal bit length 6 for port 'addra' [D:/KAN/FPGA_Prj/KAN_V1/KAN_V1.srcs/sources_1/new/Coeff_Rom.sv:217]
WARNING: [VRFC 10-3091] actual bit length 32 differs from formal bit length 6 for port 'addra' [D:/KAN/FPGA_Prj/KAN_V1/KAN_V1.srcs/sources_1/new/Coeff_Rom.sv:223]
WARNING: [VRFC 10-3091] actual bit length 32 differs from formal bit length 6 for port 'addra' [D:/KAN/FPGA_Prj/KAN_V1/KAN_V1.srcs/sources_1/new/Coeff_Rom.sv:229]
WARNING: [VRFC 10-3091] actual bit length 32 differs from formal bit length 6 for port 'addra' [D:/KAN/FPGA_Prj/KAN_V1/KAN_V1.srcs/sources_1/new/Coeff_Rom.sv:235]
WARNING: [VRFC 10-3091] actual bit length 32 differs from formal bit length 6 for port 'addra' [D:/KAN/FPGA_Prj/KAN_V1/KAN_V1.srcs/sources_1/new/Coeff_Rom.sv:243]
WARNING: [VRFC 10-3091] actual bit length 32 differs from formal bit length 6 for port 'addra' [D:/KAN/FPGA_Prj/KAN_V1/KAN_V1.srcs/sources_1/new/Coeff_Rom.sv:249]
WARNING: [VRFC 10-3091] actual bit length 32 differs from formal bit length 6 for port 'addra' [D:/KAN/FPGA_Prj/KAN_V1/KAN_V1.srcs/sources_1/new/Coeff_Rom.sv:255]
WARNING: [VRFC 10-3091] actual bit length 32 differs from formal bit length 6 for port 'addra' [D:/KAN/FPGA_Prj/KAN_V1/KAN_V1.srcs/sources_1/new/Coeff_Rom.sv:262]
WARNING: [VRFC 10-3091] actual bit length 32 differs from formal bit length 6 for port 'addra' [D:/KAN/FPGA_Prj/KAN_V1/KAN_V1.srcs/sources_1/new/Coeff_Rom.sv:269]
WARNING: [VRFC 10-3091] actual bit length 32 differs from formal bit length 6 for port 'addra' [D:/KAN/FPGA_Prj/KAN_V1/KAN_V1.srcs/sources_1/new/Coeff_Rom.sv:276]
WARNING: [VRFC 10-3091] actual bit length 32 differs from formal bit length 6 for port 'addra' [D:/KAN/FPGA_Prj/KAN_V1/KAN_V1.srcs/sources_1/new/Coeff_Rom.sv:282]
WARNING: [VRFC 10-3091] actual bit length 32 differs from formal bit length 6 for port 'addra' [D:/KAN/FPGA_Prj/KAN_V1/KAN_V1.srcs/sources_1/new/Coeff_Rom.sv:288]
WARNING: [VRFC 10-3091] actual bit length 32 differs from formal bit length 6 for port 'addra' [D:/KAN/FPGA_Prj/KAN_V1/KAN_V1.srcs/sources_1/new/Coeff_Rom.sv:294]
WARNING: [VRFC 10-3091] actual bit length 32 differs from formal bit length 6 for port 'addra' [D:/KAN/FPGA_Prj/KAN_V1/KAN_V1.srcs/sources_1/new/Coeff_Rom.sv:300]
WARNING: [VRFC 10-3091] actual bit length 32 differs from formal bit length 6 for port 'addra' [D:/KAN/FPGA_Prj/KAN_V1/KAN_V1.srcs/sources_1/new/Coeff_Rom.sv:307]
WARNING: [VRFC 10-3091] actual bit length 32 differs from formal bit length 6 for port 'addra' [D:/KAN/FPGA_Prj/KAN_V1/KAN_V1.srcs/sources_1/new/Coeff_Rom.sv:313]
WARNING: [VRFC 10-3091] actual bit length 32 differs from formal bit length 6 for port 'addra' [D:/KAN/FPGA_Prj/KAN_V1/KAN_V1.srcs/sources_1/new/Coeff_Rom.sv:319]
WARNING: [VRFC 10-3091] actual bit length 32 differs from formal bit length 6 for port 'addra' [D:/KAN/FPGA_Prj/KAN_V1/KAN_V1.srcs/sources_1/new/Coeff_Rom.sv:325]
WARNING: [VRFC 10-3091] actual bit length 32 differs from formal bit length 6 for port 'addra' [D:/KAN/FPGA_Prj/KAN_V1/KAN_V1.srcs/sources_1/new/Coeff_Rom.sv:331]
Completed static elaboration
Starting simulation data flow analysis
Completed simulation data flow analysis
Time Resolution for simulation is 1ps
Compiling module blk_mem_gen_v8_4_7.blk_mem_gen_v8_4_7_output_stage(...
Compiling module blk_mem_gen_v8_4_7.blk_mem_gen_v8_4_7_softecc_outpu...
Compiling module blk_mem_gen_v8_4_7.blk_mem_gen_v8_4_7_mem_module(C_...
Compiling module blk_mem_gen_v8_4_7.blk_mem_gen_v8_4_7(C_FAMILY="zyn...
Compiling module xil_defaultlib.layer0_coeff_in0_out0
Compiling module blk_mem_gen_v8_4_7.blk_mem_gen_v8_4_7_output_stage(...
Compiling module blk_mem_gen_v8_4_7.blk_mem_gen_v8_4_7_softecc_outpu...
Compiling module blk_mem_gen_v8_4_7.blk_mem_gen_v8_4_7_mem_module(C_...
Compiling module blk_mem_gen_v8_4_7.blk_mem_gen_v8_4_7(C_FAMILY="zyn...
Compiling module xil_defaultlib.layer0_coeff_in0_out1
Compiling module blk_mem_gen_v8_4_7.blk_mem_gen_v8_4_7_mem_module(C_...
Compiling module blk_mem_gen_v8_4_7.blk_mem_gen_v8_4_7(C_FAMILY="zyn...
Compiling module xil_defaultlib.layer0_coeff_in0_out2
Compiling module blk_mem_gen_v8_4_7.blk_mem_gen_v8_4_7_mem_module(C_...
Compiling module blk_mem_gen_v8_4_7.blk_mem_gen_v8_4_7(C_FAMILY="zyn...
Compiling module xil_defaultlib.layer0_coeff_in0_out3
Compiling module blk_mem_gen_v8_4_7.blk_mem_gen_v8_4_7_mem_module(C_...
Compiling module blk_mem_gen_v8_4_7.blk_mem_gen_v8_4_7(C_FAMILY="zyn...
Compiling module xil_defaultlib.layer0_coeff_in0_out4
Compiling module blk_mem_gen_v8_4_7.blk_mem_gen_v8_4_7_mem_module(C_...
Compiling module blk_mem_gen_v8_4_7.blk_mem_gen_v8_4_7(C_FAMILY="zyn...
Compiling module xil_defaultlib.layer0_coeff_in1_out0
Compiling module blk_mem_gen_v8_4_7.blk_mem_gen_v8_4_7_mem_module(C_...
Compiling module blk_mem_gen_v8_4_7.blk_mem_gen_v8_4_7(C_FAMILY="zyn...
Compiling module xil_defaultlib.layer0_coeff_in1_out1
Compiling module blk_mem_gen_v8_4_7.blk_mem_gen_v8_4_7_mem_module(C_...
Compiling module blk_mem_gen_v8_4_7.blk_mem_gen_v8_4_7(C_FAMILY="zyn...
Compiling module xil_defaultlib.layer0_coeff_in1_out2
Compiling module blk_mem_gen_v8_4_7.blk_mem_gen_v8_4_7_mem_module(C_...
Compiling module blk_mem_gen_v8_4_7.blk_mem_gen_v8_4_7(C_FAMILY="zyn...
Compiling module xil_defaultlib.layer0_coeff_in1_out3
Compiling module blk_mem_gen_v8_4_7.blk_mem_gen_v8_4_7_mem_module(C_...
Compiling module blk_mem_gen_v8_4_7.blk_mem_gen_v8_4_7(C_FAMILY="zyn...
Compiling module xil_defaultlib.layer0_coeff_in1_out4
Compiling module blk_mem_gen_v8_4_7.blk_mem_gen_v8_4_7_mem_module(C_...
Compiling module blk_mem_gen_v8_4_7.blk_mem_gen_v8_4_7(C_FAMILY="zyn...
Compiling module xil_defaultlib.layer0_coeff_in2_out0
Compiling module blk_mem_gen_v8_4_7.blk_mem_gen_v8_4_7_mem_module(C_...
Compiling module blk_mem_gen_v8_4_7.blk_mem_gen_v8_4_7(C_FAMILY="zyn...
Compiling module xil_defaultlib.layer0_coeff_in2_out1
Compiling module blk_mem_gen_v8_4_7.blk_mem_gen_v8_4_7_mem_module(C_...
Compiling module blk_mem_gen_v8_4_7.blk_mem_gen_v8_4_7(C_FAMILY="zyn...
Compiling module xil_defaultlib.layer0_coeff_in2_out2
Compiling module blk_mem_gen_v8_4_7.blk_mem_gen_v8_4_7_mem_module(C_...
Compiling module blk_mem_gen_v8_4_7.blk_mem_gen_v8_4_7(C_FAMILY="zyn...
Compiling module xil_defaultlib.layer0_coeff_in2_out3
Compiling module blk_mem_gen_v8_4_7.blk_mem_gen_v8_4_7_mem_module(C_...
Compiling module blk_mem_gen_v8_4_7.blk_mem_gen_v8_4_7(C_FAMILY="zyn...
Compiling module xil_defaultlib.layer0_coeff_in2_out4
Compiling module blk_mem_gen_v8_4_7.blk_mem_gen_v8_4_7_mem_module(C_...
Compiling module blk_mem_gen_v8_4_7.blk_mem_gen_v8_4_7(C_FAMILY="zyn...
Compiling module xil_defaultlib.layer1_coeff_in0_out0
Compiling module blk_mem_gen_v8_4_7.blk_mem_gen_v8_4_7_mem_module(C_...
Compiling module blk_mem_gen_v8_4_7.blk_mem_gen_v8_4_7(C_FAMILY="zyn...
Compiling module xil_defaultlib.layer1_coeff_in1_out0
Compiling module blk_mem_gen_v8_4_7.blk_mem_gen_v8_4_7_mem_module(C_...
Compiling module blk_mem_gen_v8_4_7.blk_mem_gen_v8_4_7(C_FAMILY="zyn...
Compiling module xil_defaultlib.layer1_coeff_in2_out0
Compiling module blk_mem_gen_v8_4_7.blk_mem_gen_v8_4_7_mem_module(C_...
Compiling module blk_mem_gen_v8_4_7.blk_mem_gen_v8_4_7(C_FAMILY="zyn...
Compiling module xil_defaultlib.layer1_coeff_in3_out0
Compiling module blk_mem_gen_v8_4_7.blk_mem_gen_v8_4_7_mem_module(C_...
Compiling module blk_mem_gen_v8_4_7.blk_mem_gen_v8_4_7(C_FAMILY="zyn...
Compiling module xil_defaultlib.layer1_coeff_in4_out0
Compiling module xil_defaultlib.Coeff_Rom
Compiling module xil_defaultlib.internal_finder
Compiling module xil_defaultlib.multiplier
Compiling module xil_defaultlib.mac
Compiling module xil_defaultlib.BSU
Compiling module xil_defaultlib.tb_bsu
Compiling module xil_defaultlib.glbl
Built simulation snapshot tb_bsu_behav
run_program: Time (s): cpu = 00:00:01 ; elapsed = 00:00:27 . Memory (MB): peak = 2770.828 ; gain = 0.000
INFO: [USF-XSim-69] 'elaborate' step finished in '27' seconds
INFO: [USF-XSim-4] XSim::Simulate design
INFO: [USF-XSim-61] Executing 'SIMULATE' step in 'D:/KAN/FPGA_Prj/KAN_V1/KAN_V1.sim/sim_1/behav/xsim'
INFO: [USF-XSim-98] *** Running xsim
   with args "tb_bsu_behav -key {Behavioral:sim_1:Functional:tb_bsu} -tclbatch {tb_bsu.tcl} -view {D:/KAN/FPGA_Prj/KAN_V1/tb_module_behav.wcfg} -log {simulate.log}"
INFO: [USF-XSim-8] Loading simulator feature
Time resolution is 1 ps
open_wave_config D:/KAN/FPGA_Prj/KAN_V1/tb_module_behav.wcfg
source tb_bsu.tcl
# set curr_wave [current_wave_config]
# if { [string length $curr_wave] == 0 } {
#   if { [llength [get_objects]] > 0} {
#     add_wave /
#     set_property needs_save false [current_wave_config]
#   } else {
#      send_msg_id Add_Wave-1 WARNING "No top level signals found. Simulator will start without a wave window. If you want to open a wave window go to 'File->New Waveform Configuration' or type 'create_wave_config' in the TCL console."
#   }
# }
# run 1000ns
 Block Memory Generator module loading initial data...
 Block Memory Generator data initialization complete.
Block Memory Generator module tb_bsu.ROM_TEST.bram0.inst.\native_mem_module.blk_mem_gen_v8_4_7_inst  is using a behavioral model for simulation which will not precisely model memory collision behavior.
 Block Memory Generator module loading initial data...
 Block Memory Generator data initialization complete.
Block Memory Generator module tb_bsu.ROM_TEST.bram1.inst.\native_mem_module.blk_mem_gen_v8_4_7_inst  is using a behavioral model for simulation which will not precisely model memory collision behavior.
 Block Memory Generator module loading initial data...
 Block Memory Generator data initialization complete.
Block Memory Generator module tb_bsu.ROM_TEST.bram2.inst.\native_mem_module.blk_mem_gen_v8_4_7_inst  is using a behavioral model for simulation which will not precisely model memory collision behavior.
 Block Memory Generator module loading initial data...
 Block Memory Generator data initialization complete.
Block Memory Generator module tb_bsu.ROM_TEST.bram3.inst.\native_mem_module.blk_mem_gen_v8_4_7_inst  is using a behavioral model for simulation which will not precisely model memory collision behavior.
 Block Memory Generator module loading initial data...
 Block Memory Generator data initialization complete.
Block Memory Generator module tb_bsu.ROM_TEST.bram4.inst.\native_mem_module.blk_mem_gen_v8_4_7_inst  is using a behavioral model for simulation which will not precisely model memory collision behavior.
 Block Memory Generator module loading initial data...
 Block Memory Generator data initialization complete.
Block Memory Generator module tb_bsu.ROM_TEST.bram5.inst.\native_mem_module.blk_mem_gen_v8_4_7_inst  is using a behavioral model for simulation which will not precisely model memory collision behavior.
 Block Memory Generator module loading initial data...
 Block Memory Generator data initialization complete.
Block Memory Generator module tb_bsu.ROM_TEST.bram6.inst.\native_mem_module.blk_mem_gen_v8_4_7_inst  is using a behavioral model for simulation which will not precisely model memory collision behavior.
 Block Memory Generator module loading initial data...
 Block Memory Generator data initialization complete.
Block Memory Generator module tb_bsu.ROM_TEST.bram7.inst.\native_mem_module.blk_mem_gen_v8_4_7_inst  is using a behavioral model for simulation which will not precisely model memory collision behavior.
 Block Memory Generator module loading initial data...
 Block Memory Generator data initialization complete.
Block Memory Generator module tb_bsu.ROM_TEST.bram8.inst.\native_mem_module.blk_mem_gen_v8_4_7_inst  is using a behavioral model for simulation which will not precisely model memory collision behavior.
 Block Memory Generator module loading initial data...
 Block Memory Generator data initialization complete.
Block Memory Generator module tb_bsu.ROM_TEST.bram9.inst.\native_mem_module.blk_mem_gen_v8_4_7_inst  is using a behavioral model for simulation which will not precisely model memory collision behavior.
 Block Memory Generator module loading initial data...
 Block Memory Generator data initialization complete.
Block Memory Generator module tb_bsu.ROM_TEST.bram10.inst.\native_mem_module.blk_mem_gen_v8_4_7_inst  is using a behavioral model for simulation which will not precisely model memory collision behavior.
 Block Memory Generator module loading initial data...
 Block Memory Generator data initialization complete.
Block Memory Generator module tb_bsu.ROM_TEST.bram11.inst.\native_mem_module.blk_mem_gen_v8_4_7_inst  is using a behavioral model for simulation which will not precisely model memory collision behavior.
 Block Memory Generator module loading initial data...
 Block Memory Generator data initialization complete.
Block Memory Generator module tb_bsu.ROM_TEST.bram12.inst.\native_mem_module.blk_mem_gen_v8_4_7_inst  is using a behavioral model for simulation which will not precisely model memory collision behavior.
 Block Memory Generator module loading initial data...
 Block Memory Generator data initialization complete.
Block Memory Generator module tb_bsu.ROM_TEST.bram13.inst.\native_mem_module.blk_mem_gen_v8_4_7_inst  is using a behavioral model for simulation which will not precisely model memory collision behavior.
 Block Memory Generator module loading initial data...
 Block Memory Generator data initialization complete.
Block Memory Generator module tb_bsu.ROM_TEST.bram14.inst.\native_mem_module.blk_mem_gen_v8_4_7_inst  is using a behavioral model for simulation which will not precisely model memory collision behavior.
 Block Memory Generator module loading initial data...
 Block Memory Generator data initialization complete.
Block Memory Generator module tb_bsu.ROM_TEST.bram15.inst.\native_mem_module.blk_mem_gen_v8_4_7_inst  is using a behavioral model for simulation which will not precisely model memory collision behavior.
 Block Memory Generator module loading initial data...
 Block Memory Generator data initialization complete.
Block Memory Generator module tb_bsu.ROM_TEST.bram16.inst.\native_mem_module.blk_mem_gen_v8_4_7_inst  is using a behavioral model for simulation which will not precisely model memory collision behavior.
 Block Memory Generator module loading initial data...
 Block Memory Generator data initialization complete.
Block Memory Generator module tb_bsu.ROM_TEST.bram17.inst.\native_mem_module.blk_mem_gen_v8_4_7_inst  is using a behavioral model for simulation which will not precisely model memory collision behavior.
 Block Memory Generator module loading initial data...
 Block Memory Generator data initialization complete.
Block Memory Generator module tb_bsu.ROM_TEST.bram18.inst.\native_mem_module.blk_mem_gen_v8_4_7_inst  is using a behavioral model for simulation which will not precisely model memory collision behavior.
 Block Memory Generator module loading initial data...
 Block Memory Generator data initialization complete.
Block Memory Generator module tb_bsu.ROM_TEST.bram19.inst.\native_mem_module.blk_mem_gen_v8_4_7_inst  is using a behavioral model for simulation which will not precisely model memory collision behavior.
INFO: [USF-XSim-96] XSim completed. Design snapshot 'tb_bsu_behav' loaded.
INFO: [USF-XSim-97] XSim simulation ran for 1000ns
launch_simulation: Time (s): cpu = 00:00:05 ; elapsed = 00:00:35 . Memory (MB): peak = 2770.828 ; gain = 0.000
relaunch_sim
Command: launch_simulation -step compile -simset sim_1 -mode behavioral
INFO: [Vivado 12-12493] Simulation top is 'tb_bsu'
WARNING: [Vivado 12-13340] Unable to auto find GCC executables from simulator install path! (path not set)
INFO: [Vivado 12-5682] Launching behavioral simulation in 'D:/KAN/FPGA_Prj/KAN_V1/KAN_V1.sim/sim_1/behav/xsim'
INFO: [SIM-utils-51] Simulation object is 'sim_1'
INFO: [USF-XSim-2] XSim::Compile design
INFO: [USF-XSim-61] Executing 'COMPILE and ANALYZE' step in 'D:/KAN/FPGA_Prj/KAN_V1/KAN_V1.sim/sim_1/behav/xsim'
"xvlog --incr --relax -L uvm -prj tb_bsu_vlog.prj"
ECHO 处于关闭状态。
ECHO 处于关闭状态。
INFO: [VRFC 10-2263] Analyzing Verilog file "D:/KAN/FPGA_Prj/KAN_V1/KAN_V1.gen/sources_1/ip/layer1_coeff_in4_out0/sim/layer1_coeff_in4_out0.v" into library xil_defaultlib
INFO: [VRFC 10-311] analyzing module layer1_coeff_in4_out0
INFO: [VRFC 10-2263] Analyzing Verilog file "D:/KAN/FPGA_Prj/KAN_V1/KAN_V1.gen/sources_1/ip/layer1_coeff_in3_out0/sim/layer1_coeff_in3_out0.v" into library xil_defaultlib
INFO: [VRFC 10-311] analyzing module layer1_coeff_in3_out0
INFO: [VRFC 10-2263] Analyzing Verilog file "D:/KAN/FPGA_Prj/KAN_V1/KAN_V1.gen/sources_1/ip/layer1_coeff_in2_out0/sim/layer1_coeff_in2_out0.v" into library xil_defaultlib
INFO: [VRFC 10-311] analyzing module layer1_coeff_in2_out0
INFO: [VRFC 10-2263] Analyzing Verilog file "D:/KAN/FPGA_Prj/KAN_V1/KAN_V1.gen/sources_1/ip/layer1_coeff_in1_out0/sim/layer1_coeff_in1_out0.v" into library xil_defaultlib
INFO: [VRFC 10-311] analyzing module layer1_coeff_in1_out0
INFO: [VRFC 10-2263] Analyzing Verilog file "D:/KAN/FPGA_Prj/KAN_V1/KAN_V1.gen/sources_1/ip/layer1_coeff_in0_out0/sim/layer1_coeff_in0_out0.v" into library xil_defaultlib
INFO: [VRFC 10-311] analyzing module layer1_coeff_in0_out0
INFO: [VRFC 10-2263] Analyzing Verilog file "D:/KAN/FPGA_Prj/KAN_V1/KAN_V1.gen/sources_1/ip/layer0_coeff_in2_out4/sim/layer0_coeff_in2_out4.v" into library xil_defaultlib
INFO: [VRFC 10-311] analyzing module layer0_coeff_in2_out4
INFO: [VRFC 10-2263] Analyzing Verilog file "D:/KAN/FPGA_Prj/KAN_V1/KAN_V1.gen/sources_1/ip/layer0_coeff_in2_out3/sim/layer0_coeff_in2_out3.v" into library xil_defaultlib
INFO: [VRFC 10-311] analyzing module layer0_coeff_in2_out3
INFO: [VRFC 10-2263] Analyzing Verilog file "D:/KAN/FPGA_Prj/KAN_V1/KAN_V1.gen/sources_1/ip/layer0_coeff_in2_out2/sim/layer0_coeff_in2_out2.v" into library xil_defaultlib
INFO: [VRFC 10-311] analyzing module layer0_coeff_in2_out2
INFO: [VRFC 10-2263] Analyzing Verilog file "D:/KAN/FPGA_Prj/KAN_V1/KAN_V1.gen/sources_1/ip/layer0_coeff_in2_out1/sim/layer0_coeff_in2_out1.v" into library xil_defaultlib
INFO: [VRFC 10-311] analyzing module layer0_coeff_in2_out1
INFO: [VRFC 10-2263] Analyzing Verilog file "D:/KAN/FPGA_Prj/KAN_V1/KAN_V1.gen/sources_1/ip/layer0_coeff_in2_out0/sim/layer0_coeff_in2_out0.v" into library xil_defaultlib
INFO: [VRFC 10-311] analyzing module layer0_coeff_in2_out0
INFO: [VRFC 10-2263] Analyzing Verilog file "D:/KAN/FPGA_Prj/KAN_V1/KAN_V1.gen/sources_1/ip/layer0_coeff_in1_out4/sim/layer0_coeff_in1_out4.v" into library xil_defaultlib
INFO: [VRFC 10-311] analyzing module layer0_coeff_in1_out4
INFO: [VRFC 10-2263] Analyzing Verilog file "D:/KAN/FPGA_Prj/KAN_V1/KAN_V1.gen/sources_1/ip/layer0_coeff_in1_out3/sim/layer0_coeff_in1_out3.v" into library xil_defaultlib
INFO: [VRFC 10-311] analyzing module layer0_coeff_in1_out3
INFO: [VRFC 10-2263] Analyzing Verilog file "D:/KAN/FPGA_Prj/KAN_V1/KAN_V1.gen/sources_1/ip/layer0_coeff_in1_out2/sim/layer0_coeff_in1_out2.v" into library xil_defaultlib
INFO: [VRFC 10-311] analyzing module layer0_coeff_in1_out2
INFO: [VRFC 10-2263] Analyzing Verilog file "D:/KAN/FPGA_Prj/KAN_V1/KAN_V1.gen/sources_1/ip/layer0_coeff_in1_out1/sim/layer0_coeff_in1_out1.v" into library xil_defaultlib
INFO: [VRFC 10-311] analyzing module layer0_coeff_in1_out1
INFO: [VRFC 10-2263] Analyzing Verilog file "D:/KAN/FPGA_Prj/KAN_V1/KAN_V1.gen/sources_1/ip/layer0_coeff_in1_out0/sim/layer0_coeff_in1_out0.v" into library xil_defaultlib
INFO: [VRFC 10-311] analyzing module layer0_coeff_in1_out0
INFO: [VRFC 10-2263] Analyzing Verilog file "D:/KAN/FPGA_Prj/KAN_V1/KAN_V1.gen/sources_1/ip/layer0_coeff_in0_out4/sim/layer0_coeff_in0_out4.v" into library xil_defaultlib
INFO: [VRFC 10-311] analyzing module layer0_coeff_in0_out4
INFO: [VRFC 10-2263] Analyzing Verilog file "D:/KAN/FPGA_Prj/KAN_V1/KAN_V1.gen/sources_1/ip/layer0_coeff_in0_out3/sim/layer0_coeff_in0_out3.v" into library xil_defaultlib
INFO: [VRFC 10-311] analyzing module layer0_coeff_in0_out3
INFO: [VRFC 10-2263] Analyzing Verilog file "D:/KAN/FPGA_Prj/KAN_V1/KAN_V1.gen/sources_1/ip/layer0_coeff_in0_out2/sim/layer0_coeff_in0_out2.v" into library xil_defaultlib
INFO: [VRFC 10-311] analyzing module layer0_coeff_in0_out2
INFO: [VRFC 10-2263] Analyzing Verilog file "D:/KAN/FPGA_Prj/KAN_V1/KAN_V1.gen/sources_1/ip/layer0_coeff_in0_out1/sim/layer0_coeff_in0_out1.v" into library xil_defaultlib
INFO: [VRFC 10-311] analyzing module layer0_coeff_in0_out1
INFO: [VRFC 10-2263] Analyzing Verilog file "D:/KAN/FPGA_Prj/KAN_V1/KAN_V1.gen/sources_1/ip/layer0_coeff_in0_out0/sim/layer0_coeff_in0_out0.v" into library xil_defaultlib
INFO: [VRFC 10-311] analyzing module layer0_coeff_in0_out0
INFO: [VRFC 10-2263] Analyzing Verilog file "D:/KAN/FPGA_Prj/KAN_V1/KAN_V1.srcs/sources_1/new/BSU.v" into library xil_defaultlib
INFO: [VRFC 10-311] analyzing module BSU
INFO: [VRFC 10-2263] Analyzing Verilog file "D:/KAN/FPGA_Prj/KAN_V1/KAN_V1.srcs/sources_1/new/internal_finder.v" into library xil_defaultlib
INFO: [VRFC 10-311] analyzing module internal_finder
INFO: [VRFC 10-2263] Analyzing Verilog file "D:/KAN/FPGA_Prj/KAN_V1/KAN_V1.srcs/sources_1/new/mac.v" into library xil_defaultlib
INFO: [VRFC 10-311] analyzing module mac
INFO: [VRFC 10-2263] Analyzing Verilog file "D:/KAN/FPGA_Prj/KAN_V1/KAN_V1.srcs/sources_1/new/multiplier.v" into library xil_defaultlib
INFO: [VRFC 10-311] analyzing module multiplier
INFO: [USF-XSim-69] 'compile' step finished in '3' seconds
Command: launch_simulation -step elaborate -simset sim_1 -mode behavioral
INFO: [Vivado 12-12493] Simulation top is 'tb_bsu'
WARNING: [Vivado 12-13340] Unable to auto find GCC executables from simulator install path! (path not set)
INFO: [Vivado 12-5682] Launching behavioral simulation in 'D:/KAN/FPGA_Prj/KAN_V1/KAN_V1.sim/sim_1/behav/xsim'
INFO: [SIM-utils-51] Simulation object is 'sim_1'
INFO: [USF-XSim-3] XSim::Elaborate design
INFO: [USF-XSim-61] Executing 'ELABORATE' step in 'D:/KAN/FPGA_Prj/KAN_V1/KAN_V1.sim/sim_1/behav/xsim'
"xelab --incr --debug typical --relax --mt 2 -L xil_defaultlib -L blk_mem_gen_v8_4_7 -L uvm -L unisims_ver -L unimacro_ver -L secureip -L xpm --snapshot tb_bsu_behav xil_defaultlib.tb_bsu xil_defaultlib.glbl -log elaborate.log"
ECHO 处于关闭状态。
ECHO 处于关闭状态。
Vivado Simulator v2023.2
Copyright 1986-2022 Xilinx, Inc. All Rights Reserved.
Copyright 2022-2023 Advanced Micro Devices, Inc. All Rights Reserved.
Running: D:/Xilinx/Vivado/2023.2/bin/unwrapped/win64.o/xelab.exe --incr --debug typical --relax --mt 2 -L xil_defaultlib -L blk_mem_gen_v8_4_7 -L uvm -L unisims_ver -L unimacro_ver -L secureip -L xpm --snapshot tb_bsu_behav xil_defaultlib.tb_bsu xil_defaultlib.glbl -log elaborate.log 
Using 2 slave threads.
Starting static elaboration
Pass Through NonSizing Optimizer
WARNING: [VRFC 10-3091] actual bit length 32 differs from formal bit length 5 for port 'channel0_cs' [D:/KAN/FPGA_Prj/KAN_V1/KAN_V1.srcs/sim_1/new/tb_bsu.v:46]
WARNING: [VRFC 10-3091] actual bit length 32 differs from formal bit length 7 for port 'addra' [D:/KAN/FPGA_Prj/KAN_V1/KAN_V1.srcs/sources_1/new/Coeff_Rom.sv:211]
WARNING: [VRFC 10-3091] actual bit length 32 differs from formal bit length 6 for port 'addra' [D:/KAN/FPGA_Prj/KAN_V1/KAN_V1.srcs/sources_1/new/Coeff_Rom.sv:217]
WARNING: [VRFC 10-3091] actual bit length 32 differs from formal bit length 6 for port 'addra' [D:/KAN/FPGA_Prj/KAN_V1/KAN_V1.srcs/sources_1/new/Coeff_Rom.sv:223]
WARNING: [VRFC 10-3091] actual bit length 32 differs from formal bit length 6 for port 'addra' [D:/KAN/FPGA_Prj/KAN_V1/KAN_V1.srcs/sources_1/new/Coeff_Rom.sv:229]
WARNING: [VRFC 10-3091] actual bit length 32 differs from formal bit length 6 for port 'addra' [D:/KAN/FPGA_Prj/KAN_V1/KAN_V1.srcs/sources_1/new/Coeff_Rom.sv:235]
WARNING: [VRFC 10-3091] actual bit length 32 differs from formal bit length 6 for port 'addra' [D:/KAN/FPGA_Prj/KAN_V1/KAN_V1.srcs/sources_1/new/Coeff_Rom.sv:243]
WARNING: [VRFC 10-3091] actual bit length 32 differs from formal bit length 6 for port 'addra' [D:/KAN/FPGA_Prj/KAN_V1/KAN_V1.srcs/sources_1/new/Coeff_Rom.sv:249]
WARNING: [VRFC 10-3091] actual bit length 32 differs from formal bit length 6 for port 'addra' [D:/KAN/FPGA_Prj/KAN_V1/KAN_V1.srcs/sources_1/new/Coeff_Rom.sv:255]
WARNING: [VRFC 10-3091] actual bit length 32 differs from formal bit length 6 for port 'addra' [D:/KAN/FPGA_Prj/KAN_V1/KAN_V1.srcs/sources_1/new/Coeff_Rom.sv:262]
WARNING: [VRFC 10-3091] actual bit length 32 differs from formal bit length 6 for port 'addra' [D:/KAN/FPGA_Prj/KAN_V1/KAN_V1.srcs/sources_1/new/Coeff_Rom.sv:269]
WARNING: [VRFC 10-3091] actual bit length 32 differs from formal bit length 6 for port 'addra' [D:/KAN/FPGA_Prj/KAN_V1/KAN_V1.srcs/sources_1/new/Coeff_Rom.sv:276]
WARNING: [VRFC 10-3091] actual bit length 32 differs from formal bit length 6 for port 'addra' [D:/KAN/FPGA_Prj/KAN_V1/KAN_V1.srcs/sources_1/new/Coeff_Rom.sv:282]
WARNING: [VRFC 10-3091] actual bit length 32 differs from formal bit length 6 for port 'addra' [D:/KAN/FPGA_Prj/KAN_V1/KAN_V1.srcs/sources_1/new/Coeff_Rom.sv:288]
WARNING: [VRFC 10-3091] actual bit length 32 differs from formal bit length 6 for port 'addra' [D:/KAN/FPGA_Prj/KAN_V1/KAN_V1.srcs/sources_1/new/Coeff_Rom.sv:294]
WARNING: [VRFC 10-3091] actual bit length 32 differs from formal bit length 6 for port 'addra' [D:/KAN/FPGA_Prj/KAN_V1/KAN_V1.srcs/sources_1/new/Coeff_Rom.sv:300]
WARNING: [VRFC 10-3091] actual bit length 32 differs from formal bit length 6 for port 'addra' [D:/KAN/FPGA_Prj/KAN_V1/KAN_V1.srcs/sources_1/new/Coeff_Rom.sv:307]
WARNING: [VRFC 10-3091] actual bit length 32 differs from formal bit length 6 for port 'addra' [D:/KAN/FPGA_Prj/KAN_V1/KAN_V1.srcs/sources_1/new/Coeff_Rom.sv:313]
WARNING: [VRFC 10-3091] actual bit length 32 differs from formal bit length 6 for port 'addra' [D:/KAN/FPGA_Prj/KAN_V1/KAN_V1.srcs/sources_1/new/Coeff_Rom.sv:319]
WARNING: [VRFC 10-3091] actual bit length 32 differs from formal bit length 6 for port 'addra' [D:/KAN/FPGA_Prj/KAN_V1/KAN_V1.srcs/sources_1/new/Coeff_Rom.sv:325]
WARNING: [VRFC 10-3091] actual bit length 32 differs from formal bit length 6 for port 'addra' [D:/KAN/FPGA_Prj/KAN_V1/KAN_V1.srcs/sources_1/new/Coeff_Rom.sv:331]
Completed static elaboration
Starting simulation data flow analysis
Completed simulation data flow analysis
Time Resolution for simulation is 1ps
Compiling module blk_mem_gen_v8_4_7.blk_mem_gen_v8_4_7_output_stage(...
Compiling module blk_mem_gen_v8_4_7.blk_mem_gen_v8_4_7_softecc_outpu...
Compiling module blk_mem_gen_v8_4_7.blk_mem_gen_v8_4_7_mem_module(C_...
Compiling module blk_mem_gen_v8_4_7.blk_mem_gen_v8_4_7(C_FAMILY="zyn...
Compiling module xil_defaultlib.layer0_coeff_in0_out0
Compiling module blk_mem_gen_v8_4_7.blk_mem_gen_v8_4_7_output_stage(...
Compiling module blk_mem_gen_v8_4_7.blk_mem_gen_v8_4_7_softecc_outpu...
Compiling module blk_mem_gen_v8_4_7.blk_mem_gen_v8_4_7_mem_module(C_...
Compiling module blk_mem_gen_v8_4_7.blk_mem_gen_v8_4_7(C_FAMILY="zyn...
Compiling module xil_defaultlib.layer0_coeff_in0_out1
Compiling module blk_mem_gen_v8_4_7.blk_mem_gen_v8_4_7_mem_module(C_...
Compiling module blk_mem_gen_v8_4_7.blk_mem_gen_v8_4_7(C_FAMILY="zyn...
Compiling module xil_defaultlib.layer0_coeff_in0_out2
Compiling module blk_mem_gen_v8_4_7.blk_mem_gen_v8_4_7_mem_module(C_...
Compiling module blk_mem_gen_v8_4_7.blk_mem_gen_v8_4_7(C_FAMILY="zyn...
Compiling module xil_defaultlib.layer0_coeff_in0_out3
Compiling module blk_mem_gen_v8_4_7.blk_mem_gen_v8_4_7_mem_module(C_...
Compiling module blk_mem_gen_v8_4_7.blk_mem_gen_v8_4_7(C_FAMILY="zyn...
Compiling module xil_defaultlib.layer0_coeff_in0_out4
Compiling module blk_mem_gen_v8_4_7.blk_mem_gen_v8_4_7_mem_module(C_...
Compiling module blk_mem_gen_v8_4_7.blk_mem_gen_v8_4_7(C_FAMILY="zyn...
Compiling module xil_defaultlib.layer0_coeff_in1_out0
Compiling module blk_mem_gen_v8_4_7.blk_mem_gen_v8_4_7_mem_module(C_...
Compiling module blk_mem_gen_v8_4_7.blk_mem_gen_v8_4_7(C_FAMILY="zyn...
Compiling module xil_defaultlib.layer0_coeff_in1_out1
Compiling module blk_mem_gen_v8_4_7.blk_mem_gen_v8_4_7_mem_module(C_...
Compiling module blk_mem_gen_v8_4_7.blk_mem_gen_v8_4_7(C_FAMILY="zyn...
Compiling module xil_defaultlib.layer0_coeff_in1_out2
Compiling module blk_mem_gen_v8_4_7.blk_mem_gen_v8_4_7_mem_module(C_...
Compiling module blk_mem_gen_v8_4_7.blk_mem_gen_v8_4_7(C_FAMILY="zyn...
Compiling module xil_defaultlib.layer0_coeff_in1_out3
Compiling module blk_mem_gen_v8_4_7.blk_mem_gen_v8_4_7_mem_module(C_...
Compiling module blk_mem_gen_v8_4_7.blk_mem_gen_v8_4_7(C_FAMILY="zyn...
Compiling module xil_defaultlib.layer0_coeff_in1_out4
Compiling module blk_mem_gen_v8_4_7.blk_mem_gen_v8_4_7_mem_module(C_...
Compiling module blk_mem_gen_v8_4_7.blk_mem_gen_v8_4_7(C_FAMILY="zyn...
Compiling module xil_defaultlib.layer0_coeff_in2_out0
Compiling module blk_mem_gen_v8_4_7.blk_mem_gen_v8_4_7_mem_module(C_...
Compiling module blk_mem_gen_v8_4_7.blk_mem_gen_v8_4_7(C_FAMILY="zyn...
Compiling module xil_defaultlib.layer0_coeff_in2_out1
Compiling module blk_mem_gen_v8_4_7.blk_mem_gen_v8_4_7_mem_module(C_...
Compiling module blk_mem_gen_v8_4_7.blk_mem_gen_v8_4_7(C_FAMILY="zyn...
Compiling module xil_defaultlib.layer0_coeff_in2_out2
Compiling module blk_mem_gen_v8_4_7.blk_mem_gen_v8_4_7_mem_module(C_...
Compiling module blk_mem_gen_v8_4_7.blk_mem_gen_v8_4_7(C_FAMILY="zyn...
Compiling module xil_defaultlib.layer0_coeff_in2_out3
Compiling module blk_mem_gen_v8_4_7.blk_mem_gen_v8_4_7_mem_module(C_...
Compiling module blk_mem_gen_v8_4_7.blk_mem_gen_v8_4_7(C_FAMILY="zyn...
Compiling module xil_defaultlib.layer0_coeff_in2_out4
Compiling module blk_mem_gen_v8_4_7.blk_mem_gen_v8_4_7_mem_module(C_...
Compiling module blk_mem_gen_v8_4_7.blk_mem_gen_v8_4_7(C_FAMILY="zyn...
Compiling module xil_defaultlib.layer1_coeff_in0_out0
Compiling module blk_mem_gen_v8_4_7.blk_mem_gen_v8_4_7_mem_module(C_...
Compiling module blk_mem_gen_v8_4_7.blk_mem_gen_v8_4_7(C_FAMILY="zyn...
Compiling module xil_defaultlib.layer1_coeff_in1_out0
Compiling module blk_mem_gen_v8_4_7.blk_mem_gen_v8_4_7_mem_module(C_...
Compiling module blk_mem_gen_v8_4_7.blk_mem_gen_v8_4_7(C_FAMILY="zyn...
Compiling module xil_defaultlib.layer1_coeff_in2_out0
Compiling module blk_mem_gen_v8_4_7.blk_mem_gen_v8_4_7_mem_module(C_...
Compiling module blk_mem_gen_v8_4_7.blk_mem_gen_v8_4_7(C_FAMILY="zyn...
Compiling module xil_defaultlib.layer1_coeff_in3_out0
Compiling module blk_mem_gen_v8_4_7.blk_mem_gen_v8_4_7_mem_module(C_...
Compiling module blk_mem_gen_v8_4_7.blk_mem_gen_v8_4_7(C_FAMILY="zyn...
Compiling module xil_defaultlib.layer1_coeff_in4_out0
Compiling module xil_defaultlib.Coeff_Rom
Compiling module xil_defaultlib.internal_finder
Compiling module xil_defaultlib.multiplier
Compiling module xil_defaultlib.mac
Compiling module xil_defaultlib.BSU
Compiling module xil_defaultlib.tb_bsu
Compiling module xil_defaultlib.glbl
Built simulation snapshot tb_bsu_behav
run_program: Time (s): cpu = 00:00:02 ; elapsed = 00:00:33 . Memory (MB): peak = 2770.828 ; gain = 0.000
INFO: [USF-XSim-69] 'elaborate' step finished in '33' seconds
launch_simulation: Time (s): cpu = 00:00:02 ; elapsed = 00:00:34 . Memory (MB): peak = 2770.828 ; gain = 0.000
Time resolution is 1 ps
 Block Memory Generator module loading initial data...
 Block Memory Generator data initialization complete.
Block Memory Generator module tb_bsu.ROM_TEST.bram0.inst.\native_mem_module.blk_mem_gen_v8_4_7_inst  is using a behavioral model for simulation which will not precisely model memory collision behavior.
 Block Memory Generator module loading initial data...
 Block Memory Generator data initialization complete.
Block Memory Generator module tb_bsu.ROM_TEST.bram1.inst.\native_mem_module.blk_mem_gen_v8_4_7_inst  is using a behavioral model for simulation which will not precisely model memory collision behavior.
 Block Memory Generator module loading initial data...
 Block Memory Generator data initialization complete.
Block Memory Generator module tb_bsu.ROM_TEST.bram2.inst.\native_mem_module.blk_mem_gen_v8_4_7_inst  is using a behavioral model for simulation which will not precisely model memory collision behavior.
 Block Memory Generator module loading initial data...
 Block Memory Generator data initialization complete.
Block Memory Generator module tb_bsu.ROM_TEST.bram3.inst.\native_mem_module.blk_mem_gen_v8_4_7_inst  is using a behavioral model for simulation which will not precisely model memory collision behavior.
 Block Memory Generator module loading initial data...
 Block Memory Generator data initialization complete.
Block Memory Generator module tb_bsu.ROM_TEST.bram4.inst.\native_mem_module.blk_mem_gen_v8_4_7_inst  is using a behavioral model for simulation which will not precisely model memory collision behavior.
 Block Memory Generator module loading initial data...
 Block Memory Generator data initialization complete.
Block Memory Generator module tb_bsu.ROM_TEST.bram5.inst.\native_mem_module.blk_mem_gen_v8_4_7_inst  is using a behavioral model for simulation which will not precisely model memory collision behavior.
 Block Memory Generator module loading initial data...
 Block Memory Generator data initialization complete.
Block Memory Generator module tb_bsu.ROM_TEST.bram6.inst.\native_mem_module.blk_mem_gen_v8_4_7_inst  is using a behavioral model for simulation which will not precisely model memory collision behavior.
 Block Memory Generator module loading initial data...
 Block Memory Generator data initialization complete.
Block Memory Generator module tb_bsu.ROM_TEST.bram7.inst.\native_mem_module.blk_mem_gen_v8_4_7_inst  is using a behavioral model for simulation which will not precisely model memory collision behavior.
 Block Memory Generator module loading initial data...
 Block Memory Generator data initialization complete.
Block Memory Generator module tb_bsu.ROM_TEST.bram8.inst.\native_mem_module.blk_mem_gen_v8_4_7_inst  is using a behavioral model for simulation which will not precisely model memory collision behavior.
 Block Memory Generator module loading initial data...
 Block Memory Generator data initialization complete.
Block Memory Generator module tb_bsu.ROM_TEST.bram9.inst.\native_mem_module.blk_mem_gen_v8_4_7_inst  is using a behavioral model for simulation which will not precisely model memory collision behavior.
 Block Memory Generator module loading initial data...
 Block Memory Generator data initialization complete.
Block Memory Generator module tb_bsu.ROM_TEST.bram10.inst.\native_mem_module.blk_mem_gen_v8_4_7_inst  is using a behavioral model for simulation which will not precisely model memory collision behavior.
 Block Memory Generator module loading initial data...
 Block Memory Generator data initialization complete.
Block Memory Generator module tb_bsu.ROM_TEST.bram11.inst.\native_mem_module.blk_mem_gen_v8_4_7_inst  is using a behavioral model for simulation which will not precisely model memory collision behavior.
 Block Memory Generator module loading initial data...
 Block Memory Generator data initialization complete.
Block Memory Generator module tb_bsu.ROM_TEST.bram12.inst.\native_mem_module.blk_mem_gen_v8_4_7_inst  is using a behavioral model for simulation which will not precisely model memory collision behavior.
 Block Memory Generator module loading initial data...
 Block Memory Generator data initialization complete.
Block Memory Generator module tb_bsu.ROM_TEST.bram13.inst.\native_mem_module.blk_mem_gen_v8_4_7_inst  is using a behavioral model for simulation which will not precisely model memory collision behavior.
 Block Memory Generator module loading initial data...
 Block Memory Generator data initialization complete.
Block Memory Generator module tb_bsu.ROM_TEST.bram14.inst.\native_mem_module.blk_mem_gen_v8_4_7_inst  is using a behavioral model for simulation which will not precisely model memory collision behavior.
 Block Memory Generator module loading initial data...
 Block Memory Generator data initialization complete.
Block Memory Generator module tb_bsu.ROM_TEST.bram15.inst.\native_mem_module.blk_mem_gen_v8_4_7_inst  is using a behavioral model for simulation which will not precisely model memory collision behavior.
 Block Memory Generator module loading initial data...
 Block Memory Generator data initialization complete.
Block Memory Generator module tb_bsu.ROM_TEST.bram16.inst.\native_mem_module.blk_mem_gen_v8_4_7_inst  is using a behavioral model for simulation which will not precisely model memory collision behavior.
 Block Memory Generator module loading initial data...
 Block Memory Generator data initialization complete.
Block Memory Generator module tb_bsu.ROM_TEST.bram17.inst.\native_mem_module.blk_mem_gen_v8_4_7_inst  is using a behavioral model for simulation which will not precisely model memory collision behavior.
 Block Memory Generator module loading initial data...
 Block Memory Generator data initialization complete.
Block Memory Generator module tb_bsu.ROM_TEST.bram18.inst.\native_mem_module.blk_mem_gen_v8_4_7_inst  is using a behavioral model for simulation which will not precisely model memory collision behavior.
 Block Memory Generator module loading initial data...
 Block Memory Generator data initialization complete.
Block Memory Generator module tb_bsu.ROM_TEST.bram19.inst.\native_mem_module.blk_mem_gen_v8_4_7_inst  is using a behavioral model for simulation which will not precisely model memory collision behavior.
relaunch_sim: Time (s): cpu = 00:00:04 ; elapsed = 00:00:39 . Memory (MB): peak = 2770.828 ; gain = 0.000
relaunch_sim
Command: launch_simulation -step compile -simset sim_1 -mode behavioral
INFO: [Vivado 12-12493] Simulation top is 'tb_bsu'
WARNING: [Vivado 12-13340] Unable to auto find GCC executables from simulator install path! (path not set)
INFO: [Vivado 12-5682] Launching behavioral simulation in 'D:/KAN/FPGA_Prj/KAN_V1/KAN_V1.sim/sim_1/behav/xsim'
INFO: [SIM-utils-51] Simulation object is 'sim_1'
INFO: [USF-XSim-2] XSim::Compile design
INFO: [USF-XSim-61] Executing 'COMPILE and ANALYZE' step in 'D:/KAN/FPGA_Prj/KAN_V1/KAN_V1.sim/sim_1/behav/xsim'
"xvlog --incr --relax -L uvm -prj tb_bsu_vlog.prj"
ECHO 处于关闭状态。
ECHO 处于关闭状态。
INFO: [USF-XSim-69] 'compile' step finished in '1' seconds
Command: launch_simulation -step elaborate -simset sim_1 -mode behavioral
INFO: [Vivado 12-12493] Simulation top is 'tb_bsu'
WARNING: [Vivado 12-13340] Unable to auto find GCC executables from simulator install path! (path not set)
INFO: [Vivado 12-5682] Launching behavioral simulation in 'D:/KAN/FPGA_Prj/KAN_V1/KAN_V1.sim/sim_1/behav/xsim'
INFO: [SIM-utils-51] Simulation object is 'sim_1'
INFO: [USF-XSim-3] XSim::Elaborate design
INFO: [USF-XSim-61] Executing 'ELABORATE' step in 'D:/KAN/FPGA_Prj/KAN_V1/KAN_V1.sim/sim_1/behav/xsim'
"xelab --incr --debug typical --relax --mt 2 -L xil_defaultlib -L blk_mem_gen_v8_4_7 -L uvm -L unisims_ver -L unimacro_ver -L secureip -L xpm --snapshot tb_bsu_behav xil_defaultlib.tb_bsu xil_defaultlib.glbl -log elaborate.log"
ECHO 处于关闭状态。
ECHO 处于关闭状态。
Vivado Simulator v2023.2
Copyright 1986-2022 Xilinx, Inc. All Rights Reserved.
Copyright 2022-2023 Advanced Micro Devices, Inc. All Rights Reserved.
Running: D:/Xilinx/Vivado/2023.2/bin/unwrapped/win64.o/xelab.exe --incr --debug typical --relax --mt 2 -L xil_defaultlib -L blk_mem_gen_v8_4_7 -L uvm -L unisims_ver -L unimacro_ver -L secureip -L xpm --snapshot tb_bsu_behav xil_defaultlib.tb_bsu xil_defaultlib.glbl -log elaborate.log 
Using 2 slave threads.
Starting static elaboration
Pass Through NonSizing Optimizer
WARNING: [VRFC 10-3091] actual bit length 32 differs from formal bit length 5 for port 'channel0_cs' [D:/KAN/FPGA_Prj/KAN_V1/KAN_V1.srcs/sim_1/new/tb_bsu.v:46]
WARNING: [VRFC 10-3091] actual bit length 32 differs from formal bit length 7 for port 'addra' [D:/KAN/FPGA_Prj/KAN_V1/KAN_V1.srcs/sources_1/new/Coeff_Rom.sv:211]
WARNING: [VRFC 10-3091] actual bit length 32 differs from formal bit length 6 for port 'addra' [D:/KAN/FPGA_Prj/KAN_V1/KAN_V1.srcs/sources_1/new/Coeff_Rom.sv:217]
WARNING: [VRFC 10-3091] actual bit length 32 differs from formal bit length 6 for port 'addra' [D:/KAN/FPGA_Prj/KAN_V1/KAN_V1.srcs/sources_1/new/Coeff_Rom.sv:223]
WARNING: [VRFC 10-3091] actual bit length 32 differs from formal bit length 6 for port 'addra' [D:/KAN/FPGA_Prj/KAN_V1/KAN_V1.srcs/sources_1/new/Coeff_Rom.sv:229]
WARNING: [VRFC 10-3091] actual bit length 32 differs from formal bit length 6 for port 'addra' [D:/KAN/FPGA_Prj/KAN_V1/KAN_V1.srcs/sources_1/new/Coeff_Rom.sv:235]
WARNING: [VRFC 10-3091] actual bit length 32 differs from formal bit length 6 for port 'addra' [D:/KAN/FPGA_Prj/KAN_V1/KAN_V1.srcs/sources_1/new/Coeff_Rom.sv:243]
WARNING: [VRFC 10-3091] actual bit length 32 differs from formal bit length 6 for port 'addra' [D:/KAN/FPGA_Prj/KAN_V1/KAN_V1.srcs/sources_1/new/Coeff_Rom.sv:249]
WARNING: [VRFC 10-3091] actual bit length 32 differs from formal bit length 6 for port 'addra' [D:/KAN/FPGA_Prj/KAN_V1/KAN_V1.srcs/sources_1/new/Coeff_Rom.sv:255]
WARNING: [VRFC 10-3091] actual bit length 32 differs from formal bit length 6 for port 'addra' [D:/KAN/FPGA_Prj/KAN_V1/KAN_V1.srcs/sources_1/new/Coeff_Rom.sv:262]
WARNING: [VRFC 10-3091] actual bit length 32 differs from formal bit length 6 for port 'addra' [D:/KAN/FPGA_Prj/KAN_V1/KAN_V1.srcs/sources_1/new/Coeff_Rom.sv:269]
WARNING: [VRFC 10-3091] actual bit length 32 differs from formal bit length 6 for port 'addra' [D:/KAN/FPGA_Prj/KAN_V1/KAN_V1.srcs/sources_1/new/Coeff_Rom.sv:276]
WARNING: [VRFC 10-3091] actual bit length 32 differs from formal bit length 6 for port 'addra' [D:/KAN/FPGA_Prj/KAN_V1/KAN_V1.srcs/sources_1/new/Coeff_Rom.sv:282]
WARNING: [VRFC 10-3091] actual bit length 32 differs from formal bit length 6 for port 'addra' [D:/KAN/FPGA_Prj/KAN_V1/KAN_V1.srcs/sources_1/new/Coeff_Rom.sv:288]
WARNING: [VRFC 10-3091] actual bit length 32 differs from formal bit length 6 for port 'addra' [D:/KAN/FPGA_Prj/KAN_V1/KAN_V1.srcs/sources_1/new/Coeff_Rom.sv:294]
WARNING: [VRFC 10-3091] actual bit length 32 differs from formal bit length 6 for port 'addra' [D:/KAN/FPGA_Prj/KAN_V1/KAN_V1.srcs/sources_1/new/Coeff_Rom.sv:300]
WARNING: [VRFC 10-3091] actual bit length 32 differs from formal bit length 6 for port 'addra' [D:/KAN/FPGA_Prj/KAN_V1/KAN_V1.srcs/sources_1/new/Coeff_Rom.sv:307]
WARNING: [VRFC 10-3091] actual bit length 32 differs from formal bit length 6 for port 'addra' [D:/KAN/FPGA_Prj/KAN_V1/KAN_V1.srcs/sources_1/new/Coeff_Rom.sv:313]
WARNING: [VRFC 10-3091] actual bit length 32 differs from formal bit length 6 for port 'addra' [D:/KAN/FPGA_Prj/KAN_V1/KAN_V1.srcs/sources_1/new/Coeff_Rom.sv:319]
WARNING: [VRFC 10-3091] actual bit length 32 differs from formal bit length 6 for port 'addra' [D:/KAN/FPGA_Prj/KAN_V1/KAN_V1.srcs/sources_1/new/Coeff_Rom.sv:325]
WARNING: [VRFC 10-3091] actual bit length 32 differs from formal bit length 6 for port 'addra' [D:/KAN/FPGA_Prj/KAN_V1/KAN_V1.srcs/sources_1/new/Coeff_Rom.sv:331]
Completed static elaboration
INFO: [XSIM 43-4323] No Change in HDL. Linking previously generated obj files to create kernel
INFO: [USF-XSim-69] 'elaborate' step finished in '2' seconds
Time resolution is 1 ps
 Block Memory Generator module loading initial data...
 Block Memory Generator data initialization complete.
Block Memory Generator module tb_bsu.ROM_TEST.bram0.inst.\native_mem_module.blk_mem_gen_v8_4_7_inst  is using a behavioral model for simulation which will not precisely model memory collision behavior.
 Block Memory Generator module loading initial data...
 Block Memory Generator data initialization complete.
Block Memory Generator module tb_bsu.ROM_TEST.bram1.inst.\native_mem_module.blk_mem_gen_v8_4_7_inst  is using a behavioral model for simulation which will not precisely model memory collision behavior.
 Block Memory Generator module loading initial data...
 Block Memory Generator data initialization complete.
Block Memory Generator module tb_bsu.ROM_TEST.bram2.inst.\native_mem_module.blk_mem_gen_v8_4_7_inst  is using a behavioral model for simulation which will not precisely model memory collision behavior.
 Block Memory Generator module loading initial data...
 Block Memory Generator data initialization complete.
Block Memory Generator module tb_bsu.ROM_TEST.bram3.inst.\native_mem_module.blk_mem_gen_v8_4_7_inst  is using a behavioral model for simulation which will not precisely model memory collision behavior.
 Block Memory Generator module loading initial data...
 Block Memory Generator data initialization complete.
Block Memory Generator module tb_bsu.ROM_TEST.bram4.inst.\native_mem_module.blk_mem_gen_v8_4_7_inst  is using a behavioral model for simulation which will not precisely model memory collision behavior.
 Block Memory Generator module loading initial data...
 Block Memory Generator data initialization complete.
Block Memory Generator module tb_bsu.ROM_TEST.bram5.inst.\native_mem_module.blk_mem_gen_v8_4_7_inst  is using a behavioral model for simulation which will not precisely model memory collision behavior.
 Block Memory Generator module loading initial data...
 Block Memory Generator data initialization complete.
Block Memory Generator module tb_bsu.ROM_TEST.bram6.inst.\native_mem_module.blk_mem_gen_v8_4_7_inst  is using a behavioral model for simulation which will not precisely model memory collision behavior.
 Block Memory Generator module loading initial data...
 Block Memory Generator data initialization complete.
Block Memory Generator module tb_bsu.ROM_TEST.bram7.inst.\native_mem_module.blk_mem_gen_v8_4_7_inst  is using a behavioral model for simulation which will not precisely model memory collision behavior.
 Block Memory Generator module loading initial data...
 Block Memory Generator data initialization complete.
Block Memory Generator module tb_bsu.ROM_TEST.bram8.inst.\native_mem_module.blk_mem_gen_v8_4_7_inst  is using a behavioral model for simulation which will not precisely model memory collision behavior.
 Block Memory Generator module loading initial data...
 Block Memory Generator data initialization complete.
Block Memory Generator module tb_bsu.ROM_TEST.bram9.inst.\native_mem_module.blk_mem_gen_v8_4_7_inst  is using a behavioral model for simulation which will not precisely model memory collision behavior.
 Block Memory Generator module loading initial data...
 Block Memory Generator data initialization complete.
Block Memory Generator module tb_bsu.ROM_TEST.bram10.inst.\native_mem_module.blk_mem_gen_v8_4_7_inst  is using a behavioral model for simulation which will not precisely model memory collision behavior.
 Block Memory Generator module loading initial data...
 Block Memory Generator data initialization complete.
Block Memory Generator module tb_bsu.ROM_TEST.bram11.inst.\native_mem_module.blk_mem_gen_v8_4_7_inst  is using a behavioral model for simulation which will not precisely model memory collision behavior.
 Block Memory Generator module loading initial data...
 Block Memory Generator data initialization complete.
Block Memory Generator module tb_bsu.ROM_TEST.bram12.inst.\native_mem_module.blk_mem_gen_v8_4_7_inst  is using a behavioral model for simulation which will not precisely model memory collision behavior.
 Block Memory Generator module loading initial data...
 Block Memory Generator data initialization complete.
Block Memory Generator module tb_bsu.ROM_TEST.bram13.inst.\native_mem_module.blk_mem_gen_v8_4_7_inst  is using a behavioral model for simulation which will not precisely model memory collision behavior.
 Block Memory Generator module loading initial data...
 Block Memory Generator data initialization complete.
Block Memory Generator module tb_bsu.ROM_TEST.bram14.inst.\native_mem_module.blk_mem_gen_v8_4_7_inst  is using a behavioral model for simulation which will not precisely model memory collision behavior.
 Block Memory Generator module loading initial data...
 Block Memory Generator data initialization complete.
Block Memory Generator module tb_bsu.ROM_TEST.bram15.inst.\native_mem_module.blk_mem_gen_v8_4_7_inst  is using a behavioral model for simulation which will not precisely model memory collision behavior.
 Block Memory Generator module loading initial data...
 Block Memory Generator data initialization complete.
Block Memory Generator module tb_bsu.ROM_TEST.bram16.inst.\native_mem_module.blk_mem_gen_v8_4_7_inst  is using a behavioral model for simulation which will not precisely model memory collision behavior.
 Block Memory Generator module loading initial data...
 Block Memory Generator data initialization complete.
Block Memory Generator module tb_bsu.ROM_TEST.bram17.inst.\native_mem_module.blk_mem_gen_v8_4_7_inst  is using a behavioral model for simulation which will not precisely model memory collision behavior.
 Block Memory Generator module loading initial data...
 Block Memory Generator data initialization complete.
Block Memory Generator module tb_bsu.ROM_TEST.bram18.inst.\native_mem_module.blk_mem_gen_v8_4_7_inst  is using a behavioral model for simulation which will not precisely model memory collision behavior.
 Block Memory Generator module loading initial data...
 Block Memory Generator data initialization complete.
Block Memory Generator module tb_bsu.ROM_TEST.bram19.inst.\native_mem_module.blk_mem_gen_v8_4_7_inst  is using a behavioral model for simulation which will not precisely model memory collision behavior.
relaunch_sim: Time (s): cpu = 00:00:01 ; elapsed = 00:00:06 . Memory (MB): peak = 2770.828 ; gain = 0.000
save_wave_config {D:/KAN/FPGA_Prj/KAN_V1/tb_module_behav.wcfg}
close_sim
INFO: [Simtcl 6-16] Simulation closed
launch_simulation
Command: launch_simulation 
INFO: [Vivado 12-12493] Simulation top is 'tb_bsu'
WARNING: [Vivado 12-13340] Unable to auto find GCC executables from simulator install path! (path not set)
INFO: [Vivado 12-5682] Launching behavioral simulation in 'D:/KAN/FPGA_Prj/KAN_V1/KAN_V1.sim/sim_1/behav/xsim'
INFO: [SIM-utils-51] Simulation object is 'sim_1'
INFO: [SIM-utils-72] Using boost library from 'D:/Xilinx/Vivado/2023.2/tps/boost_1_72_0'
INFO: [USF-XSim-7] Finding pre-compiled libraries...
INFO: [USF-XSim-11] File 'D:/Xilinx/Vivado/2023.2/data/xsim/xsim.ini' copied to run dir:'D:/KAN/FPGA_Prj/KAN_V1/KAN_V1.sim/sim_1/behav/xsim'
INFO: [SIM-utils-54] Inspecting design source files for 'tb_bsu' in fileset 'sim_1'...
INFO: [SIM-utils-43] Exported 'D:/KAN/FPGA_Prj/KAN_V1/KAN_V1.sim/sim_1/behav/xsim/layer0_coeff_in0_out0.mif'
INFO: [SIM-utils-43] Exported 'D:/KAN/FPGA_Prj/KAN_V1/KAN_V1.sim/sim_1/behav/xsim/layer0_coeff_in0_out0.coe'
INFO: [SIM-utils-43] Exported 'D:/KAN/FPGA_Prj/KAN_V1/KAN_V1.sim/sim_1/behav/xsim/layer0_coeff_in0_out1.mif'
INFO: [SIM-utils-43] Exported 'D:/KAN/FPGA_Prj/KAN_V1/KAN_V1.sim/sim_1/behav/xsim/layer0_coeff_in0_out1.coe'
INFO: [SIM-utils-43] Exported 'D:/KAN/FPGA_Prj/KAN_V1/KAN_V1.sim/sim_1/behav/xsim/layer0_coeff_in0_out2.mif'
INFO: [SIM-utils-43] Exported 'D:/KAN/FPGA_Prj/KAN_V1/KAN_V1.sim/sim_1/behav/xsim/layer0_coeff_in0_out2.coe'
INFO: [SIM-utils-43] Exported 'D:/KAN/FPGA_Prj/KAN_V1/KAN_V1.sim/sim_1/behav/xsim/layer0_coeff_in0_out3.mif'
INFO: [SIM-utils-43] Exported 'D:/KAN/FPGA_Prj/KAN_V1/KAN_V1.sim/sim_1/behav/xsim/layer0_coeff_in0_out3.coe'
INFO: [SIM-utils-43] Exported 'D:/KAN/FPGA_Prj/KAN_V1/KAN_V1.sim/sim_1/behav/xsim/layer0_coeff_in0_out4.mif'
INFO: [SIM-utils-43] Exported 'D:/KAN/FPGA_Prj/KAN_V1/KAN_V1.sim/sim_1/behav/xsim/layer0_coeff_in0_out4.coe'
INFO: [SIM-utils-43] Exported 'D:/KAN/FPGA_Prj/KAN_V1/KAN_V1.sim/sim_1/behav/xsim/layer0_coeff_in1_out0.mif'
INFO: [SIM-utils-43] Exported 'D:/KAN/FPGA_Prj/KAN_V1/KAN_V1.sim/sim_1/behav/xsim/layer0_coeff_in1_out0.coe'
INFO: [SIM-utils-43] Exported 'D:/KAN/FPGA_Prj/KAN_V1/KAN_V1.sim/sim_1/behav/xsim/layer0_coeff_in1_out1.mif'
INFO: [SIM-utils-43] Exported 'D:/KAN/FPGA_Prj/KAN_V1/KAN_V1.sim/sim_1/behav/xsim/layer0_coeff_in1_out1.coe'
INFO: [SIM-utils-43] Exported 'D:/KAN/FPGA_Prj/KAN_V1/KAN_V1.sim/sim_1/behav/xsim/layer0_coeff_in1_out2.mif'
INFO: [SIM-utils-43] Exported 'D:/KAN/FPGA_Prj/KAN_V1/KAN_V1.sim/sim_1/behav/xsim/layer0_coeff_in1_out2.coe'
INFO: [SIM-utils-43] Exported 'D:/KAN/FPGA_Prj/KAN_V1/KAN_V1.sim/sim_1/behav/xsim/layer0_coeff_in1_out3.mif'
INFO: [SIM-utils-43] Exported 'D:/KAN/FPGA_Prj/KAN_V1/KAN_V1.sim/sim_1/behav/xsim/layer0_coeff_in1_out3.coe'
INFO: [SIM-utils-43] Exported 'D:/KAN/FPGA_Prj/KAN_V1/KAN_V1.sim/sim_1/behav/xsim/layer0_coeff_in1_out4.mif'
INFO: [SIM-utils-43] Exported 'D:/KAN/FPGA_Prj/KAN_V1/KAN_V1.sim/sim_1/behav/xsim/layer0_coeff_in1_out4.coe'
INFO: [SIM-utils-43] Exported 'D:/KAN/FPGA_Prj/KAN_V1/KAN_V1.sim/sim_1/behav/xsim/layer0_coeff_in2_out0.mif'
INFO: [SIM-utils-43] Exported 'D:/KAN/FPGA_Prj/KAN_V1/KAN_V1.sim/sim_1/behav/xsim/layer0_coeff_in2_out0.coe'
INFO: [SIM-utils-43] Exported 'D:/KAN/FPGA_Prj/KAN_V1/KAN_V1.sim/sim_1/behav/xsim/layer0_coeff_in2_out1.mif'
INFO: [SIM-utils-43] Exported 'D:/KAN/FPGA_Prj/KAN_V1/KAN_V1.sim/sim_1/behav/xsim/layer0_coeff_in2_out1.coe'
INFO: [SIM-utils-43] Exported 'D:/KAN/FPGA_Prj/KAN_V1/KAN_V1.sim/sim_1/behav/xsim/layer0_coeff_in2_out2.mif'
INFO: [SIM-utils-43] Exported 'D:/KAN/FPGA_Prj/KAN_V1/KAN_V1.sim/sim_1/behav/xsim/layer0_coeff_in2_out2.coe'
INFO: [SIM-utils-43] Exported 'D:/KAN/FPGA_Prj/KAN_V1/KAN_V1.sim/sim_1/behav/xsim/layer0_coeff_in2_out3.mif'
INFO: [SIM-utils-43] Exported 'D:/KAN/FPGA_Prj/KAN_V1/KAN_V1.sim/sim_1/behav/xsim/layer0_coeff_in2_out3.coe'
INFO: [SIM-utils-43] Exported 'D:/KAN/FPGA_Prj/KAN_V1/KAN_V1.sim/sim_1/behav/xsim/layer0_coeff_in2_out4.mif'
INFO: [SIM-utils-43] Exported 'D:/KAN/FPGA_Prj/KAN_V1/KAN_V1.sim/sim_1/behav/xsim/layer0_coeff_in2_out4.coe'
INFO: [SIM-utils-43] Exported 'D:/KAN/FPGA_Prj/KAN_V1/KAN_V1.sim/sim_1/behav/xsim/layer1_coeff_in0_out0.mif'
INFO: [SIM-utils-43] Exported 'D:/KAN/FPGA_Prj/KAN_V1/KAN_V1.sim/sim_1/behav/xsim/layer1_coeff_in0_out0.coe'
INFO: [SIM-utils-43] Exported 'D:/KAN/FPGA_Prj/KAN_V1/KAN_V1.sim/sim_1/behav/xsim/layer1_coeff_in1_out0.mif'
INFO: [SIM-utils-43] Exported 'D:/KAN/FPGA_Prj/KAN_V1/KAN_V1.sim/sim_1/behav/xsim/layer1_coeff_in1_out0.coe'
INFO: [SIM-utils-43] Exported 'D:/KAN/FPGA_Prj/KAN_V1/KAN_V1.sim/sim_1/behav/xsim/layer1_coeff_in2_out0.mif'
INFO: [SIM-utils-43] Exported 'D:/KAN/FPGA_Prj/KAN_V1/KAN_V1.sim/sim_1/behav/xsim/layer1_coeff_in2_out0.coe'
INFO: [SIM-utils-43] Exported 'D:/KAN/FPGA_Prj/KAN_V1/KAN_V1.sim/sim_1/behav/xsim/layer1_coeff_in3_out0.mif'
INFO: [SIM-utils-43] Exported 'D:/KAN/FPGA_Prj/KAN_V1/KAN_V1.sim/sim_1/behav/xsim/layer1_coeff_in3_out0.coe'
INFO: [SIM-utils-43] Exported 'D:/KAN/FPGA_Prj/KAN_V1/KAN_V1.sim/sim_1/behav/xsim/layer1_coeff_in4_out0.mif'
INFO: [SIM-utils-43] Exported 'D:/KAN/FPGA_Prj/KAN_V1/KAN_V1.sim/sim_1/behav/xsim/layer1_coeff_in4_out0.coe'
INFO: [USF-XSim-97] Finding global include files...
INFO: [USF-XSim-98] Fetching design files from 'sim_1'...
INFO: [USF-XSim-2] XSim::Compile design
INFO: [USF-XSim-61] Executing 'COMPILE and ANALYZE' step in 'D:/KAN/FPGA_Prj/KAN_V1/KAN_V1.sim/sim_1/behav/xsim'
"xvlog --incr --relax -L uvm -prj tb_bsu_vlog.prj"
ECHO 处于关闭状态。
ECHO 处于关闭状态。
INFO: [VRFC 10-2263] Analyzing Verilog file "D:/KAN/FPGA_Prj/KAN_V1/KAN_V1.gen/sources_1/ip/layer1_coeff_in4_out0/sim/layer1_coeff_in4_out0.v" into library xil_defaultlib
INFO: [VRFC 10-311] analyzing module layer1_coeff_in4_out0
INFO: [VRFC 10-2263] Analyzing Verilog file "D:/KAN/FPGA_Prj/KAN_V1/KAN_V1.gen/sources_1/ip/layer1_coeff_in3_out0/sim/layer1_coeff_in3_out0.v" into library xil_defaultlib
INFO: [VRFC 10-311] analyzing module layer1_coeff_in3_out0
INFO: [VRFC 10-2263] Analyzing Verilog file "D:/KAN/FPGA_Prj/KAN_V1/KAN_V1.gen/sources_1/ip/layer1_coeff_in2_out0/sim/layer1_coeff_in2_out0.v" into library xil_defaultlib
INFO: [VRFC 10-311] analyzing module layer1_coeff_in2_out0
INFO: [VRFC 10-2263] Analyzing Verilog file "D:/KAN/FPGA_Prj/KAN_V1/KAN_V1.gen/sources_1/ip/layer1_coeff_in1_out0/sim/layer1_coeff_in1_out0.v" into library xil_defaultlib
INFO: [VRFC 10-311] analyzing module layer1_coeff_in1_out0
INFO: [VRFC 10-2263] Analyzing Verilog file "D:/KAN/FPGA_Prj/KAN_V1/KAN_V1.gen/sources_1/ip/layer1_coeff_in0_out0/sim/layer1_coeff_in0_out0.v" into library xil_defaultlib
INFO: [VRFC 10-311] analyzing module layer1_coeff_in0_out0
INFO: [VRFC 10-2263] Analyzing Verilog file "D:/KAN/FPGA_Prj/KAN_V1/KAN_V1.gen/sources_1/ip/layer0_coeff_in2_out4/sim/layer0_coeff_in2_out4.v" into library xil_defaultlib
INFO: [VRFC 10-311] analyzing module layer0_coeff_in2_out4
INFO: [VRFC 10-2263] Analyzing Verilog file "D:/KAN/FPGA_Prj/KAN_V1/KAN_V1.gen/sources_1/ip/layer0_coeff_in2_out3/sim/layer0_coeff_in2_out3.v" into library xil_defaultlib
INFO: [VRFC 10-311] analyzing module layer0_coeff_in2_out3
INFO: [VRFC 10-2263] Analyzing Verilog file "D:/KAN/FPGA_Prj/KAN_V1/KAN_V1.gen/sources_1/ip/layer0_coeff_in2_out2/sim/layer0_coeff_in2_out2.v" into library xil_defaultlib
INFO: [VRFC 10-311] analyzing module layer0_coeff_in2_out2
INFO: [VRFC 10-2263] Analyzing Verilog file "D:/KAN/FPGA_Prj/KAN_V1/KAN_V1.gen/sources_1/ip/layer0_coeff_in2_out1/sim/layer0_coeff_in2_out1.v" into library xil_defaultlib
INFO: [VRFC 10-311] analyzing module layer0_coeff_in2_out1
INFO: [VRFC 10-2263] Analyzing Verilog file "D:/KAN/FPGA_Prj/KAN_V1/KAN_V1.gen/sources_1/ip/layer0_coeff_in2_out0/sim/layer0_coeff_in2_out0.v" into library xil_defaultlib
INFO: [VRFC 10-311] analyzing module layer0_coeff_in2_out0
INFO: [VRFC 10-2263] Analyzing Verilog file "D:/KAN/FPGA_Prj/KAN_V1/KAN_V1.gen/sources_1/ip/layer0_coeff_in1_out4/sim/layer0_coeff_in1_out4.v" into library xil_defaultlib
INFO: [VRFC 10-311] analyzing module layer0_coeff_in1_out4
INFO: [VRFC 10-2263] Analyzing Verilog file "D:/KAN/FPGA_Prj/KAN_V1/KAN_V1.gen/sources_1/ip/layer0_coeff_in1_out3/sim/layer0_coeff_in1_out3.v" into library xil_defaultlib
INFO: [VRFC 10-311] analyzing module layer0_coeff_in1_out3
INFO: [VRFC 10-2263] Analyzing Verilog file "D:/KAN/FPGA_Prj/KAN_V1/KAN_V1.gen/sources_1/ip/layer0_coeff_in1_out2/sim/layer0_coeff_in1_out2.v" into library xil_defaultlib
INFO: [VRFC 10-311] analyzing module layer0_coeff_in1_out2
INFO: [VRFC 10-2263] Analyzing Verilog file "D:/KAN/FPGA_Prj/KAN_V1/KAN_V1.gen/sources_1/ip/layer0_coeff_in1_out1/sim/layer0_coeff_in1_out1.v" into library xil_defaultlib
INFO: [VRFC 10-311] analyzing module layer0_coeff_in1_out1
INFO: [VRFC 10-2263] Analyzing Verilog file "D:/KAN/FPGA_Prj/KAN_V1/KAN_V1.gen/sources_1/ip/layer0_coeff_in1_out0/sim/layer0_coeff_in1_out0.v" into library xil_defaultlib
INFO: [VRFC 10-311] analyzing module layer0_coeff_in1_out0
INFO: [VRFC 10-2263] Analyzing Verilog file "D:/KAN/FPGA_Prj/KAN_V1/KAN_V1.gen/sources_1/ip/layer0_coeff_in0_out4/sim/layer0_coeff_in0_out4.v" into library xil_defaultlib
INFO: [VRFC 10-311] analyzing module layer0_coeff_in0_out4
INFO: [VRFC 10-2263] Analyzing Verilog file "D:/KAN/FPGA_Prj/KAN_V1/KAN_V1.gen/sources_1/ip/layer0_coeff_in0_out3/sim/layer0_coeff_in0_out3.v" into library xil_defaultlib
INFO: [VRFC 10-311] analyzing module layer0_coeff_in0_out3
INFO: [VRFC 10-2263] Analyzing Verilog file "D:/KAN/FPGA_Prj/KAN_V1/KAN_V1.gen/sources_1/ip/layer0_coeff_in0_out2/sim/layer0_coeff_in0_out2.v" into library xil_defaultlib
INFO: [VRFC 10-311] analyzing module layer0_coeff_in0_out2
INFO: [VRFC 10-2263] Analyzing Verilog file "D:/KAN/FPGA_Prj/KAN_V1/KAN_V1.gen/sources_1/ip/layer0_coeff_in0_out1/sim/layer0_coeff_in0_out1.v" into library xil_defaultlib
INFO: [VRFC 10-311] analyzing module layer0_coeff_in0_out1
INFO: [VRFC 10-2263] Analyzing Verilog file "D:/KAN/FPGA_Prj/KAN_V1/KAN_V1.gen/sources_1/ip/layer0_coeff_in0_out0/sim/layer0_coeff_in0_out0.v" into library xil_defaultlib
INFO: [VRFC 10-311] analyzing module layer0_coeff_in0_out0
INFO: [VRFC 10-2263] Analyzing Verilog file "D:/KAN/FPGA_Prj/KAN_V1/KAN_V1.srcs/sources_1/new/BSU.v" into library xil_defaultlib
INFO: [VRFC 10-311] analyzing module BSU
INFO: [VRFC 10-2263] Analyzing Verilog file "D:/KAN/FPGA_Prj/KAN_V1/KAN_V1.srcs/sources_1/new/internal_finder.v" into library xil_defaultlib
INFO: [VRFC 10-311] analyzing module internal_finder
INFO: [VRFC 10-2263] Analyzing Verilog file "D:/KAN/FPGA_Prj/KAN_V1/KAN_V1.srcs/sources_1/new/mac.v" into library xil_defaultlib
INFO: [VRFC 10-311] analyzing module mac
INFO: [VRFC 10-2263] Analyzing Verilog file "D:/KAN/FPGA_Prj/KAN_V1/KAN_V1.srcs/sources_1/new/multiplier.v" into library xil_defaultlib
INFO: [VRFC 10-311] analyzing module multiplier
INFO: [USF-XSim-69] 'compile' step finished in '3' seconds
INFO: [USF-XSim-3] XSim::Elaborate design
INFO: [USF-XSim-61] Executing 'ELABORATE' step in 'D:/KAN/FPGA_Prj/KAN_V1/KAN_V1.sim/sim_1/behav/xsim'
"xelab --incr --debug typical --relax --mt 2 -L xil_defaultlib -L blk_mem_gen_v8_4_7 -L uvm -L unisims_ver -L unimacro_ver -L secureip -L xpm --snapshot tb_bsu_behav xil_defaultlib.tb_bsu xil_defaultlib.glbl -log elaborate.log"
ECHO 处于关闭状态。
ECHO 处于关闭状态。
Vivado Simulator v2023.2
Copyright 1986-2022 Xilinx, Inc. All Rights Reserved.
Copyright 2022-2023 Advanced Micro Devices, Inc. All Rights Reserved.
Running: D:/Xilinx/Vivado/2023.2/bin/unwrapped/win64.o/xelab.exe --incr --debug typical --relax --mt 2 -L xil_defaultlib -L blk_mem_gen_v8_4_7 -L uvm -L unisims_ver -L unimacro_ver -L secureip -L xpm --snapshot tb_bsu_behav xil_defaultlib.tb_bsu xil_defaultlib.glbl -log elaborate.log 
Using 2 slave threads.
Starting static elaboration
Pass Through NonSizing Optimizer
WARNING: [VRFC 10-3091] actual bit length 32 differs from formal bit length 5 for port 'channel0_cs' [D:/KAN/FPGA_Prj/KAN_V1/KAN_V1.srcs/sim_1/new/tb_bsu.v:46]
WARNING: [VRFC 10-3091] actual bit length 32 differs from formal bit length 7 for port 'addra' [D:/KAN/FPGA_Prj/KAN_V1/KAN_V1.srcs/sources_1/new/Coeff_Rom.sv:211]
WARNING: [VRFC 10-3091] actual bit length 32 differs from formal bit length 6 for port 'addra' [D:/KAN/FPGA_Prj/KAN_V1/KAN_V1.srcs/sources_1/new/Coeff_Rom.sv:217]
WARNING: [VRFC 10-3091] actual bit length 32 differs from formal bit length 6 for port 'addra' [D:/KAN/FPGA_Prj/KAN_V1/KAN_V1.srcs/sources_1/new/Coeff_Rom.sv:223]
WARNING: [VRFC 10-3091] actual bit length 32 differs from formal bit length 6 for port 'addra' [D:/KAN/FPGA_Prj/KAN_V1/KAN_V1.srcs/sources_1/new/Coeff_Rom.sv:229]
WARNING: [VRFC 10-3091] actual bit length 32 differs from formal bit length 6 for port 'addra' [D:/KAN/FPGA_Prj/KAN_V1/KAN_V1.srcs/sources_1/new/Coeff_Rom.sv:235]
WARNING: [VRFC 10-3091] actual bit length 32 differs from formal bit length 6 for port 'addra' [D:/KAN/FPGA_Prj/KAN_V1/KAN_V1.srcs/sources_1/new/Coeff_Rom.sv:243]
WARNING: [VRFC 10-3091] actual bit length 32 differs from formal bit length 6 for port 'addra' [D:/KAN/FPGA_Prj/KAN_V1/KAN_V1.srcs/sources_1/new/Coeff_Rom.sv:249]
WARNING: [VRFC 10-3091] actual bit length 32 differs from formal bit length 6 for port 'addra' [D:/KAN/FPGA_Prj/KAN_V1/KAN_V1.srcs/sources_1/new/Coeff_Rom.sv:255]
WARNING: [VRFC 10-3091] actual bit length 32 differs from formal bit length 6 for port 'addra' [D:/KAN/FPGA_Prj/KAN_V1/KAN_V1.srcs/sources_1/new/Coeff_Rom.sv:262]
WARNING: [VRFC 10-3091] actual bit length 32 differs from formal bit length 6 for port 'addra' [D:/KAN/FPGA_Prj/KAN_V1/KAN_V1.srcs/sources_1/new/Coeff_Rom.sv:269]
WARNING: [VRFC 10-3091] actual bit length 32 differs from formal bit length 6 for port 'addra' [D:/KAN/FPGA_Prj/KAN_V1/KAN_V1.srcs/sources_1/new/Coeff_Rom.sv:276]
WARNING: [VRFC 10-3091] actual bit length 32 differs from formal bit length 6 for port 'addra' [D:/KAN/FPGA_Prj/KAN_V1/KAN_V1.srcs/sources_1/new/Coeff_Rom.sv:282]
WARNING: [VRFC 10-3091] actual bit length 32 differs from formal bit length 6 for port 'addra' [D:/KAN/FPGA_Prj/KAN_V1/KAN_V1.srcs/sources_1/new/Coeff_Rom.sv:288]
WARNING: [VRFC 10-3091] actual bit length 32 differs from formal bit length 6 for port 'addra' [D:/KAN/FPGA_Prj/KAN_V1/KAN_V1.srcs/sources_1/new/Coeff_Rom.sv:294]
WARNING: [VRFC 10-3091] actual bit length 32 differs from formal bit length 6 for port 'addra' [D:/KAN/FPGA_Prj/KAN_V1/KAN_V1.srcs/sources_1/new/Coeff_Rom.sv:300]
WARNING: [VRFC 10-3091] actual bit length 32 differs from formal bit length 6 for port 'addra' [D:/KAN/FPGA_Prj/KAN_V1/KAN_V1.srcs/sources_1/new/Coeff_Rom.sv:307]
WARNING: [VRFC 10-3091] actual bit length 32 differs from formal bit length 6 for port 'addra' [D:/KAN/FPGA_Prj/KAN_V1/KAN_V1.srcs/sources_1/new/Coeff_Rom.sv:313]
WARNING: [VRFC 10-3091] actual bit length 32 differs from formal bit length 6 for port 'addra' [D:/KAN/FPGA_Prj/KAN_V1/KAN_V1.srcs/sources_1/new/Coeff_Rom.sv:319]
WARNING: [VRFC 10-3091] actual bit length 32 differs from formal bit length 6 for port 'addra' [D:/KAN/FPGA_Prj/KAN_V1/KAN_V1.srcs/sources_1/new/Coeff_Rom.sv:325]
WARNING: [VRFC 10-3091] actual bit length 32 differs from formal bit length 6 for port 'addra' [D:/KAN/FPGA_Prj/KAN_V1/KAN_V1.srcs/sources_1/new/Coeff_Rom.sv:331]
Completed static elaboration
Starting simulation data flow analysis
Completed simulation data flow analysis
Time Resolution for simulation is 1ps
Compiling module blk_mem_gen_v8_4_7.blk_mem_gen_v8_4_7_output_stage(...
Compiling module blk_mem_gen_v8_4_7.blk_mem_gen_v8_4_7_softecc_outpu...
Compiling module blk_mem_gen_v8_4_7.blk_mem_gen_v8_4_7_mem_module(C_...
Compiling module blk_mem_gen_v8_4_7.blk_mem_gen_v8_4_7(C_FAMILY="zyn...
Compiling module xil_defaultlib.layer0_coeff_in0_out0
Compiling module blk_mem_gen_v8_4_7.blk_mem_gen_v8_4_7_output_stage(...
Compiling module blk_mem_gen_v8_4_7.blk_mem_gen_v8_4_7_softecc_outpu...
Compiling module blk_mem_gen_v8_4_7.blk_mem_gen_v8_4_7_mem_module(C_...
Compiling module blk_mem_gen_v8_4_7.blk_mem_gen_v8_4_7(C_FAMILY="zyn...
Compiling module xil_defaultlib.layer0_coeff_in0_out1
Compiling module blk_mem_gen_v8_4_7.blk_mem_gen_v8_4_7_mem_module(C_...
Compiling module blk_mem_gen_v8_4_7.blk_mem_gen_v8_4_7(C_FAMILY="zyn...
Compiling module xil_defaultlib.layer0_coeff_in0_out2
Compiling module blk_mem_gen_v8_4_7.blk_mem_gen_v8_4_7_mem_module(C_...
Compiling module blk_mem_gen_v8_4_7.blk_mem_gen_v8_4_7(C_FAMILY="zyn...
Compiling module xil_defaultlib.layer0_coeff_in0_out3
Compiling module blk_mem_gen_v8_4_7.blk_mem_gen_v8_4_7_mem_module(C_...
Compiling module blk_mem_gen_v8_4_7.blk_mem_gen_v8_4_7(C_FAMILY="zyn...
Compiling module xil_defaultlib.layer0_coeff_in0_out4
Compiling module blk_mem_gen_v8_4_7.blk_mem_gen_v8_4_7_mem_module(C_...
Compiling module blk_mem_gen_v8_4_7.blk_mem_gen_v8_4_7(C_FAMILY="zyn...
Compiling module xil_defaultlib.layer0_coeff_in1_out0
Compiling module blk_mem_gen_v8_4_7.blk_mem_gen_v8_4_7_mem_module(C_...
Compiling module blk_mem_gen_v8_4_7.blk_mem_gen_v8_4_7(C_FAMILY="zyn...
Compiling module xil_defaultlib.layer0_coeff_in1_out1
Compiling module blk_mem_gen_v8_4_7.blk_mem_gen_v8_4_7_mem_module(C_...
Compiling module blk_mem_gen_v8_4_7.blk_mem_gen_v8_4_7(C_FAMILY="zyn...
Compiling module xil_defaultlib.layer0_coeff_in1_out2
Compiling module blk_mem_gen_v8_4_7.blk_mem_gen_v8_4_7_mem_module(C_...
Compiling module blk_mem_gen_v8_4_7.blk_mem_gen_v8_4_7(C_FAMILY="zyn...
Compiling module xil_defaultlib.layer0_coeff_in1_out3
Compiling module blk_mem_gen_v8_4_7.blk_mem_gen_v8_4_7_mem_module(C_...
Compiling module blk_mem_gen_v8_4_7.blk_mem_gen_v8_4_7(C_FAMILY="zyn...
Compiling module xil_defaultlib.layer0_coeff_in1_out4
Compiling module blk_mem_gen_v8_4_7.blk_mem_gen_v8_4_7_mem_module(C_...
Compiling module blk_mem_gen_v8_4_7.blk_mem_gen_v8_4_7(C_FAMILY="zyn...
Compiling module xil_defaultlib.layer0_coeff_in2_out0
Compiling module blk_mem_gen_v8_4_7.blk_mem_gen_v8_4_7_mem_module(C_...
Compiling module blk_mem_gen_v8_4_7.blk_mem_gen_v8_4_7(C_FAMILY="zyn...
Compiling module xil_defaultlib.layer0_coeff_in2_out1
Compiling module blk_mem_gen_v8_4_7.blk_mem_gen_v8_4_7_mem_module(C_...
Compiling module blk_mem_gen_v8_4_7.blk_mem_gen_v8_4_7(C_FAMILY="zyn...
Compiling module xil_defaultlib.layer0_coeff_in2_out2
Compiling module blk_mem_gen_v8_4_7.blk_mem_gen_v8_4_7_mem_module(C_...
Compiling module blk_mem_gen_v8_4_7.blk_mem_gen_v8_4_7(C_FAMILY="zyn...
Compiling module xil_defaultlib.layer0_coeff_in2_out3
Compiling module blk_mem_gen_v8_4_7.blk_mem_gen_v8_4_7_mem_module(C_...
Compiling module blk_mem_gen_v8_4_7.blk_mem_gen_v8_4_7(C_FAMILY="zyn...
Compiling module xil_defaultlib.layer0_coeff_in2_out4
Compiling module blk_mem_gen_v8_4_7.blk_mem_gen_v8_4_7_mem_module(C_...
Compiling module blk_mem_gen_v8_4_7.blk_mem_gen_v8_4_7(C_FAMILY="zyn...
Compiling module xil_defaultlib.layer1_coeff_in0_out0
Compiling module blk_mem_gen_v8_4_7.blk_mem_gen_v8_4_7_mem_module(C_...
Compiling module blk_mem_gen_v8_4_7.blk_mem_gen_v8_4_7(C_FAMILY="zyn...
Compiling module xil_defaultlib.layer1_coeff_in1_out0
Compiling module blk_mem_gen_v8_4_7.blk_mem_gen_v8_4_7_mem_module(C_...
Compiling module blk_mem_gen_v8_4_7.blk_mem_gen_v8_4_7(C_FAMILY="zyn...
Compiling module xil_defaultlib.layer1_coeff_in2_out0
Compiling module blk_mem_gen_v8_4_7.blk_mem_gen_v8_4_7_mem_module(C_...
Compiling module blk_mem_gen_v8_4_7.blk_mem_gen_v8_4_7(C_FAMILY="zyn...
Compiling module xil_defaultlib.layer1_coeff_in3_out0
Compiling module blk_mem_gen_v8_4_7.blk_mem_gen_v8_4_7_mem_module(C_...
Compiling module blk_mem_gen_v8_4_7.blk_mem_gen_v8_4_7(C_FAMILY="zyn...
Compiling module xil_defaultlib.layer1_coeff_in4_out0
Compiling module xil_defaultlib.Coeff_Rom
Compiling module xil_defaultlib.internal_finder
Compiling module xil_defaultlib.multiplier
Compiling module xil_defaultlib.mac
Compiling module xil_defaultlib.BSU
Compiling module xil_defaultlib.tb_bsu
Compiling module xil_defaultlib.glbl
Built simulation snapshot tb_bsu_behav
run_program: Time (s): cpu = 00:00:02 ; elapsed = 00:00:31 . Memory (MB): peak = 2792.711 ; gain = 0.000
INFO: [USF-XSim-69] 'elaborate' step finished in '31' seconds
INFO: [USF-XSim-4] XSim::Simulate design
INFO: [USF-XSim-61] Executing 'SIMULATE' step in 'D:/KAN/FPGA_Prj/KAN_V1/KAN_V1.sim/sim_1/behav/xsim'
INFO: [USF-XSim-98] *** Running xsim
   with args "tb_bsu_behav -key {Behavioral:sim_1:Functional:tb_bsu} -tclbatch {tb_bsu.tcl} -view {D:/KAN/FPGA_Prj/KAN_V1/tb_module_behav.wcfg} -log {simulate.log}"
INFO: [USF-XSim-8] Loading simulator feature
Time resolution is 1 ps
open_wave_config D:/KAN/FPGA_Prj/KAN_V1/tb_module_behav.wcfg
source tb_bsu.tcl
# set curr_wave [current_wave_config]
# if { [string length $curr_wave] == 0 } {
#   if { [llength [get_objects]] > 0} {
#     add_wave /
#     set_property needs_save false [current_wave_config]
#   } else {
#      send_msg_id Add_Wave-1 WARNING "No top level signals found. Simulator will start without a wave window. If you want to open a wave window go to 'File->New Waveform Configuration' or type 'create_wave_config' in the TCL console."
#   }
# }
# run 1000ns
 Block Memory Generator module loading initial data...
 Block Memory Generator data initialization complete.
Block Memory Generator module tb_bsu.ROM_TEST.bram0.inst.\native_mem_module.blk_mem_gen_v8_4_7_inst  is using a behavioral model for simulation which will not precisely model memory collision behavior.
 Block Memory Generator module loading initial data...
 Block Memory Generator data initialization complete.
Block Memory Generator module tb_bsu.ROM_TEST.bram1.inst.\native_mem_module.blk_mem_gen_v8_4_7_inst  is using a behavioral model for simulation which will not precisely model memory collision behavior.
 Block Memory Generator module loading initial data...
 Block Memory Generator data initialization complete.
Block Memory Generator module tb_bsu.ROM_TEST.bram2.inst.\native_mem_module.blk_mem_gen_v8_4_7_inst  is using a behavioral model for simulation which will not precisely model memory collision behavior.
 Block Memory Generator module loading initial data...
 Block Memory Generator data initialization complete.
Block Memory Generator module tb_bsu.ROM_TEST.bram3.inst.\native_mem_module.blk_mem_gen_v8_4_7_inst  is using a behavioral model for simulation which will not precisely model memory collision behavior.
 Block Memory Generator module loading initial data...
 Block Memory Generator data initialization complete.
Block Memory Generator module tb_bsu.ROM_TEST.bram4.inst.\native_mem_module.blk_mem_gen_v8_4_7_inst  is using a behavioral model for simulation which will not precisely model memory collision behavior.
 Block Memory Generator module loading initial data...
 Block Memory Generator data initialization complete.
Block Memory Generator module tb_bsu.ROM_TEST.bram5.inst.\native_mem_module.blk_mem_gen_v8_4_7_inst  is using a behavioral model for simulation which will not precisely model memory collision behavior.
 Block Memory Generator module loading initial data...
 Block Memory Generator data initialization complete.
Block Memory Generator module tb_bsu.ROM_TEST.bram6.inst.\native_mem_module.blk_mem_gen_v8_4_7_inst  is using a behavioral model for simulation which will not precisely model memory collision behavior.
 Block Memory Generator module loading initial data...
 Block Memory Generator data initialization complete.
Block Memory Generator module tb_bsu.ROM_TEST.bram7.inst.\native_mem_module.blk_mem_gen_v8_4_7_inst  is using a behavioral model for simulation which will not precisely model memory collision behavior.
 Block Memory Generator module loading initial data...
 Block Memory Generator data initialization complete.
Block Memory Generator module tb_bsu.ROM_TEST.bram8.inst.\native_mem_module.blk_mem_gen_v8_4_7_inst  is using a behavioral model for simulation which will not precisely model memory collision behavior.
 Block Memory Generator module loading initial data...
 Block Memory Generator data initialization complete.
Block Memory Generator module tb_bsu.ROM_TEST.bram9.inst.\native_mem_module.blk_mem_gen_v8_4_7_inst  is using a behavioral model for simulation which will not precisely model memory collision behavior.
 Block Memory Generator module loading initial data...
 Block Memory Generator data initialization complete.
Block Memory Generator module tb_bsu.ROM_TEST.bram10.inst.\native_mem_module.blk_mem_gen_v8_4_7_inst  is using a behavioral model for simulation which will not precisely model memory collision behavior.
 Block Memory Generator module loading initial data...
 Block Memory Generator data initialization complete.
Block Memory Generator module tb_bsu.ROM_TEST.bram11.inst.\native_mem_module.blk_mem_gen_v8_4_7_inst  is using a behavioral model for simulation which will not precisely model memory collision behavior.
 Block Memory Generator module loading initial data...
 Block Memory Generator data initialization complete.
Block Memory Generator module tb_bsu.ROM_TEST.bram12.inst.\native_mem_module.blk_mem_gen_v8_4_7_inst  is using a behavioral model for simulation which will not precisely model memory collision behavior.
 Block Memory Generator module loading initial data...
 Block Memory Generator data initialization complete.
Block Memory Generator module tb_bsu.ROM_TEST.bram13.inst.\native_mem_module.blk_mem_gen_v8_4_7_inst  is using a behavioral model for simulation which will not precisely model memory collision behavior.
 Block Memory Generator module loading initial data...
 Block Memory Generator data initialization complete.
Block Memory Generator module tb_bsu.ROM_TEST.bram14.inst.\native_mem_module.blk_mem_gen_v8_4_7_inst  is using a behavioral model for simulation which will not precisely model memory collision behavior.
 Block Memory Generator module loading initial data...
 Block Memory Generator data initialization complete.
Block Memory Generator module tb_bsu.ROM_TEST.bram15.inst.\native_mem_module.blk_mem_gen_v8_4_7_inst  is using a behavioral model for simulation which will not precisely model memory collision behavior.
 Block Memory Generator module loading initial data...
 Block Memory Generator data initialization complete.
Block Memory Generator module tb_bsu.ROM_TEST.bram16.inst.\native_mem_module.blk_mem_gen_v8_4_7_inst  is using a behavioral model for simulation which will not precisely model memory collision behavior.
 Block Memory Generator module loading initial data...
 Block Memory Generator data initialization complete.
Block Memory Generator module tb_bsu.ROM_TEST.bram17.inst.\native_mem_module.blk_mem_gen_v8_4_7_inst  is using a behavioral model for simulation which will not precisely model memory collision behavior.
 Block Memory Generator module loading initial data...
 Block Memory Generator data initialization complete.
Block Memory Generator module tb_bsu.ROM_TEST.bram18.inst.\native_mem_module.blk_mem_gen_v8_4_7_inst  is using a behavioral model for simulation which will not precisely model memory collision behavior.
 Block Memory Generator module loading initial data...
 Block Memory Generator data initialization complete.
Block Memory Generator module tb_bsu.ROM_TEST.bram19.inst.\native_mem_module.blk_mem_gen_v8_4_7_inst  is using a behavioral model for simulation which will not precisely model memory collision behavior.
INFO: [USF-XSim-96] XSim completed. Design snapshot 'tb_bsu_behav' loaded.
INFO: [USF-XSim-97] XSim simulation ran for 1000ns
launch_simulation: Time (s): cpu = 00:00:05 ; elapsed = 00:00:37 . Memory (MB): peak = 2792.711 ; gain = 0.000
close_sim
INFO: [Simtcl 6-16] Simulation closed
launch_simulation
Command: launch_simulation 
INFO: [Vivado 12-12493] Simulation top is 'tb_bsu'
WARNING: [Vivado 12-13340] Unable to auto find GCC executables from simulator install path! (path not set)
INFO: [Vivado 12-5682] Launching behavioral simulation in 'D:/KAN/FPGA_Prj/KAN_V1/KAN_V1.sim/sim_1/behav/xsim'
INFO: [SIM-utils-51] Simulation object is 'sim_1'
INFO: [SIM-utils-72] Using boost library from 'D:/Xilinx/Vivado/2023.2/tps/boost_1_72_0'
INFO: [USF-XSim-7] Finding pre-compiled libraries...
INFO: [USF-XSim-11] File 'D:/Xilinx/Vivado/2023.2/data/xsim/xsim.ini' copied to run dir:'D:/KAN/FPGA_Prj/KAN_V1/KAN_V1.sim/sim_1/behav/xsim'
INFO: [SIM-utils-54] Inspecting design source files for 'tb_bsu' in fileset 'sim_1'...
INFO: [SIM-utils-43] Exported 'D:/KAN/FPGA_Prj/KAN_V1/KAN_V1.sim/sim_1/behav/xsim/layer0_coeff_in0_out0.mif'
INFO: [SIM-utils-43] Exported 'D:/KAN/FPGA_Prj/KAN_V1/KAN_V1.sim/sim_1/behav/xsim/layer0_coeff_in0_out0.coe'
INFO: [SIM-utils-43] Exported 'D:/KAN/FPGA_Prj/KAN_V1/KAN_V1.sim/sim_1/behav/xsim/layer0_coeff_in0_out1.mif'
INFO: [SIM-utils-43] Exported 'D:/KAN/FPGA_Prj/KAN_V1/KAN_V1.sim/sim_1/behav/xsim/layer0_coeff_in0_out1.coe'
INFO: [SIM-utils-43] Exported 'D:/KAN/FPGA_Prj/KAN_V1/KAN_V1.sim/sim_1/behav/xsim/layer0_coeff_in0_out2.mif'
INFO: [SIM-utils-43] Exported 'D:/KAN/FPGA_Prj/KAN_V1/KAN_V1.sim/sim_1/behav/xsim/layer0_coeff_in0_out2.coe'
INFO: [SIM-utils-43] Exported 'D:/KAN/FPGA_Prj/KAN_V1/KAN_V1.sim/sim_1/behav/xsim/layer0_coeff_in0_out3.mif'
INFO: [SIM-utils-43] Exported 'D:/KAN/FPGA_Prj/KAN_V1/KAN_V1.sim/sim_1/behav/xsim/layer0_coeff_in0_out3.coe'
INFO: [SIM-utils-43] Exported 'D:/KAN/FPGA_Prj/KAN_V1/KAN_V1.sim/sim_1/behav/xsim/layer0_coeff_in0_out4.mif'
INFO: [SIM-utils-43] Exported 'D:/KAN/FPGA_Prj/KAN_V1/KAN_V1.sim/sim_1/behav/xsim/layer0_coeff_in0_out4.coe'
INFO: [SIM-utils-43] Exported 'D:/KAN/FPGA_Prj/KAN_V1/KAN_V1.sim/sim_1/behav/xsim/layer0_coeff_in1_out0.mif'
INFO: [SIM-utils-43] Exported 'D:/KAN/FPGA_Prj/KAN_V1/KAN_V1.sim/sim_1/behav/xsim/layer0_coeff_in1_out0.coe'
INFO: [SIM-utils-43] Exported 'D:/KAN/FPGA_Prj/KAN_V1/KAN_V1.sim/sim_1/behav/xsim/layer0_coeff_in1_out1.mif'
INFO: [SIM-utils-43] Exported 'D:/KAN/FPGA_Prj/KAN_V1/KAN_V1.sim/sim_1/behav/xsim/layer0_coeff_in1_out1.coe'
INFO: [SIM-utils-43] Exported 'D:/KAN/FPGA_Prj/KAN_V1/KAN_V1.sim/sim_1/behav/xsim/layer0_coeff_in1_out2.mif'
INFO: [SIM-utils-43] Exported 'D:/KAN/FPGA_Prj/KAN_V1/KAN_V1.sim/sim_1/behav/xsim/layer0_coeff_in1_out2.coe'
INFO: [SIM-utils-43] Exported 'D:/KAN/FPGA_Prj/KAN_V1/KAN_V1.sim/sim_1/behav/xsim/layer0_coeff_in1_out3.mif'
INFO: [SIM-utils-43] Exported 'D:/KAN/FPGA_Prj/KAN_V1/KAN_V1.sim/sim_1/behav/xsim/layer0_coeff_in1_out3.coe'
INFO: [SIM-utils-43] Exported 'D:/KAN/FPGA_Prj/KAN_V1/KAN_V1.sim/sim_1/behav/xsim/layer0_coeff_in1_out4.mif'
INFO: [SIM-utils-43] Exported 'D:/KAN/FPGA_Prj/KAN_V1/KAN_V1.sim/sim_1/behav/xsim/layer0_coeff_in1_out4.coe'
INFO: [SIM-utils-43] Exported 'D:/KAN/FPGA_Prj/KAN_V1/KAN_V1.sim/sim_1/behav/xsim/layer0_coeff_in2_out0.mif'
INFO: [SIM-utils-43] Exported 'D:/KAN/FPGA_Prj/KAN_V1/KAN_V1.sim/sim_1/behav/xsim/layer0_coeff_in2_out0.coe'
INFO: [SIM-utils-43] Exported 'D:/KAN/FPGA_Prj/KAN_V1/KAN_V1.sim/sim_1/behav/xsim/layer0_coeff_in2_out1.mif'
INFO: [SIM-utils-43] Exported 'D:/KAN/FPGA_Prj/KAN_V1/KAN_V1.sim/sim_1/behav/xsim/layer0_coeff_in2_out1.coe'
INFO: [SIM-utils-43] Exported 'D:/KAN/FPGA_Prj/KAN_V1/KAN_V1.sim/sim_1/behav/xsim/layer0_coeff_in2_out2.mif'
INFO: [SIM-utils-43] Exported 'D:/KAN/FPGA_Prj/KAN_V1/KAN_V1.sim/sim_1/behav/xsim/layer0_coeff_in2_out2.coe'
INFO: [SIM-utils-43] Exported 'D:/KAN/FPGA_Prj/KAN_V1/KAN_V1.sim/sim_1/behav/xsim/layer0_coeff_in2_out3.mif'
INFO: [SIM-utils-43] Exported 'D:/KAN/FPGA_Prj/KAN_V1/KAN_V1.sim/sim_1/behav/xsim/layer0_coeff_in2_out3.coe'
INFO: [SIM-utils-43] Exported 'D:/KAN/FPGA_Prj/KAN_V1/KAN_V1.sim/sim_1/behav/xsim/layer0_coeff_in2_out4.mif'
INFO: [SIM-utils-43] Exported 'D:/KAN/FPGA_Prj/KAN_V1/KAN_V1.sim/sim_1/behav/xsim/layer0_coeff_in2_out4.coe'
INFO: [SIM-utils-43] Exported 'D:/KAN/FPGA_Prj/KAN_V1/KAN_V1.sim/sim_1/behav/xsim/layer1_coeff_in0_out0.mif'
INFO: [SIM-utils-43] Exported 'D:/KAN/FPGA_Prj/KAN_V1/KAN_V1.sim/sim_1/behav/xsim/layer1_coeff_in0_out0.coe'
INFO: [SIM-utils-43] Exported 'D:/KAN/FPGA_Prj/KAN_V1/KAN_V1.sim/sim_1/behav/xsim/layer1_coeff_in1_out0.mif'
INFO: [SIM-utils-43] Exported 'D:/KAN/FPGA_Prj/KAN_V1/KAN_V1.sim/sim_1/behav/xsim/layer1_coeff_in1_out0.coe'
INFO: [SIM-utils-43] Exported 'D:/KAN/FPGA_Prj/KAN_V1/KAN_V1.sim/sim_1/behav/xsim/layer1_coeff_in2_out0.mif'
INFO: [SIM-utils-43] Exported 'D:/KAN/FPGA_Prj/KAN_V1/KAN_V1.sim/sim_1/behav/xsim/layer1_coeff_in2_out0.coe'
INFO: [SIM-utils-43] Exported 'D:/KAN/FPGA_Prj/KAN_V1/KAN_V1.sim/sim_1/behav/xsim/layer1_coeff_in3_out0.mif'
INFO: [SIM-utils-43] Exported 'D:/KAN/FPGA_Prj/KAN_V1/KAN_V1.sim/sim_1/behav/xsim/layer1_coeff_in3_out0.coe'
INFO: [SIM-utils-43] Exported 'D:/KAN/FPGA_Prj/KAN_V1/KAN_V1.sim/sim_1/behav/xsim/layer1_coeff_in4_out0.mif'
INFO: [SIM-utils-43] Exported 'D:/KAN/FPGA_Prj/KAN_V1/KAN_V1.sim/sim_1/behav/xsim/layer1_coeff_in4_out0.coe'
INFO: [USF-XSim-97] Finding global include files...
INFO: [USF-XSim-98] Fetching design files from 'sim_1'...
INFO: [USF-XSim-2] XSim::Compile design
INFO: [USF-XSim-61] Executing 'COMPILE and ANALYZE' step in 'D:/KAN/FPGA_Prj/KAN_V1/KAN_V1.sim/sim_1/behav/xsim'
"xvlog --incr --relax -L uvm -prj tb_bsu_vlog.prj"
ECHO 处于关闭状态。
ECHO 处于关闭状态。
INFO: [VRFC 10-2263] Analyzing Verilog file "D:/KAN/FPGA_Prj/KAN_V1/KAN_V1.gen/sources_1/ip/layer1_coeff_in4_out0/sim/layer1_coeff_in4_out0.v" into library xil_defaultlib
INFO: [VRFC 10-311] analyzing module layer1_coeff_in4_out0
INFO: [VRFC 10-2263] Analyzing Verilog file "D:/KAN/FPGA_Prj/KAN_V1/KAN_V1.gen/sources_1/ip/layer1_coeff_in3_out0/sim/layer1_coeff_in3_out0.v" into library xil_defaultlib
INFO: [VRFC 10-311] analyzing module layer1_coeff_in3_out0
INFO: [VRFC 10-2263] Analyzing Verilog file "D:/KAN/FPGA_Prj/KAN_V1/KAN_V1.gen/sources_1/ip/layer1_coeff_in2_out0/sim/layer1_coeff_in2_out0.v" into library xil_defaultlib
INFO: [VRFC 10-311] analyzing module layer1_coeff_in2_out0
INFO: [VRFC 10-2263] Analyzing Verilog file "D:/KAN/FPGA_Prj/KAN_V1/KAN_V1.gen/sources_1/ip/layer1_coeff_in1_out0/sim/layer1_coeff_in1_out0.v" into library xil_defaultlib
INFO: [VRFC 10-311] analyzing module layer1_coeff_in1_out0
INFO: [VRFC 10-2263] Analyzing Verilog file "D:/KAN/FPGA_Prj/KAN_V1/KAN_V1.gen/sources_1/ip/layer1_coeff_in0_out0/sim/layer1_coeff_in0_out0.v" into library xil_defaultlib
INFO: [VRFC 10-311] analyzing module layer1_coeff_in0_out0
INFO: [VRFC 10-2263] Analyzing Verilog file "D:/KAN/FPGA_Prj/KAN_V1/KAN_V1.gen/sources_1/ip/layer0_coeff_in2_out4/sim/layer0_coeff_in2_out4.v" into library xil_defaultlib
INFO: [VRFC 10-311] analyzing module layer0_coeff_in2_out4
INFO: [VRFC 10-2263] Analyzing Verilog file "D:/KAN/FPGA_Prj/KAN_V1/KAN_V1.gen/sources_1/ip/layer0_coeff_in2_out3/sim/layer0_coeff_in2_out3.v" into library xil_defaultlib
INFO: [VRFC 10-311] analyzing module layer0_coeff_in2_out3
INFO: [VRFC 10-2263] Analyzing Verilog file "D:/KAN/FPGA_Prj/KAN_V1/KAN_V1.gen/sources_1/ip/layer0_coeff_in2_out2/sim/layer0_coeff_in2_out2.v" into library xil_defaultlib
INFO: [VRFC 10-311] analyzing module layer0_coeff_in2_out2
INFO: [VRFC 10-2263] Analyzing Verilog file "D:/KAN/FPGA_Prj/KAN_V1/KAN_V1.gen/sources_1/ip/layer0_coeff_in2_out1/sim/layer0_coeff_in2_out1.v" into library xil_defaultlib
INFO: [VRFC 10-311] analyzing module layer0_coeff_in2_out1
INFO: [VRFC 10-2263] Analyzing Verilog file "D:/KAN/FPGA_Prj/KAN_V1/KAN_V1.gen/sources_1/ip/layer0_coeff_in2_out0/sim/layer0_coeff_in2_out0.v" into library xil_defaultlib
INFO: [VRFC 10-311] analyzing module layer0_coeff_in2_out0
INFO: [VRFC 10-2263] Analyzing Verilog file "D:/KAN/FPGA_Prj/KAN_V1/KAN_V1.gen/sources_1/ip/layer0_coeff_in1_out4/sim/layer0_coeff_in1_out4.v" into library xil_defaultlib
INFO: [VRFC 10-311] analyzing module layer0_coeff_in1_out4
INFO: [VRFC 10-2263] Analyzing Verilog file "D:/KAN/FPGA_Prj/KAN_V1/KAN_V1.gen/sources_1/ip/layer0_coeff_in1_out3/sim/layer0_coeff_in1_out3.v" into library xil_defaultlib
INFO: [VRFC 10-311] analyzing module layer0_coeff_in1_out3
INFO: [VRFC 10-2263] Analyzing Verilog file "D:/KAN/FPGA_Prj/KAN_V1/KAN_V1.gen/sources_1/ip/layer0_coeff_in1_out2/sim/layer0_coeff_in1_out2.v" into library xil_defaultlib
INFO: [VRFC 10-311] analyzing module layer0_coeff_in1_out2
INFO: [VRFC 10-2263] Analyzing Verilog file "D:/KAN/FPGA_Prj/KAN_V1/KAN_V1.gen/sources_1/ip/layer0_coeff_in1_out1/sim/layer0_coeff_in1_out1.v" into library xil_defaultlib
INFO: [VRFC 10-311] analyzing module layer0_coeff_in1_out1
INFO: [VRFC 10-2263] Analyzing Verilog file "D:/KAN/FPGA_Prj/KAN_V1/KAN_V1.gen/sources_1/ip/layer0_coeff_in1_out0/sim/layer0_coeff_in1_out0.v" into library xil_defaultlib
INFO: [VRFC 10-311] analyzing module layer0_coeff_in1_out0
INFO: [VRFC 10-2263] Analyzing Verilog file "D:/KAN/FPGA_Prj/KAN_V1/KAN_V1.gen/sources_1/ip/layer0_coeff_in0_out4/sim/layer0_coeff_in0_out4.v" into library xil_defaultlib
INFO: [VRFC 10-311] analyzing module layer0_coeff_in0_out4
INFO: [VRFC 10-2263] Analyzing Verilog file "D:/KAN/FPGA_Prj/KAN_V1/KAN_V1.gen/sources_1/ip/layer0_coeff_in0_out3/sim/layer0_coeff_in0_out3.v" into library xil_defaultlib
INFO: [VRFC 10-311] analyzing module layer0_coeff_in0_out3
INFO: [VRFC 10-2263] Analyzing Verilog file "D:/KAN/FPGA_Prj/KAN_V1/KAN_V1.gen/sources_1/ip/layer0_coeff_in0_out2/sim/layer0_coeff_in0_out2.v" into library xil_defaultlib
INFO: [VRFC 10-311] analyzing module layer0_coeff_in0_out2
INFO: [VRFC 10-2263] Analyzing Verilog file "D:/KAN/FPGA_Prj/KAN_V1/KAN_V1.gen/sources_1/ip/layer0_coeff_in0_out1/sim/layer0_coeff_in0_out1.v" into library xil_defaultlib
INFO: [VRFC 10-311] analyzing module layer0_coeff_in0_out1
INFO: [VRFC 10-2263] Analyzing Verilog file "D:/KAN/FPGA_Prj/KAN_V1/KAN_V1.gen/sources_1/ip/layer0_coeff_in0_out0/sim/layer0_coeff_in0_out0.v" into library xil_defaultlib
INFO: [VRFC 10-311] analyzing module layer0_coeff_in0_out0
INFO: [VRFC 10-2263] Analyzing Verilog file "D:/KAN/FPGA_Prj/KAN_V1/KAN_V1.srcs/sources_1/new/BSU.v" into library xil_defaultlib
INFO: [VRFC 10-311] analyzing module BSU
INFO: [VRFC 10-2263] Analyzing Verilog file "D:/KAN/FPGA_Prj/KAN_V1/KAN_V1.srcs/sources_1/new/internal_finder.v" into library xil_defaultlib
INFO: [VRFC 10-311] analyzing module internal_finder
INFO: [VRFC 10-2263] Analyzing Verilog file "D:/KAN/FPGA_Prj/KAN_V1/KAN_V1.srcs/sources_1/new/mac.v" into library xil_defaultlib
INFO: [VRFC 10-311] analyzing module mac
INFO: [VRFC 10-2263] Analyzing Verilog file "D:/KAN/FPGA_Prj/KAN_V1/KAN_V1.srcs/sources_1/new/multiplier.v" into library xil_defaultlib
INFO: [VRFC 10-311] analyzing module multiplier
INFO: [USF-XSim-69] 'compile' step finished in '3' seconds
INFO: [USF-XSim-3] XSim::Elaborate design
INFO: [USF-XSim-61] Executing 'ELABORATE' step in 'D:/KAN/FPGA_Prj/KAN_V1/KAN_V1.sim/sim_1/behav/xsim'
"xelab --incr --debug typical --relax --mt 2 -L xil_defaultlib -L blk_mem_gen_v8_4_7 -L uvm -L unisims_ver -L unimacro_ver -L secureip -L xpm --snapshot tb_bsu_behav xil_defaultlib.tb_bsu xil_defaultlib.glbl -log elaborate.log"
ECHO 处于关闭状态。
ECHO 处于关闭状态。
Vivado Simulator v2023.2
Copyright 1986-2022 Xilinx, Inc. All Rights Reserved.
Copyright 2022-2023 Advanced Micro Devices, Inc. All Rights Reserved.
Running: D:/Xilinx/Vivado/2023.2/bin/unwrapped/win64.o/xelab.exe --incr --debug typical --relax --mt 2 -L xil_defaultlib -L blk_mem_gen_v8_4_7 -L uvm -L unisims_ver -L unimacro_ver -L secureip -L xpm --snapshot tb_bsu_behav xil_defaultlib.tb_bsu xil_defaultlib.glbl -log elaborate.log 
Using 2 slave threads.
Starting static elaboration
Pass Through NonSizing Optimizer
WARNING: [VRFC 10-3091] actual bit length 32 differs from formal bit length 5 for port 'channel0_cs' [D:/KAN/FPGA_Prj/KAN_V1/KAN_V1.srcs/sim_1/new/tb_bsu.v:46]
WARNING: [VRFC 10-3091] actual bit length 32 differs from formal bit length 7 for port 'addra' [D:/KAN/FPGA_Prj/KAN_V1/KAN_V1.srcs/sources_1/new/Coeff_Rom.sv:211]
WARNING: [VRFC 10-3091] actual bit length 32 differs from formal bit length 6 for port 'addra' [D:/KAN/FPGA_Prj/KAN_V1/KAN_V1.srcs/sources_1/new/Coeff_Rom.sv:217]
WARNING: [VRFC 10-3091] actual bit length 32 differs from formal bit length 6 for port 'addra' [D:/KAN/FPGA_Prj/KAN_V1/KAN_V1.srcs/sources_1/new/Coeff_Rom.sv:223]
WARNING: [VRFC 10-3091] actual bit length 32 differs from formal bit length 6 for port 'addra' [D:/KAN/FPGA_Prj/KAN_V1/KAN_V1.srcs/sources_1/new/Coeff_Rom.sv:229]
WARNING: [VRFC 10-3091] actual bit length 32 differs from formal bit length 6 for port 'addra' [D:/KAN/FPGA_Prj/KAN_V1/KAN_V1.srcs/sources_1/new/Coeff_Rom.sv:235]
WARNING: [VRFC 10-3091] actual bit length 32 differs from formal bit length 6 for port 'addra' [D:/KAN/FPGA_Prj/KAN_V1/KAN_V1.srcs/sources_1/new/Coeff_Rom.sv:243]
WARNING: [VRFC 10-3091] actual bit length 32 differs from formal bit length 6 for port 'addra' [D:/KAN/FPGA_Prj/KAN_V1/KAN_V1.srcs/sources_1/new/Coeff_Rom.sv:249]
WARNING: [VRFC 10-3091] actual bit length 32 differs from formal bit length 6 for port 'addra' [D:/KAN/FPGA_Prj/KAN_V1/KAN_V1.srcs/sources_1/new/Coeff_Rom.sv:255]
WARNING: [VRFC 10-3091] actual bit length 32 differs from formal bit length 6 for port 'addra' [D:/KAN/FPGA_Prj/KAN_V1/KAN_V1.srcs/sources_1/new/Coeff_Rom.sv:262]
WARNING: [VRFC 10-3091] actual bit length 32 differs from formal bit length 6 for port 'addra' [D:/KAN/FPGA_Prj/KAN_V1/KAN_V1.srcs/sources_1/new/Coeff_Rom.sv:269]
WARNING: [VRFC 10-3091] actual bit length 32 differs from formal bit length 6 for port 'addra' [D:/KAN/FPGA_Prj/KAN_V1/KAN_V1.srcs/sources_1/new/Coeff_Rom.sv:276]
WARNING: [VRFC 10-3091] actual bit length 32 differs from formal bit length 6 for port 'addra' [D:/KAN/FPGA_Prj/KAN_V1/KAN_V1.srcs/sources_1/new/Coeff_Rom.sv:282]
WARNING: [VRFC 10-3091] actual bit length 32 differs from formal bit length 6 for port 'addra' [D:/KAN/FPGA_Prj/KAN_V1/KAN_V1.srcs/sources_1/new/Coeff_Rom.sv:288]
WARNING: [VRFC 10-3091] actual bit length 32 differs from formal bit length 6 for port 'addra' [D:/KAN/FPGA_Prj/KAN_V1/KAN_V1.srcs/sources_1/new/Coeff_Rom.sv:294]
WARNING: [VRFC 10-3091] actual bit length 32 differs from formal bit length 6 for port 'addra' [D:/KAN/FPGA_Prj/KAN_V1/KAN_V1.srcs/sources_1/new/Coeff_Rom.sv:300]
WARNING: [VRFC 10-3091] actual bit length 32 differs from formal bit length 6 for port 'addra' [D:/KAN/FPGA_Prj/KAN_V1/KAN_V1.srcs/sources_1/new/Coeff_Rom.sv:307]
WARNING: [VRFC 10-3091] actual bit length 32 differs from formal bit length 6 for port 'addra' [D:/KAN/FPGA_Prj/KAN_V1/KAN_V1.srcs/sources_1/new/Coeff_Rom.sv:313]
WARNING: [VRFC 10-3091] actual bit length 32 differs from formal bit length 6 for port 'addra' [D:/KAN/FPGA_Prj/KAN_V1/KAN_V1.srcs/sources_1/new/Coeff_Rom.sv:319]
WARNING: [VRFC 10-3091] actual bit length 32 differs from formal bit length 6 for port 'addra' [D:/KAN/FPGA_Prj/KAN_V1/KAN_V1.srcs/sources_1/new/Coeff_Rom.sv:325]
WARNING: [VRFC 10-3091] actual bit length 32 differs from formal bit length 6 for port 'addra' [D:/KAN/FPGA_Prj/KAN_V1/KAN_V1.srcs/sources_1/new/Coeff_Rom.sv:331]
Completed static elaboration
Starting simulation data flow analysis
Completed simulation data flow analysis
Time Resolution for simulation is 1ps
Compiling module blk_mem_gen_v8_4_7.blk_mem_gen_v8_4_7_output_stage(...
Compiling module blk_mem_gen_v8_4_7.blk_mem_gen_v8_4_7_softecc_outpu...
Compiling module blk_mem_gen_v8_4_7.blk_mem_gen_v8_4_7_mem_module(C_...
Compiling module blk_mem_gen_v8_4_7.blk_mem_gen_v8_4_7(C_FAMILY="zyn...
Compiling module xil_defaultlib.layer0_coeff_in0_out0
Compiling module blk_mem_gen_v8_4_7.blk_mem_gen_v8_4_7_output_stage(...
Compiling module blk_mem_gen_v8_4_7.blk_mem_gen_v8_4_7_softecc_outpu...
Compiling module blk_mem_gen_v8_4_7.blk_mem_gen_v8_4_7_mem_module(C_...
Compiling module blk_mem_gen_v8_4_7.blk_mem_gen_v8_4_7(C_FAMILY="zyn...
Compiling module xil_defaultlib.layer0_coeff_in0_out1
Compiling module blk_mem_gen_v8_4_7.blk_mem_gen_v8_4_7_mem_module(C_...
Compiling module blk_mem_gen_v8_4_7.blk_mem_gen_v8_4_7(C_FAMILY="zyn...
Compiling module xil_defaultlib.layer0_coeff_in0_out2
Compiling module blk_mem_gen_v8_4_7.blk_mem_gen_v8_4_7_mem_module(C_...
Compiling module blk_mem_gen_v8_4_7.blk_mem_gen_v8_4_7(C_FAMILY="zyn...
Compiling module xil_defaultlib.layer0_coeff_in0_out3
Compiling module blk_mem_gen_v8_4_7.blk_mem_gen_v8_4_7_mem_module(C_...
Compiling module blk_mem_gen_v8_4_7.blk_mem_gen_v8_4_7(C_FAMILY="zyn...
Compiling module xil_defaultlib.layer0_coeff_in0_out4
Compiling module blk_mem_gen_v8_4_7.blk_mem_gen_v8_4_7_mem_module(C_...
Compiling module blk_mem_gen_v8_4_7.blk_mem_gen_v8_4_7(C_FAMILY="zyn...
Compiling module xil_defaultlib.layer0_coeff_in1_out0
Compiling module blk_mem_gen_v8_4_7.blk_mem_gen_v8_4_7_mem_module(C_...
Compiling module blk_mem_gen_v8_4_7.blk_mem_gen_v8_4_7(C_FAMILY="zyn...
Compiling module xil_defaultlib.layer0_coeff_in1_out1
Compiling module blk_mem_gen_v8_4_7.blk_mem_gen_v8_4_7_mem_module(C_...
Compiling module blk_mem_gen_v8_4_7.blk_mem_gen_v8_4_7(C_FAMILY="zyn...
Compiling module xil_defaultlib.layer0_coeff_in1_out2
Compiling module blk_mem_gen_v8_4_7.blk_mem_gen_v8_4_7_mem_module(C_...
Compiling module blk_mem_gen_v8_4_7.blk_mem_gen_v8_4_7(C_FAMILY="zyn...
Compiling module xil_defaultlib.layer0_coeff_in1_out3
Compiling module blk_mem_gen_v8_4_7.blk_mem_gen_v8_4_7_mem_module(C_...
Compiling module blk_mem_gen_v8_4_7.blk_mem_gen_v8_4_7(C_FAMILY="zyn...
Compiling module xil_defaultlib.layer0_coeff_in1_out4
Compiling module blk_mem_gen_v8_4_7.blk_mem_gen_v8_4_7_mem_module(C_...
Compiling module blk_mem_gen_v8_4_7.blk_mem_gen_v8_4_7(C_FAMILY="zyn...
Compiling module xil_defaultlib.layer0_coeff_in2_out0
Compiling module blk_mem_gen_v8_4_7.blk_mem_gen_v8_4_7_mem_module(C_...
Compiling module blk_mem_gen_v8_4_7.blk_mem_gen_v8_4_7(C_FAMILY="zyn...
Compiling module xil_defaultlib.layer0_coeff_in2_out1
Compiling module blk_mem_gen_v8_4_7.blk_mem_gen_v8_4_7_mem_module(C_...
Compiling module blk_mem_gen_v8_4_7.blk_mem_gen_v8_4_7(C_FAMILY="zyn...
Compiling module xil_defaultlib.layer0_coeff_in2_out2
Compiling module blk_mem_gen_v8_4_7.blk_mem_gen_v8_4_7_mem_module(C_...
Compiling module blk_mem_gen_v8_4_7.blk_mem_gen_v8_4_7(C_FAMILY="zyn...
Compiling module xil_defaultlib.layer0_coeff_in2_out3
Compiling module blk_mem_gen_v8_4_7.blk_mem_gen_v8_4_7_mem_module(C_...
Compiling module blk_mem_gen_v8_4_7.blk_mem_gen_v8_4_7(C_FAMILY="zyn...
Compiling module xil_defaultlib.layer0_coeff_in2_out4
Compiling module blk_mem_gen_v8_4_7.blk_mem_gen_v8_4_7_mem_module(C_...
Compiling module blk_mem_gen_v8_4_7.blk_mem_gen_v8_4_7(C_FAMILY="zyn...
Compiling module xil_defaultlib.layer1_coeff_in0_out0
Compiling module blk_mem_gen_v8_4_7.blk_mem_gen_v8_4_7_mem_module(C_...
Compiling module blk_mem_gen_v8_4_7.blk_mem_gen_v8_4_7(C_FAMILY="zyn...
Compiling module xil_defaultlib.layer1_coeff_in1_out0
Compiling module blk_mem_gen_v8_4_7.blk_mem_gen_v8_4_7_mem_module(C_...
Compiling module blk_mem_gen_v8_4_7.blk_mem_gen_v8_4_7(C_FAMILY="zyn...
Compiling module xil_defaultlib.layer1_coeff_in2_out0
Compiling module blk_mem_gen_v8_4_7.blk_mem_gen_v8_4_7_mem_module(C_...
Compiling module blk_mem_gen_v8_4_7.blk_mem_gen_v8_4_7(C_FAMILY="zyn...
Compiling module xil_defaultlib.layer1_coeff_in3_out0
Compiling module blk_mem_gen_v8_4_7.blk_mem_gen_v8_4_7_mem_module(C_...
Compiling module blk_mem_gen_v8_4_7.blk_mem_gen_v8_4_7(C_FAMILY="zyn...
Compiling module xil_defaultlib.layer1_coeff_in4_out0
Compiling module xil_defaultlib.Coeff_Rom
Compiling module xil_defaultlib.internal_finder
Compiling module xil_defaultlib.multiplier
Compiling module xil_defaultlib.mac
Compiling module xil_defaultlib.BSU
Compiling module xil_defaultlib.tb_bsu
Compiling module xil_defaultlib.glbl
Built simulation snapshot tb_bsu_behav
run_program: Time (s): cpu = 00:00:02 ; elapsed = 00:00:27 . Memory (MB): peak = 2792.711 ; gain = 0.000
INFO: [USF-XSim-69] 'elaborate' step finished in '28' seconds
INFO: [USF-XSim-4] XSim::Simulate design
INFO: [USF-XSim-61] Executing 'SIMULATE' step in 'D:/KAN/FPGA_Prj/KAN_V1/KAN_V1.sim/sim_1/behav/xsim'
INFO: [USF-XSim-98] *** Running xsim
   with args "tb_bsu_behav -key {Behavioral:sim_1:Functional:tb_bsu} -tclbatch {tb_bsu.tcl} -view {D:/KAN/FPGA_Prj/KAN_V1/tb_module_behav.wcfg} -log {simulate.log}"
INFO: [USF-XSim-8] Loading simulator feature
Time resolution is 1 ps
open_wave_config D:/KAN/FPGA_Prj/KAN_V1/tb_module_behav.wcfg
source tb_bsu.tcl
# set curr_wave [current_wave_config]
# if { [string length $curr_wave] == 0 } {
#   if { [llength [get_objects]] > 0} {
#     add_wave /
#     set_property needs_save false [current_wave_config]
#   } else {
#      send_msg_id Add_Wave-1 WARNING "No top level signals found. Simulator will start without a wave window. If you want to open a wave window go to 'File->New Waveform Configuration' or type 'create_wave_config' in the TCL console."
#   }
# }
# run 1000ns
 Block Memory Generator module loading initial data...
 Block Memory Generator data initialization complete.
Block Memory Generator module tb_bsu.ROM_TEST.bram0.inst.\native_mem_module.blk_mem_gen_v8_4_7_inst  is using a behavioral model for simulation which will not precisely model memory collision behavior.
 Block Memory Generator module loading initial data...
 Block Memory Generator data initialization complete.
Block Memory Generator module tb_bsu.ROM_TEST.bram1.inst.\native_mem_module.blk_mem_gen_v8_4_7_inst  is using a behavioral model for simulation which will not precisely model memory collision behavior.
 Block Memory Generator module loading initial data...
 Block Memory Generator data initialization complete.
Block Memory Generator module tb_bsu.ROM_TEST.bram2.inst.\native_mem_module.blk_mem_gen_v8_4_7_inst  is using a behavioral model for simulation which will not precisely model memory collision behavior.
 Block Memory Generator module loading initial data...
 Block Memory Generator data initialization complete.
Block Memory Generator module tb_bsu.ROM_TEST.bram3.inst.\native_mem_module.blk_mem_gen_v8_4_7_inst  is using a behavioral model for simulation which will not precisely model memory collision behavior.
 Block Memory Generator module loading initial data...
 Block Memory Generator data initialization complete.
Block Memory Generator module tb_bsu.ROM_TEST.bram4.inst.\native_mem_module.blk_mem_gen_v8_4_7_inst  is using a behavioral model for simulation which will not precisely model memory collision behavior.
 Block Memory Generator module loading initial data...
 Block Memory Generator data initialization complete.
Block Memory Generator module tb_bsu.ROM_TEST.bram5.inst.\native_mem_module.blk_mem_gen_v8_4_7_inst  is using a behavioral model for simulation which will not precisely model memory collision behavior.
 Block Memory Generator module loading initial data...
 Block Memory Generator data initialization complete.
Block Memory Generator module tb_bsu.ROM_TEST.bram6.inst.\native_mem_module.blk_mem_gen_v8_4_7_inst  is using a behavioral model for simulation which will not precisely model memory collision behavior.
 Block Memory Generator module loading initial data...
 Block Memory Generator data initialization complete.
Block Memory Generator module tb_bsu.ROM_TEST.bram7.inst.\native_mem_module.blk_mem_gen_v8_4_7_inst  is using a behavioral model for simulation which will not precisely model memory collision behavior.
 Block Memory Generator module loading initial data...
 Block Memory Generator data initialization complete.
Block Memory Generator module tb_bsu.ROM_TEST.bram8.inst.\native_mem_module.blk_mem_gen_v8_4_7_inst  is using a behavioral model for simulation which will not precisely model memory collision behavior.
 Block Memory Generator module loading initial data...
 Block Memory Generator data initialization complete.
Block Memory Generator module tb_bsu.ROM_TEST.bram9.inst.\native_mem_module.blk_mem_gen_v8_4_7_inst  is using a behavioral model for simulation which will not precisely model memory collision behavior.
 Block Memory Generator module loading initial data...
 Block Memory Generator data initialization complete.
Block Memory Generator module tb_bsu.ROM_TEST.bram10.inst.\native_mem_module.blk_mem_gen_v8_4_7_inst  is using a behavioral model for simulation which will not precisely model memory collision behavior.
 Block Memory Generator module loading initial data...
 Block Memory Generator data initialization complete.
Block Memory Generator module tb_bsu.ROM_TEST.bram11.inst.\native_mem_module.blk_mem_gen_v8_4_7_inst  is using a behavioral model for simulation which will not precisely model memory collision behavior.
 Block Memory Generator module loading initial data...
 Block Memory Generator data initialization complete.
Block Memory Generator module tb_bsu.ROM_TEST.bram12.inst.\native_mem_module.blk_mem_gen_v8_4_7_inst  is using a behavioral model for simulation which will not precisely model memory collision behavior.
 Block Memory Generator module loading initial data...
 Block Memory Generator data initialization complete.
Block Memory Generator module tb_bsu.ROM_TEST.bram13.inst.\native_mem_module.blk_mem_gen_v8_4_7_inst  is using a behavioral model for simulation which will not precisely model memory collision behavior.
 Block Memory Generator module loading initial data...
 Block Memory Generator data initialization complete.
Block Memory Generator module tb_bsu.ROM_TEST.bram14.inst.\native_mem_module.blk_mem_gen_v8_4_7_inst  is using a behavioral model for simulation which will not precisely model memory collision behavior.
 Block Memory Generator module loading initial data...
 Block Memory Generator data initialization complete.
Block Memory Generator module tb_bsu.ROM_TEST.bram15.inst.\native_mem_module.blk_mem_gen_v8_4_7_inst  is using a behavioral model for simulation which will not precisely model memory collision behavior.
 Block Memory Generator module loading initial data...
 Block Memory Generator data initialization complete.
Block Memory Generator module tb_bsu.ROM_TEST.bram16.inst.\native_mem_module.blk_mem_gen_v8_4_7_inst  is using a behavioral model for simulation which will not precisely model memory collision behavior.
 Block Memory Generator module loading initial data...
 Block Memory Generator data initialization complete.
Block Memory Generator module tb_bsu.ROM_TEST.bram17.inst.\native_mem_module.blk_mem_gen_v8_4_7_inst  is using a behavioral model for simulation which will not precisely model memory collision behavior.
 Block Memory Generator module loading initial data...
 Block Memory Generator data initialization complete.
Block Memory Generator module tb_bsu.ROM_TEST.bram18.inst.\native_mem_module.blk_mem_gen_v8_4_7_inst  is using a behavioral model for simulation which will not precisely model memory collision behavior.
 Block Memory Generator module loading initial data...
 Block Memory Generator data initialization complete.
Block Memory Generator module tb_bsu.ROM_TEST.bram19.inst.\native_mem_module.blk_mem_gen_v8_4_7_inst  is using a behavioral model for simulation which will not precisely model memory collision behavior.
INFO: [USF-XSim-96] XSim completed. Design snapshot 'tb_bsu_behav' loaded.
INFO: [USF-XSim-97] XSim simulation ran for 1000ns
launch_simulation: Time (s): cpu = 00:00:05 ; elapsed = 00:00:34 . Memory (MB): peak = 2792.711 ; gain = 0.000
close_sim
INFO: [Simtcl 6-16] Simulation closed
launch_simulation
Command: launch_simulation 
INFO: [Vivado 12-12493] Simulation top is 'tb_bsu'
WARNING: [Vivado 12-13340] Unable to auto find GCC executables from simulator install path! (path not set)
INFO: [Vivado 12-5682] Launching behavioral simulation in 'D:/KAN/FPGA_Prj/KAN_V1/KAN_V1.sim/sim_1/behav/xsim'
INFO: [SIM-utils-51] Simulation object is 'sim_1'
INFO: [SIM-utils-72] Using boost library from 'D:/Xilinx/Vivado/2023.2/tps/boost_1_72_0'
INFO: [USF-XSim-7] Finding pre-compiled libraries...
INFO: [USF-XSim-11] File 'D:/Xilinx/Vivado/2023.2/data/xsim/xsim.ini' copied to run dir:'D:/KAN/FPGA_Prj/KAN_V1/KAN_V1.sim/sim_1/behav/xsim'
INFO: [SIM-utils-54] Inspecting design source files for 'tb_bsu' in fileset 'sim_1'...
INFO: [SIM-utils-43] Exported 'D:/KAN/FPGA_Prj/KAN_V1/KAN_V1.sim/sim_1/behav/xsim/layer0_coeff_in0_out0.mif'
INFO: [SIM-utils-43] Exported 'D:/KAN/FPGA_Prj/KAN_V1/KAN_V1.sim/sim_1/behav/xsim/layer0_coeff_in0_out0.coe'
INFO: [SIM-utils-43] Exported 'D:/KAN/FPGA_Prj/KAN_V1/KAN_V1.sim/sim_1/behav/xsim/layer0_coeff_in0_out1.mif'
INFO: [SIM-utils-43] Exported 'D:/KAN/FPGA_Prj/KAN_V1/KAN_V1.sim/sim_1/behav/xsim/layer0_coeff_in0_out1.coe'
INFO: [SIM-utils-43] Exported 'D:/KAN/FPGA_Prj/KAN_V1/KAN_V1.sim/sim_1/behav/xsim/layer0_coeff_in0_out2.mif'
INFO: [SIM-utils-43] Exported 'D:/KAN/FPGA_Prj/KAN_V1/KAN_V1.sim/sim_1/behav/xsim/layer0_coeff_in0_out2.coe'
INFO: [SIM-utils-43] Exported 'D:/KAN/FPGA_Prj/KAN_V1/KAN_V1.sim/sim_1/behav/xsim/layer0_coeff_in0_out3.mif'
INFO: [SIM-utils-43] Exported 'D:/KAN/FPGA_Prj/KAN_V1/KAN_V1.sim/sim_1/behav/xsim/layer0_coeff_in0_out3.coe'
INFO: [SIM-utils-43] Exported 'D:/KAN/FPGA_Prj/KAN_V1/KAN_V1.sim/sim_1/behav/xsim/layer0_coeff_in0_out4.mif'
INFO: [SIM-utils-43] Exported 'D:/KAN/FPGA_Prj/KAN_V1/KAN_V1.sim/sim_1/behav/xsim/layer0_coeff_in0_out4.coe'
INFO: [SIM-utils-43] Exported 'D:/KAN/FPGA_Prj/KAN_V1/KAN_V1.sim/sim_1/behav/xsim/layer0_coeff_in1_out0.mif'
INFO: [SIM-utils-43] Exported 'D:/KAN/FPGA_Prj/KAN_V1/KAN_V1.sim/sim_1/behav/xsim/layer0_coeff_in1_out0.coe'
INFO: [SIM-utils-43] Exported 'D:/KAN/FPGA_Prj/KAN_V1/KAN_V1.sim/sim_1/behav/xsim/layer0_coeff_in1_out1.mif'
INFO: [SIM-utils-43] Exported 'D:/KAN/FPGA_Prj/KAN_V1/KAN_V1.sim/sim_1/behav/xsim/layer0_coeff_in1_out1.coe'
INFO: [SIM-utils-43] Exported 'D:/KAN/FPGA_Prj/KAN_V1/KAN_V1.sim/sim_1/behav/xsim/layer0_coeff_in1_out2.mif'
INFO: [SIM-utils-43] Exported 'D:/KAN/FPGA_Prj/KAN_V1/KAN_V1.sim/sim_1/behav/xsim/layer0_coeff_in1_out2.coe'
INFO: [SIM-utils-43] Exported 'D:/KAN/FPGA_Prj/KAN_V1/KAN_V1.sim/sim_1/behav/xsim/layer0_coeff_in1_out3.mif'
INFO: [SIM-utils-43] Exported 'D:/KAN/FPGA_Prj/KAN_V1/KAN_V1.sim/sim_1/behav/xsim/layer0_coeff_in1_out3.coe'
INFO: [SIM-utils-43] Exported 'D:/KAN/FPGA_Prj/KAN_V1/KAN_V1.sim/sim_1/behav/xsim/layer0_coeff_in1_out4.mif'
INFO: [SIM-utils-43] Exported 'D:/KAN/FPGA_Prj/KAN_V1/KAN_V1.sim/sim_1/behav/xsim/layer0_coeff_in1_out4.coe'
INFO: [SIM-utils-43] Exported 'D:/KAN/FPGA_Prj/KAN_V1/KAN_V1.sim/sim_1/behav/xsim/layer0_coeff_in2_out0.mif'
INFO: [SIM-utils-43] Exported 'D:/KAN/FPGA_Prj/KAN_V1/KAN_V1.sim/sim_1/behav/xsim/layer0_coeff_in2_out0.coe'
INFO: [SIM-utils-43] Exported 'D:/KAN/FPGA_Prj/KAN_V1/KAN_V1.sim/sim_1/behav/xsim/layer0_coeff_in2_out1.mif'
INFO: [SIM-utils-43] Exported 'D:/KAN/FPGA_Prj/KAN_V1/KAN_V1.sim/sim_1/behav/xsim/layer0_coeff_in2_out1.coe'
INFO: [SIM-utils-43] Exported 'D:/KAN/FPGA_Prj/KAN_V1/KAN_V1.sim/sim_1/behav/xsim/layer0_coeff_in2_out2.mif'
INFO: [SIM-utils-43] Exported 'D:/KAN/FPGA_Prj/KAN_V1/KAN_V1.sim/sim_1/behav/xsim/layer0_coeff_in2_out2.coe'
INFO: [SIM-utils-43] Exported 'D:/KAN/FPGA_Prj/KAN_V1/KAN_V1.sim/sim_1/behav/xsim/layer0_coeff_in2_out3.mif'
INFO: [SIM-utils-43] Exported 'D:/KAN/FPGA_Prj/KAN_V1/KAN_V1.sim/sim_1/behav/xsim/layer0_coeff_in2_out3.coe'
INFO: [SIM-utils-43] Exported 'D:/KAN/FPGA_Prj/KAN_V1/KAN_V1.sim/sim_1/behav/xsim/layer0_coeff_in2_out4.mif'
INFO: [SIM-utils-43] Exported 'D:/KAN/FPGA_Prj/KAN_V1/KAN_V1.sim/sim_1/behav/xsim/layer0_coeff_in2_out4.coe'
INFO: [SIM-utils-43] Exported 'D:/KAN/FPGA_Prj/KAN_V1/KAN_V1.sim/sim_1/behav/xsim/layer1_coeff_in0_out0.mif'
INFO: [SIM-utils-43] Exported 'D:/KAN/FPGA_Prj/KAN_V1/KAN_V1.sim/sim_1/behav/xsim/layer1_coeff_in0_out0.coe'
INFO: [SIM-utils-43] Exported 'D:/KAN/FPGA_Prj/KAN_V1/KAN_V1.sim/sim_1/behav/xsim/layer1_coeff_in1_out0.mif'
INFO: [SIM-utils-43] Exported 'D:/KAN/FPGA_Prj/KAN_V1/KAN_V1.sim/sim_1/behav/xsim/layer1_coeff_in1_out0.coe'
INFO: [SIM-utils-43] Exported 'D:/KAN/FPGA_Prj/KAN_V1/KAN_V1.sim/sim_1/behav/xsim/layer1_coeff_in2_out0.mif'
INFO: [SIM-utils-43] Exported 'D:/KAN/FPGA_Prj/KAN_V1/KAN_V1.sim/sim_1/behav/xsim/layer1_coeff_in2_out0.coe'
INFO: [SIM-utils-43] Exported 'D:/KAN/FPGA_Prj/KAN_V1/KAN_V1.sim/sim_1/behav/xsim/layer1_coeff_in3_out0.mif'
INFO: [SIM-utils-43] Exported 'D:/KAN/FPGA_Prj/KAN_V1/KAN_V1.sim/sim_1/behav/xsim/layer1_coeff_in3_out0.coe'
INFO: [SIM-utils-43] Exported 'D:/KAN/FPGA_Prj/KAN_V1/KAN_V1.sim/sim_1/behav/xsim/layer1_coeff_in4_out0.mif'
INFO: [SIM-utils-43] Exported 'D:/KAN/FPGA_Prj/KAN_V1/KAN_V1.sim/sim_1/behav/xsim/layer1_coeff_in4_out0.coe'
INFO: [USF-XSim-97] Finding global include files...
INFO: [USF-XSim-98] Fetching design files from 'sim_1'...
INFO: [USF-XSim-2] XSim::Compile design
INFO: [USF-XSim-61] Executing 'COMPILE and ANALYZE' step in 'D:/KAN/FPGA_Prj/KAN_V1/KAN_V1.sim/sim_1/behav/xsim'
"xvlog --incr --relax -L uvm -prj tb_bsu_vlog.prj"
ECHO 处于关闭状态。
ECHO 处于关闭状态。
INFO: [VRFC 10-2263] Analyzing Verilog file "D:/KAN/FPGA_Prj/KAN_V1/KAN_V1.gen/sources_1/ip/layer1_coeff_in4_out0/sim/layer1_coeff_in4_out0.v" into library xil_defaultlib
INFO: [VRFC 10-311] analyzing module layer1_coeff_in4_out0
INFO: [VRFC 10-2263] Analyzing Verilog file "D:/KAN/FPGA_Prj/KAN_V1/KAN_V1.gen/sources_1/ip/layer1_coeff_in3_out0/sim/layer1_coeff_in3_out0.v" into library xil_defaultlib
INFO: [VRFC 10-311] analyzing module layer1_coeff_in3_out0
INFO: [VRFC 10-2263] Analyzing Verilog file "D:/KAN/FPGA_Prj/KAN_V1/KAN_V1.gen/sources_1/ip/layer1_coeff_in2_out0/sim/layer1_coeff_in2_out0.v" into library xil_defaultlib
INFO: [VRFC 10-311] analyzing module layer1_coeff_in2_out0
INFO: [VRFC 10-2263] Analyzing Verilog file "D:/KAN/FPGA_Prj/KAN_V1/KAN_V1.gen/sources_1/ip/layer1_coeff_in1_out0/sim/layer1_coeff_in1_out0.v" into library xil_defaultlib
INFO: [VRFC 10-311] analyzing module layer1_coeff_in1_out0
INFO: [VRFC 10-2263] Analyzing Verilog file "D:/KAN/FPGA_Prj/KAN_V1/KAN_V1.gen/sources_1/ip/layer1_coeff_in0_out0/sim/layer1_coeff_in0_out0.v" into library xil_defaultlib
INFO: [VRFC 10-311] analyzing module layer1_coeff_in0_out0
INFO: [VRFC 10-2263] Analyzing Verilog file "D:/KAN/FPGA_Prj/KAN_V1/KAN_V1.gen/sources_1/ip/layer0_coeff_in2_out4/sim/layer0_coeff_in2_out4.v" into library xil_defaultlib
INFO: [VRFC 10-311] analyzing module layer0_coeff_in2_out4
INFO: [VRFC 10-2263] Analyzing Verilog file "D:/KAN/FPGA_Prj/KAN_V1/KAN_V1.gen/sources_1/ip/layer0_coeff_in2_out3/sim/layer0_coeff_in2_out3.v" into library xil_defaultlib
INFO: [VRFC 10-311] analyzing module layer0_coeff_in2_out3
INFO: [VRFC 10-2263] Analyzing Verilog file "D:/KAN/FPGA_Prj/KAN_V1/KAN_V1.gen/sources_1/ip/layer0_coeff_in2_out2/sim/layer0_coeff_in2_out2.v" into library xil_defaultlib
INFO: [VRFC 10-311] analyzing module layer0_coeff_in2_out2
INFO: [VRFC 10-2263] Analyzing Verilog file "D:/KAN/FPGA_Prj/KAN_V1/KAN_V1.gen/sources_1/ip/layer0_coeff_in2_out1/sim/layer0_coeff_in2_out1.v" into library xil_defaultlib
INFO: [VRFC 10-311] analyzing module layer0_coeff_in2_out1
INFO: [VRFC 10-2263] Analyzing Verilog file "D:/KAN/FPGA_Prj/KAN_V1/KAN_V1.gen/sources_1/ip/layer0_coeff_in2_out0/sim/layer0_coeff_in2_out0.v" into library xil_defaultlib
INFO: [VRFC 10-311] analyzing module layer0_coeff_in2_out0
INFO: [VRFC 10-2263] Analyzing Verilog file "D:/KAN/FPGA_Prj/KAN_V1/KAN_V1.gen/sources_1/ip/layer0_coeff_in1_out4/sim/layer0_coeff_in1_out4.v" into library xil_defaultlib
INFO: [VRFC 10-311] analyzing module layer0_coeff_in1_out4
INFO: [VRFC 10-2263] Analyzing Verilog file "D:/KAN/FPGA_Prj/KAN_V1/KAN_V1.gen/sources_1/ip/layer0_coeff_in1_out3/sim/layer0_coeff_in1_out3.v" into library xil_defaultlib
INFO: [VRFC 10-311] analyzing module layer0_coeff_in1_out3
INFO: [VRFC 10-2263] Analyzing Verilog file "D:/KAN/FPGA_Prj/KAN_V1/KAN_V1.gen/sources_1/ip/layer0_coeff_in1_out2/sim/layer0_coeff_in1_out2.v" into library xil_defaultlib
INFO: [VRFC 10-311] analyzing module layer0_coeff_in1_out2
INFO: [VRFC 10-2263] Analyzing Verilog file "D:/KAN/FPGA_Prj/KAN_V1/KAN_V1.gen/sources_1/ip/layer0_coeff_in1_out1/sim/layer0_coeff_in1_out1.v" into library xil_defaultlib
INFO: [VRFC 10-311] analyzing module layer0_coeff_in1_out1
INFO: [VRFC 10-2263] Analyzing Verilog file "D:/KAN/FPGA_Prj/KAN_V1/KAN_V1.gen/sources_1/ip/layer0_coeff_in1_out0/sim/layer0_coeff_in1_out0.v" into library xil_defaultlib
INFO: [VRFC 10-311] analyzing module layer0_coeff_in1_out0
INFO: [VRFC 10-2263] Analyzing Verilog file "D:/KAN/FPGA_Prj/KAN_V1/KAN_V1.gen/sources_1/ip/layer0_coeff_in0_out4/sim/layer0_coeff_in0_out4.v" into library xil_defaultlib
INFO: [VRFC 10-311] analyzing module layer0_coeff_in0_out4
INFO: [VRFC 10-2263] Analyzing Verilog file "D:/KAN/FPGA_Prj/KAN_V1/KAN_V1.gen/sources_1/ip/layer0_coeff_in0_out3/sim/layer0_coeff_in0_out3.v" into library xil_defaultlib
INFO: [VRFC 10-311] analyzing module layer0_coeff_in0_out3
INFO: [VRFC 10-2263] Analyzing Verilog file "D:/KAN/FPGA_Prj/KAN_V1/KAN_V1.gen/sources_1/ip/layer0_coeff_in0_out2/sim/layer0_coeff_in0_out2.v" into library xil_defaultlib
INFO: [VRFC 10-311] analyzing module layer0_coeff_in0_out2
INFO: [VRFC 10-2263] Analyzing Verilog file "D:/KAN/FPGA_Prj/KAN_V1/KAN_V1.gen/sources_1/ip/layer0_coeff_in0_out1/sim/layer0_coeff_in0_out1.v" into library xil_defaultlib
INFO: [VRFC 10-311] analyzing module layer0_coeff_in0_out1
INFO: [VRFC 10-2263] Analyzing Verilog file "D:/KAN/FPGA_Prj/KAN_V1/KAN_V1.gen/sources_1/ip/layer0_coeff_in0_out0/sim/layer0_coeff_in0_out0.v" into library xil_defaultlib
INFO: [VRFC 10-311] analyzing module layer0_coeff_in0_out0
INFO: [VRFC 10-2263] Analyzing Verilog file "D:/KAN/FPGA_Prj/KAN_V1/KAN_V1.srcs/sources_1/new/BSU.v" into library xil_defaultlib
INFO: [VRFC 10-311] analyzing module BSU
ERROR: [VRFC 10-1280] procedural assignment to a non-register is_first_mul_crt is not permitted, left-hand side should be reg/integer/time/genvar [D:/KAN/FPGA_Prj/KAN_V1/KAN_V1.srcs/sources_1/new/BSU.v:222]
ERROR: [VRFC 10-2989] 'current_state' is not declared [D:/KAN/FPGA_Prj/KAN_V1/KAN_V1.srcs/sources_1/new/BSU.v:222]
ERROR: [VRFC 10-8530] module 'BSU' is ignored due to previous errors [D:/KAN/FPGA_Prj/KAN_V1/KAN_V1.srcs/sources_1/new/BSU.v:25]
INFO: [USF-XSim-69] 'compile' step finished in '3' seconds
INFO: [USF-XSim-99] Step results log file:'D:/KAN/FPGA_Prj/KAN_V1/KAN_V1.sim/sim_1/behav/xsim/xvlog.log'
ERROR: [USF-XSim-62] 'compile' step failed with error(s). Please check the Tcl console output or 'D:/KAN/FPGA_Prj/KAN_V1/KAN_V1.sim/sim_1/behav/xsim/xvlog.log' file for more information.
ERROR: [Vivado 12-4473] Detected error while running simulation. Please correct the issue and retry this operation.
ERROR: [Common 17-39] 'launch_simulation' failed due to earlier errors.
set log_file "D:/KAN/FPGA_Prj/KAN_V1/KAN_V1.sim/sim_1/behav/xsim/xvlog.log"
D:/KAN/FPGA_Prj/KAN_V1/KAN_V1.sim/sim_1/behav/xsim/xvlog.log
if {[file exists $log_file]} {
    set fp [open $log_file r]
    set content [read $fp]
    close $fp
    puts $content
} else {
    puts "日志文件不存在！请检查路径。"
}
INFO: [VRFC 10-2263] Analyzing Verilog file "D:/KAN/FPGA_Prj/KAN_V1/KAN_V1.gen/sources_1/ip/layer1_coeff_in4_out0/sim/layer1_coeff_in4_out0.v" into library xil_defaultlib
INFO: [VRFC 10-311] analyzing module layer1_coeff_in4_out0
INFO: [VRFC 10-2263] Analyzing Verilog file "D:/KAN/FPGA_Prj/KAN_V1/KAN_V1.gen/sources_1/ip/layer1_coeff_in3_out0/sim/layer1_coeff_in3_out0.v" into library xil_defaultlib
INFO: [VRFC 10-311] analyzing module layer1_coeff_in3_out0
INFO: [VRFC 10-2263] Analyzing Verilog file "D:/KAN/FPGA_Prj/KAN_V1/KAN_V1.gen/sources_1/ip/layer1_coeff_in2_out0/sim/layer1_coeff_in2_out0.v" into library xil_defaultlib
INFO: [VRFC 10-311] analyzing module layer1_coeff_in2_out0
INFO: [VRFC 10-2263] Analyzing Verilog file "D:/KAN/FPGA_Prj/KAN_V1/KAN_V1.gen/sources_1/ip/layer1_coeff_in1_out0/sim/layer1_coeff_in1_out0.v" into library xil_defaultlib
INFO: [VRFC 10-311] analyzing module layer1_coeff_in1_out0
INFO: [VRFC 10-2263] Analyzing Verilog file "D:/KAN/FPGA_Prj/KAN_V1/KAN_V1.gen/sources_1/ip/layer1_coeff_in0_out0/sim/layer1_coeff_in0_out0.v" into library xil_defaultlib
INFO: [VRFC 10-311] analyzing module layer1_coeff_in0_out0
INFO: [VRFC 10-2263] Analyzing Verilog file "D:/KAN/FPGA_Prj/KAN_V1/KAN_V1.gen/sources_1/ip/layer0_coeff_in2_out4/sim/layer0_coeff_in2_out4.v" into library xil_defaultlib
INFO: [VRFC 10-311] analyzing module layer0_coeff_in2_out4
INFO: [VRFC 10-2263] Analyzing Verilog file "D:/KAN/FPGA_Prj/KAN_V1/KAN_V1.gen/sources_1/ip/layer0_coeff_in2_out3/sim/layer0_coeff_in2_out3.v" into library xil_defaultlib
INFO: [VRFC 10-311] analyzing module layer0_coeff_in2_out3
INFO: [VRFC 10-2263] Analyzing Verilog file "D:/KAN/FPGA_Prj/KAN_V1/KAN_V1.gen/sources_1/ip/layer0_coeff_in2_out2/sim/layer0_coeff_in2_out2.v" into library xil_defaultlib
INFO: [VRFC 10-311] analyzing module layer0_coeff_in2_out2
INFO: [VRFC 10-2263] Analyzing Verilog file "D:/KAN/FPGA_Prj/KAN_V1/KAN_V1.gen/sources_1/ip/layer0_coeff_in2_out1/sim/layer0_coeff_in2_out1.v" into library xil_defaultlib
INFO: [VRFC 10-311] analyzing module layer0_coeff_in2_out1
INFO: [VRFC 10-2263] Analyzing Verilog file "D:/KAN/FPGA_Prj/KAN_V1/KAN_V1.gen/sources_1/ip/layer0_coeff_in2_out0/sim/layer0_coeff_in2_out0.v" into library xil_defaultlib
INFO: [VRFC 10-311] analyzing module layer0_coeff_in2_out0
INFO: [VRFC 10-2263] Analyzing Verilog file "D:/KAN/FPGA_Prj/KAN_V1/KAN_V1.gen/sources_1/ip/layer0_coeff_in1_out4/sim/layer0_coeff_in1_out4.v" into library xil_defaultlib
INFO: [VRFC 10-311] analyzing module layer0_coeff_in1_out4
INFO: [VRFC 10-2263] Analyzing Verilog file "D:/KAN/FPGA_Prj/KAN_V1/KAN_V1.gen/sources_1/ip/layer0_coeff_in1_out3/sim/layer0_coeff_in1_out3.v" into library xil_defaultlib
INFO: [VRFC 10-311] analyzing module layer0_coeff_in1_out3
INFO: [VRFC 10-2263] Analyzing Verilog file "D:/KAN/FPGA_Prj/KAN_V1/KAN_V1.gen/sources_1/ip/layer0_coeff_in1_out2/sim/layer0_coeff_in1_out2.v" into library xil_defaultlib
INFO: [VRFC 10-311] analyzing module layer0_coeff_in1_out2
INFO: [VRFC 10-2263] Analyzing Verilog file "D:/KAN/FPGA_Prj/KAN_V1/KAN_V1.gen/sources_1/ip/layer0_coeff_in1_out1/sim/layer0_coeff_in1_out1.v" into library xil_defaultlib
INFO: [VRFC 10-311] analyzing module layer0_coeff_in1_out1
INFO: [VRFC 10-2263] Analyzing Verilog file "D:/KAN/FPGA_Prj/KAN_V1/KAN_V1.gen/sources_1/ip/layer0_coeff_in1_out0/sim/layer0_coeff_in1_out0.v" into library xil_defaultlib
INFO: [VRFC 10-311] analyzing module layer0_coeff_in1_out0
INFO: [VRFC 10-2263] Analyzing Verilog file "D:/KAN/FPGA_Prj/KAN_V1/KAN_V1.gen/sources_1/ip/layer0_coeff_in0_out4/sim/layer0_coeff_in0_out4.v" into library xil_defaultlib
INFO: [VRFC 10-311] analyzing module layer0_coeff_in0_out4
INFO: [VRFC 10-2263] Analyzing Verilog file "D:/KAN/FPGA_Prj/KAN_V1/KAN_V1.gen/sources_1/ip/layer0_coeff_in0_out3/sim/layer0_coeff_in0_out3.v" into library xil_defaultlib
INFO: [VRFC 10-311] analyzing module layer0_coeff_in0_out3
INFO: [VRFC 10-2263] Analyzing Verilog file "D:/KAN/FPGA_Prj/KAN_V1/KAN_V1.gen/sources_1/ip/layer0_coeff_in0_out2/sim/layer0_coeff_in0_out2.v" into library xil_defaultlib
INFO: [VRFC 10-311] analyzing module layer0_coeff_in0_out2
INFO: [VRFC 10-2263] Analyzing Verilog file "D:/KAN/FPGA_Prj/KAN_V1/KAN_V1.gen/sources_1/ip/layer0_coeff_in0_out1/sim/layer0_coeff_in0_out1.v" into library xil_defaultlib
INFO: [VRFC 10-311] analyzing module layer0_coeff_in0_out1
INFO: [VRFC 10-2263] Analyzing Verilog file "D:/KAN/FPGA_Prj/KAN_V1/KAN_V1.gen/sources_1/ip/layer0_coeff_in0_out0/sim/layer0_coeff_in0_out0.v" into library xil_defaultlib
INFO: [VRFC 10-311] analyzing module layer0_coeff_in0_out0
INFO: [VRFC 10-2263] Analyzing Verilog file "D:/KAN/FPGA_Prj/KAN_V1/KAN_V1.srcs/sources_1/new/BSU.v" into library xil_defaultlib
INFO: [VRFC 10-311] analyzing module BSU
ERROR: [VRFC 10-1280] procedural assignment to a non-register is_first_mul_crt is not permitted, left-hand side should be reg/integer/time/genvar [D:/KAN/FPGA_Prj/KAN_V1/KAN_V1.srcs/sources_1/new/BSU.v:222]
ERROR: [VRFC 10-2989] 'current_state' is not declared [D:/KAN/FPGA_Prj/KAN_V1/KAN_V1.srcs/sources_1/new/BSU.v:222]
ERROR: [VRFC 10-8530] module 'BSU' is ignored due to previous errors [D:/KAN/FPGA_Prj/KAN_V1/KAN_V1.srcs/sources_1/new/BSU.v:25]

launch_simulation
Command: launch_simulation 
INFO: [Vivado 12-12493] Simulation top is 'tb_bsu'
WARNING: [Vivado 12-13340] Unable to auto find GCC executables from simulator install path! (path not set)
INFO: [Vivado 12-5682] Launching behavioral simulation in 'D:/KAN/FPGA_Prj/KAN_V1/KAN_V1.sim/sim_1/behav/xsim'
INFO: [SIM-utils-51] Simulation object is 'sim_1'
INFO: [SIM-utils-72] Using boost library from 'D:/Xilinx/Vivado/2023.2/tps/boost_1_72_0'
INFO: [USF-XSim-7] Finding pre-compiled libraries...
INFO: [USF-XSim-11] File 'D:/Xilinx/Vivado/2023.2/data/xsim/xsim.ini' copied to run dir:'D:/KAN/FPGA_Prj/KAN_V1/KAN_V1.sim/sim_1/behav/xsim'
INFO: [SIM-utils-54] Inspecting design source files for 'tb_bsu' in fileset 'sim_1'...
INFO: [SIM-utils-43] Exported 'D:/KAN/FPGA_Prj/KAN_V1/KAN_V1.sim/sim_1/behav/xsim/layer0_coeff_in0_out0.mif'
INFO: [SIM-utils-43] Exported 'D:/KAN/FPGA_Prj/KAN_V1/KAN_V1.sim/sim_1/behav/xsim/layer0_coeff_in0_out0.coe'
INFO: [SIM-utils-43] Exported 'D:/KAN/FPGA_Prj/KAN_V1/KAN_V1.sim/sim_1/behav/xsim/layer0_coeff_in0_out1.mif'
INFO: [SIM-utils-43] Exported 'D:/KAN/FPGA_Prj/KAN_V1/KAN_V1.sim/sim_1/behav/xsim/layer0_coeff_in0_out1.coe'
INFO: [SIM-utils-43] Exported 'D:/KAN/FPGA_Prj/KAN_V1/KAN_V1.sim/sim_1/behav/xsim/layer0_coeff_in0_out2.mif'
INFO: [SIM-utils-43] Exported 'D:/KAN/FPGA_Prj/KAN_V1/KAN_V1.sim/sim_1/behav/xsim/layer0_coeff_in0_out2.coe'
INFO: [SIM-utils-43] Exported 'D:/KAN/FPGA_Prj/KAN_V1/KAN_V1.sim/sim_1/behav/xsim/layer0_coeff_in0_out3.mif'
INFO: [SIM-utils-43] Exported 'D:/KAN/FPGA_Prj/KAN_V1/KAN_V1.sim/sim_1/behav/xsim/layer0_coeff_in0_out3.coe'
INFO: [SIM-utils-43] Exported 'D:/KAN/FPGA_Prj/KAN_V1/KAN_V1.sim/sim_1/behav/xsim/layer0_coeff_in0_out4.mif'
INFO: [SIM-utils-43] Exported 'D:/KAN/FPGA_Prj/KAN_V1/KAN_V1.sim/sim_1/behav/xsim/layer0_coeff_in0_out4.coe'
INFO: [SIM-utils-43] Exported 'D:/KAN/FPGA_Prj/KAN_V1/KAN_V1.sim/sim_1/behav/xsim/layer0_coeff_in1_out0.mif'
INFO: [SIM-utils-43] Exported 'D:/KAN/FPGA_Prj/KAN_V1/KAN_V1.sim/sim_1/behav/xsim/layer0_coeff_in1_out0.coe'
INFO: [SIM-utils-43] Exported 'D:/KAN/FPGA_Prj/KAN_V1/KAN_V1.sim/sim_1/behav/xsim/layer0_coeff_in1_out1.mif'
INFO: [SIM-utils-43] Exported 'D:/KAN/FPGA_Prj/KAN_V1/KAN_V1.sim/sim_1/behav/xsim/layer0_coeff_in1_out1.coe'
INFO: [SIM-utils-43] Exported 'D:/KAN/FPGA_Prj/KAN_V1/KAN_V1.sim/sim_1/behav/xsim/layer0_coeff_in1_out2.mif'
INFO: [SIM-utils-43] Exported 'D:/KAN/FPGA_Prj/KAN_V1/KAN_V1.sim/sim_1/behav/xsim/layer0_coeff_in1_out2.coe'
INFO: [SIM-utils-43] Exported 'D:/KAN/FPGA_Prj/KAN_V1/KAN_V1.sim/sim_1/behav/xsim/layer0_coeff_in1_out3.mif'
INFO: [SIM-utils-43] Exported 'D:/KAN/FPGA_Prj/KAN_V1/KAN_V1.sim/sim_1/behav/xsim/layer0_coeff_in1_out3.coe'
INFO: [SIM-utils-43] Exported 'D:/KAN/FPGA_Prj/KAN_V1/KAN_V1.sim/sim_1/behav/xsim/layer0_coeff_in1_out4.mif'
INFO: [SIM-utils-43] Exported 'D:/KAN/FPGA_Prj/KAN_V1/KAN_V1.sim/sim_1/behav/xsim/layer0_coeff_in1_out4.coe'
INFO: [SIM-utils-43] Exported 'D:/KAN/FPGA_Prj/KAN_V1/KAN_V1.sim/sim_1/behav/xsim/layer0_coeff_in2_out0.mif'
INFO: [SIM-utils-43] Exported 'D:/KAN/FPGA_Prj/KAN_V1/KAN_V1.sim/sim_1/behav/xsim/layer0_coeff_in2_out0.coe'
INFO: [SIM-utils-43] Exported 'D:/KAN/FPGA_Prj/KAN_V1/KAN_V1.sim/sim_1/behav/xsim/layer0_coeff_in2_out1.mif'
INFO: [SIM-utils-43] Exported 'D:/KAN/FPGA_Prj/KAN_V1/KAN_V1.sim/sim_1/behav/xsim/layer0_coeff_in2_out1.coe'
INFO: [SIM-utils-43] Exported 'D:/KAN/FPGA_Prj/KAN_V1/KAN_V1.sim/sim_1/behav/xsim/layer0_coeff_in2_out2.mif'
INFO: [SIM-utils-43] Exported 'D:/KAN/FPGA_Prj/KAN_V1/KAN_V1.sim/sim_1/behav/xsim/layer0_coeff_in2_out2.coe'
INFO: [SIM-utils-43] Exported 'D:/KAN/FPGA_Prj/KAN_V1/KAN_V1.sim/sim_1/behav/xsim/layer0_coeff_in2_out3.mif'
INFO: [SIM-utils-43] Exported 'D:/KAN/FPGA_Prj/KAN_V1/KAN_V1.sim/sim_1/behav/xsim/layer0_coeff_in2_out3.coe'
INFO: [SIM-utils-43] Exported 'D:/KAN/FPGA_Prj/KAN_V1/KAN_V1.sim/sim_1/behav/xsim/layer0_coeff_in2_out4.mif'
INFO: [SIM-utils-43] Exported 'D:/KAN/FPGA_Prj/KAN_V1/KAN_V1.sim/sim_1/behav/xsim/layer0_coeff_in2_out4.coe'
INFO: [SIM-utils-43] Exported 'D:/KAN/FPGA_Prj/KAN_V1/KAN_V1.sim/sim_1/behav/xsim/layer1_coeff_in0_out0.mif'
INFO: [SIM-utils-43] Exported 'D:/KAN/FPGA_Prj/KAN_V1/KAN_V1.sim/sim_1/behav/xsim/layer1_coeff_in0_out0.coe'
INFO: [SIM-utils-43] Exported 'D:/KAN/FPGA_Prj/KAN_V1/KAN_V1.sim/sim_1/behav/xsim/layer1_coeff_in1_out0.mif'
INFO: [SIM-utils-43] Exported 'D:/KAN/FPGA_Prj/KAN_V1/KAN_V1.sim/sim_1/behav/xsim/layer1_coeff_in1_out0.coe'
INFO: [SIM-utils-43] Exported 'D:/KAN/FPGA_Prj/KAN_V1/KAN_V1.sim/sim_1/behav/xsim/layer1_coeff_in2_out0.mif'
INFO: [SIM-utils-43] Exported 'D:/KAN/FPGA_Prj/KAN_V1/KAN_V1.sim/sim_1/behav/xsim/layer1_coeff_in2_out0.coe'
INFO: [SIM-utils-43] Exported 'D:/KAN/FPGA_Prj/KAN_V1/KAN_V1.sim/sim_1/behav/xsim/layer1_coeff_in3_out0.mif'
INFO: [SIM-utils-43] Exported 'D:/KAN/FPGA_Prj/KAN_V1/KAN_V1.sim/sim_1/behav/xsim/layer1_coeff_in3_out0.coe'
INFO: [SIM-utils-43] Exported 'D:/KAN/FPGA_Prj/KAN_V1/KAN_V1.sim/sim_1/behav/xsim/layer1_coeff_in4_out0.mif'
INFO: [SIM-utils-43] Exported 'D:/KAN/FPGA_Prj/KAN_V1/KAN_V1.sim/sim_1/behav/xsim/layer1_coeff_in4_out0.coe'
INFO: [USF-XSim-97] Finding global include files...
INFO: [USF-XSim-98] Fetching design files from 'sim_1'...
INFO: [USF-XSim-2] XSim::Compile design
INFO: [USF-XSim-61] Executing 'COMPILE and ANALYZE' step in 'D:/KAN/FPGA_Prj/KAN_V1/KAN_V1.sim/sim_1/behav/xsim'
"xvlog --incr --relax -L uvm -prj tb_bsu_vlog.prj"
ECHO 处于关闭状态。
ECHO 处于关闭状态。
INFO: [VRFC 10-2263] Analyzing Verilog file "D:/KAN/FPGA_Prj/KAN_V1/KAN_V1.gen/sources_1/ip/layer1_coeff_in4_out0/sim/layer1_coeff_in4_out0.v" into library xil_defaultlib
INFO: [VRFC 10-311] analyzing module layer1_coeff_in4_out0
INFO: [VRFC 10-2263] Analyzing Verilog file "D:/KAN/FPGA_Prj/KAN_V1/KAN_V1.gen/sources_1/ip/layer1_coeff_in3_out0/sim/layer1_coeff_in3_out0.v" into library xil_defaultlib
INFO: [VRFC 10-311] analyzing module layer1_coeff_in3_out0
INFO: [VRFC 10-2263] Analyzing Verilog file "D:/KAN/FPGA_Prj/KAN_V1/KAN_V1.gen/sources_1/ip/layer1_coeff_in2_out0/sim/layer1_coeff_in2_out0.v" into library xil_defaultlib
INFO: [VRFC 10-311] analyzing module layer1_coeff_in2_out0
INFO: [VRFC 10-2263] Analyzing Verilog file "D:/KAN/FPGA_Prj/KAN_V1/KAN_V1.gen/sources_1/ip/layer1_coeff_in1_out0/sim/layer1_coeff_in1_out0.v" into library xil_defaultlib
INFO: [VRFC 10-311] analyzing module layer1_coeff_in1_out0
INFO: [VRFC 10-2263] Analyzing Verilog file "D:/KAN/FPGA_Prj/KAN_V1/KAN_V1.gen/sources_1/ip/layer1_coeff_in0_out0/sim/layer1_coeff_in0_out0.v" into library xil_defaultlib
INFO: [VRFC 10-311] analyzing module layer1_coeff_in0_out0
INFO: [VRFC 10-2263] Analyzing Verilog file "D:/KAN/FPGA_Prj/KAN_V1/KAN_V1.gen/sources_1/ip/layer0_coeff_in2_out4/sim/layer0_coeff_in2_out4.v" into library xil_defaultlib
INFO: [VRFC 10-311] analyzing module layer0_coeff_in2_out4
INFO: [VRFC 10-2263] Analyzing Verilog file "D:/KAN/FPGA_Prj/KAN_V1/KAN_V1.gen/sources_1/ip/layer0_coeff_in2_out3/sim/layer0_coeff_in2_out3.v" into library xil_defaultlib
INFO: [VRFC 10-311] analyzing module layer0_coeff_in2_out3
INFO: [VRFC 10-2263] Analyzing Verilog file "D:/KAN/FPGA_Prj/KAN_V1/KAN_V1.gen/sources_1/ip/layer0_coeff_in2_out2/sim/layer0_coeff_in2_out2.v" into library xil_defaultlib
INFO: [VRFC 10-311] analyzing module layer0_coeff_in2_out2
INFO: [VRFC 10-2263] Analyzing Verilog file "D:/KAN/FPGA_Prj/KAN_V1/KAN_V1.gen/sources_1/ip/layer0_coeff_in2_out1/sim/layer0_coeff_in2_out1.v" into library xil_defaultlib
INFO: [VRFC 10-311] analyzing module layer0_coeff_in2_out1
INFO: [VRFC 10-2263] Analyzing Verilog file "D:/KAN/FPGA_Prj/KAN_V1/KAN_V1.gen/sources_1/ip/layer0_coeff_in2_out0/sim/layer0_coeff_in2_out0.v" into library xil_defaultlib
INFO: [VRFC 10-311] analyzing module layer0_coeff_in2_out0
INFO: [VRFC 10-2263] Analyzing Verilog file "D:/KAN/FPGA_Prj/KAN_V1/KAN_V1.gen/sources_1/ip/layer0_coeff_in1_out4/sim/layer0_coeff_in1_out4.v" into library xil_defaultlib
INFO: [VRFC 10-311] analyzing module layer0_coeff_in1_out4
INFO: [VRFC 10-2263] Analyzing Verilog file "D:/KAN/FPGA_Prj/KAN_V1/KAN_V1.gen/sources_1/ip/layer0_coeff_in1_out3/sim/layer0_coeff_in1_out3.v" into library xil_defaultlib
INFO: [VRFC 10-311] analyzing module layer0_coeff_in1_out3
INFO: [VRFC 10-2263] Analyzing Verilog file "D:/KAN/FPGA_Prj/KAN_V1/KAN_V1.gen/sources_1/ip/layer0_coeff_in1_out2/sim/layer0_coeff_in1_out2.v" into library xil_defaultlib
INFO: [VRFC 10-311] analyzing module layer0_coeff_in1_out2
INFO: [VRFC 10-2263] Analyzing Verilog file "D:/KAN/FPGA_Prj/KAN_V1/KAN_V1.gen/sources_1/ip/layer0_coeff_in1_out1/sim/layer0_coeff_in1_out1.v" into library xil_defaultlib
INFO: [VRFC 10-311] analyzing module layer0_coeff_in1_out1
INFO: [VRFC 10-2263] Analyzing Verilog file "D:/KAN/FPGA_Prj/KAN_V1/KAN_V1.gen/sources_1/ip/layer0_coeff_in1_out0/sim/layer0_coeff_in1_out0.v" into library xil_defaultlib
INFO: [VRFC 10-311] analyzing module layer0_coeff_in1_out0
INFO: [VRFC 10-2263] Analyzing Verilog file "D:/KAN/FPGA_Prj/KAN_V1/KAN_V1.gen/sources_1/ip/layer0_coeff_in0_out4/sim/layer0_coeff_in0_out4.v" into library xil_defaultlib
INFO: [VRFC 10-311] analyzing module layer0_coeff_in0_out4
INFO: [VRFC 10-2263] Analyzing Verilog file "D:/KAN/FPGA_Prj/KAN_V1/KAN_V1.gen/sources_1/ip/layer0_coeff_in0_out3/sim/layer0_coeff_in0_out3.v" into library xil_defaultlib
INFO: [VRFC 10-311] analyzing module layer0_coeff_in0_out3
INFO: [VRFC 10-2263] Analyzing Verilog file "D:/KAN/FPGA_Prj/KAN_V1/KAN_V1.gen/sources_1/ip/layer0_coeff_in0_out2/sim/layer0_coeff_in0_out2.v" into library xil_defaultlib
INFO: [VRFC 10-311] analyzing module layer0_coeff_in0_out2
INFO: [VRFC 10-2263] Analyzing Verilog file "D:/KAN/FPGA_Prj/KAN_V1/KAN_V1.gen/sources_1/ip/layer0_coeff_in0_out1/sim/layer0_coeff_in0_out1.v" into library xil_defaultlib
INFO: [VRFC 10-311] analyzing module layer0_coeff_in0_out1
INFO: [VRFC 10-2263] Analyzing Verilog file "D:/KAN/FPGA_Prj/KAN_V1/KAN_V1.gen/sources_1/ip/layer0_coeff_in0_out0/sim/layer0_coeff_in0_out0.v" into library xil_defaultlib
INFO: [VRFC 10-311] analyzing module layer0_coeff_in0_out0
INFO: [VRFC 10-2263] Analyzing Verilog file "D:/KAN/FPGA_Prj/KAN_V1/KAN_V1.srcs/sources_1/new/BSU.v" into library xil_defaultlib
INFO: [VRFC 10-311] analyzing module BSU
ERROR: [VRFC 10-1280] procedural assignment to a non-register is_first_mul_crt is not permitted, left-hand side should be reg/integer/time/genvar [D:/KAN/FPGA_Prj/KAN_V1/KAN_V1.srcs/sources_1/new/BSU.v:222]
ERROR: [VRFC 10-8530] module 'BSU' is ignored due to previous errors [D:/KAN/FPGA_Prj/KAN_V1/KAN_V1.srcs/sources_1/new/BSU.v:25]
INFO: [USF-XSim-69] 'compile' step finished in '3' seconds
INFO: [USF-XSim-99] Step results log file:'D:/KAN/FPGA_Prj/KAN_V1/KAN_V1.sim/sim_1/behav/xsim/xvlog.log'
ERROR: [USF-XSim-62] 'compile' step failed with error(s). Please check the Tcl console output or 'D:/KAN/FPGA_Prj/KAN_V1/KAN_V1.sim/sim_1/behav/xsim/xvlog.log' file for more information.
ERROR: [Vivado 12-4473] Detected error while running simulation. Please correct the issue and retry this operation.
ERROR: [Common 17-39] 'launch_simulation' failed due to earlier errors.
set log_file "D:/KAN/FPGA_Prj/KAN_V1/KAN_V1.sim/sim_1/behav/xsim/xvlog.log"
D:/KAN/FPGA_Prj/KAN_V1/KAN_V1.sim/sim_1/behav/xsim/xvlog.log
if {[file exists $log_file]} {
    set fp [open $log_file r]
    set content [read $fp]
    close $fp
    puts $content
} else {
    puts "日志文件不存在！请检查路径。"
}
INFO: [VRFC 10-2263] Analyzing Verilog file "D:/KAN/FPGA_Prj/KAN_V1/KAN_V1.gen/sources_1/ip/layer1_coeff_in4_out0/sim/layer1_coeff_in4_out0.v" into library xil_defaultlib
INFO: [VRFC 10-311] analyzing module layer1_coeff_in4_out0
INFO: [VRFC 10-2263] Analyzing Verilog file "D:/KAN/FPGA_Prj/KAN_V1/KAN_V1.gen/sources_1/ip/layer1_coeff_in3_out0/sim/layer1_coeff_in3_out0.v" into library xil_defaultlib
INFO: [VRFC 10-311] analyzing module layer1_coeff_in3_out0
INFO: [VRFC 10-2263] Analyzing Verilog file "D:/KAN/FPGA_Prj/KAN_V1/KAN_V1.gen/sources_1/ip/layer1_coeff_in2_out0/sim/layer1_coeff_in2_out0.v" into library xil_defaultlib
INFO: [VRFC 10-311] analyzing module layer1_coeff_in2_out0
INFO: [VRFC 10-2263] Analyzing Verilog file "D:/KAN/FPGA_Prj/KAN_V1/KAN_V1.gen/sources_1/ip/layer1_coeff_in1_out0/sim/layer1_coeff_in1_out0.v" into library xil_defaultlib
INFO: [VRFC 10-311] analyzing module layer1_coeff_in1_out0
INFO: [VRFC 10-2263] Analyzing Verilog file "D:/KAN/FPGA_Prj/KAN_V1/KAN_V1.gen/sources_1/ip/layer1_coeff_in0_out0/sim/layer1_coeff_in0_out0.v" into library xil_defaultlib
INFO: [VRFC 10-311] analyzing module layer1_coeff_in0_out0
INFO: [VRFC 10-2263] Analyzing Verilog file "D:/KAN/FPGA_Prj/KAN_V1/KAN_V1.gen/sources_1/ip/layer0_coeff_in2_out4/sim/layer0_coeff_in2_out4.v" into library xil_defaultlib
INFO: [VRFC 10-311] analyzing module layer0_coeff_in2_out4
INFO: [VRFC 10-2263] Analyzing Verilog file "D:/KAN/FPGA_Prj/KAN_V1/KAN_V1.gen/sources_1/ip/layer0_coeff_in2_out3/sim/layer0_coeff_in2_out3.v" into library xil_defaultlib
INFO: [VRFC 10-311] analyzing module layer0_coeff_in2_out3
INFO: [VRFC 10-2263] Analyzing Verilog file "D:/KAN/FPGA_Prj/KAN_V1/KAN_V1.gen/sources_1/ip/layer0_coeff_in2_out2/sim/layer0_coeff_in2_out2.v" into library xil_defaultlib
INFO: [VRFC 10-311] analyzing module layer0_coeff_in2_out2
INFO: [VRFC 10-2263] Analyzing Verilog file "D:/KAN/FPGA_Prj/KAN_V1/KAN_V1.gen/sources_1/ip/layer0_coeff_in2_out1/sim/layer0_coeff_in2_out1.v" into library xil_defaultlib
INFO: [VRFC 10-311] analyzing module layer0_coeff_in2_out1
INFO: [VRFC 10-2263] Analyzing Verilog file "D:/KAN/FPGA_Prj/KAN_V1/KAN_V1.gen/sources_1/ip/layer0_coeff_in2_out0/sim/layer0_coeff_in2_out0.v" into library xil_defaultlib
INFO: [VRFC 10-311] analyzing module layer0_coeff_in2_out0
INFO: [VRFC 10-2263] Analyzing Verilog file "D:/KAN/FPGA_Prj/KAN_V1/KAN_V1.gen/sources_1/ip/layer0_coeff_in1_out4/sim/layer0_coeff_in1_out4.v" into library xil_defaultlib
INFO: [VRFC 10-311] analyzing module layer0_coeff_in1_out4
INFO: [VRFC 10-2263] Analyzing Verilog file "D:/KAN/FPGA_Prj/KAN_V1/KAN_V1.gen/sources_1/ip/layer0_coeff_in1_out3/sim/layer0_coeff_in1_out3.v" into library xil_defaultlib
INFO: [VRFC 10-311] analyzing module layer0_coeff_in1_out3
INFO: [VRFC 10-2263] Analyzing Verilog file "D:/KAN/FPGA_Prj/KAN_V1/KAN_V1.gen/sources_1/ip/layer0_coeff_in1_out2/sim/layer0_coeff_in1_out2.v" into library xil_defaultlib
INFO: [VRFC 10-311] analyzing module layer0_coeff_in1_out2
INFO: [VRFC 10-2263] Analyzing Verilog file "D:/KAN/FPGA_Prj/KAN_V1/KAN_V1.gen/sources_1/ip/layer0_coeff_in1_out1/sim/layer0_coeff_in1_out1.v" into library xil_defaultlib
INFO: [VRFC 10-311] analyzing module layer0_coeff_in1_out1
INFO: [VRFC 10-2263] Analyzing Verilog file "D:/KAN/FPGA_Prj/KAN_V1/KAN_V1.gen/sources_1/ip/layer0_coeff_in1_out0/sim/layer0_coeff_in1_out0.v" into library xil_defaultlib
INFO: [VRFC 10-311] analyzing module layer0_coeff_in1_out0
INFO: [VRFC 10-2263] Analyzing Verilog file "D:/KAN/FPGA_Prj/KAN_V1/KAN_V1.gen/sources_1/ip/layer0_coeff_in0_out4/sim/layer0_coeff_in0_out4.v" into library xil_defaultlib
INFO: [VRFC 10-311] analyzing module layer0_coeff_in0_out4
INFO: [VRFC 10-2263] Analyzing Verilog file "D:/KAN/FPGA_Prj/KAN_V1/KAN_V1.gen/sources_1/ip/layer0_coeff_in0_out3/sim/layer0_coeff_in0_out3.v" into library xil_defaultlib
INFO: [VRFC 10-311] analyzing module layer0_coeff_in0_out3
INFO: [VRFC 10-2263] Analyzing Verilog file "D:/KAN/FPGA_Prj/KAN_V1/KAN_V1.gen/sources_1/ip/layer0_coeff_in0_out2/sim/layer0_coeff_in0_out2.v" into library xil_defaultlib
INFO: [VRFC 10-311] analyzing module layer0_coeff_in0_out2
INFO: [VRFC 10-2263] Analyzing Verilog file "D:/KAN/FPGA_Prj/KAN_V1/KAN_V1.gen/sources_1/ip/layer0_coeff_in0_out1/sim/layer0_coeff_in0_out1.v" into library xil_defaultlib
INFO: [VRFC 10-311] analyzing module layer0_coeff_in0_out1
INFO: [VRFC 10-2263] Analyzing Verilog file "D:/KAN/FPGA_Prj/KAN_V1/KAN_V1.gen/sources_1/ip/layer0_coeff_in0_out0/sim/layer0_coeff_in0_out0.v" into library xil_defaultlib
INFO: [VRFC 10-311] analyzing module layer0_coeff_in0_out0
INFO: [VRFC 10-2263] Analyzing Verilog file "D:/KAN/FPGA_Prj/KAN_V1/KAN_V1.srcs/sources_1/new/BSU.v" into library xil_defaultlib
INFO: [VRFC 10-311] analyzing module BSU
ERROR: [VRFC 10-1280] procedural assignment to a non-register is_first_mul_crt is not permitted, left-hand side should be reg/integer/time/genvar [D:/KAN/FPGA_Prj/KAN_V1/KAN_V1.srcs/sources_1/new/BSU.v:222]
ERROR: [VRFC 10-8530] module 'BSU' is ignored due to previous errors [D:/KAN/FPGA_Prj/KAN_V1/KAN_V1.srcs/sources_1/new/BSU.v:25]

launch_simulation
Command: launch_simulation 
INFO: [Vivado 12-12493] Simulation top is 'tb_bsu'
WARNING: [Vivado 12-13340] Unable to auto find GCC executables from simulator install path! (path not set)
INFO: [Vivado 12-5682] Launching behavioral simulation in 'D:/KAN/FPGA_Prj/KAN_V1/KAN_V1.sim/sim_1/behav/xsim'
INFO: [SIM-utils-51] Simulation object is 'sim_1'
INFO: [SIM-utils-72] Using boost library from 'D:/Xilinx/Vivado/2023.2/tps/boost_1_72_0'
INFO: [USF-XSim-7] Finding pre-compiled libraries...
INFO: [USF-XSim-11] File 'D:/Xilinx/Vivado/2023.2/data/xsim/xsim.ini' copied to run dir:'D:/KAN/FPGA_Prj/KAN_V1/KAN_V1.sim/sim_1/behav/xsim'
INFO: [SIM-utils-54] Inspecting design source files for 'tb_bsu' in fileset 'sim_1'...
INFO: [SIM-utils-43] Exported 'D:/KAN/FPGA_Prj/KAN_V1/KAN_V1.sim/sim_1/behav/xsim/layer0_coeff_in0_out0.mif'
INFO: [SIM-utils-43] Exported 'D:/KAN/FPGA_Prj/KAN_V1/KAN_V1.sim/sim_1/behav/xsim/layer0_coeff_in0_out0.coe'
INFO: [SIM-utils-43] Exported 'D:/KAN/FPGA_Prj/KAN_V1/KAN_V1.sim/sim_1/behav/xsim/layer0_coeff_in0_out1.mif'
INFO: [SIM-utils-43] Exported 'D:/KAN/FPGA_Prj/KAN_V1/KAN_V1.sim/sim_1/behav/xsim/layer0_coeff_in0_out1.coe'
INFO: [SIM-utils-43] Exported 'D:/KAN/FPGA_Prj/KAN_V1/KAN_V1.sim/sim_1/behav/xsim/layer0_coeff_in0_out2.mif'
INFO: [SIM-utils-43] Exported 'D:/KAN/FPGA_Prj/KAN_V1/KAN_V1.sim/sim_1/behav/xsim/layer0_coeff_in0_out2.coe'
INFO: [SIM-utils-43] Exported 'D:/KAN/FPGA_Prj/KAN_V1/KAN_V1.sim/sim_1/behav/xsim/layer0_coeff_in0_out3.mif'
INFO: [SIM-utils-43] Exported 'D:/KAN/FPGA_Prj/KAN_V1/KAN_V1.sim/sim_1/behav/xsim/layer0_coeff_in0_out3.coe'
INFO: [SIM-utils-43] Exported 'D:/KAN/FPGA_Prj/KAN_V1/KAN_V1.sim/sim_1/behav/xsim/layer0_coeff_in0_out4.mif'
INFO: [SIM-utils-43] Exported 'D:/KAN/FPGA_Prj/KAN_V1/KAN_V1.sim/sim_1/behav/xsim/layer0_coeff_in0_out4.coe'
INFO: [SIM-utils-43] Exported 'D:/KAN/FPGA_Prj/KAN_V1/KAN_V1.sim/sim_1/behav/xsim/layer0_coeff_in1_out0.mif'
INFO: [SIM-utils-43] Exported 'D:/KAN/FPGA_Prj/KAN_V1/KAN_V1.sim/sim_1/behav/xsim/layer0_coeff_in1_out0.coe'
INFO: [SIM-utils-43] Exported 'D:/KAN/FPGA_Prj/KAN_V1/KAN_V1.sim/sim_1/behav/xsim/layer0_coeff_in1_out1.mif'
INFO: [SIM-utils-43] Exported 'D:/KAN/FPGA_Prj/KAN_V1/KAN_V1.sim/sim_1/behav/xsim/layer0_coeff_in1_out1.coe'
INFO: [SIM-utils-43] Exported 'D:/KAN/FPGA_Prj/KAN_V1/KAN_V1.sim/sim_1/behav/xsim/layer0_coeff_in1_out2.mif'
INFO: [SIM-utils-43] Exported 'D:/KAN/FPGA_Prj/KAN_V1/KAN_V1.sim/sim_1/behav/xsim/layer0_coeff_in1_out2.coe'
INFO: [SIM-utils-43] Exported 'D:/KAN/FPGA_Prj/KAN_V1/KAN_V1.sim/sim_1/behav/xsim/layer0_coeff_in1_out3.mif'
INFO: [SIM-utils-43] Exported 'D:/KAN/FPGA_Prj/KAN_V1/KAN_V1.sim/sim_1/behav/xsim/layer0_coeff_in1_out3.coe'
INFO: [SIM-utils-43] Exported 'D:/KAN/FPGA_Prj/KAN_V1/KAN_V1.sim/sim_1/behav/xsim/layer0_coeff_in1_out4.mif'
INFO: [SIM-utils-43] Exported 'D:/KAN/FPGA_Prj/KAN_V1/KAN_V1.sim/sim_1/behav/xsim/layer0_coeff_in1_out4.coe'
INFO: [SIM-utils-43] Exported 'D:/KAN/FPGA_Prj/KAN_V1/KAN_V1.sim/sim_1/behav/xsim/layer0_coeff_in2_out0.mif'
INFO: [SIM-utils-43] Exported 'D:/KAN/FPGA_Prj/KAN_V1/KAN_V1.sim/sim_1/behav/xsim/layer0_coeff_in2_out0.coe'
INFO: [SIM-utils-43] Exported 'D:/KAN/FPGA_Prj/KAN_V1/KAN_V1.sim/sim_1/behav/xsim/layer0_coeff_in2_out1.mif'
INFO: [SIM-utils-43] Exported 'D:/KAN/FPGA_Prj/KAN_V1/KAN_V1.sim/sim_1/behav/xsim/layer0_coeff_in2_out1.coe'
INFO: [SIM-utils-43] Exported 'D:/KAN/FPGA_Prj/KAN_V1/KAN_V1.sim/sim_1/behav/xsim/layer0_coeff_in2_out2.mif'
INFO: [SIM-utils-43] Exported 'D:/KAN/FPGA_Prj/KAN_V1/KAN_V1.sim/sim_1/behav/xsim/layer0_coeff_in2_out2.coe'
INFO: [SIM-utils-43] Exported 'D:/KAN/FPGA_Prj/KAN_V1/KAN_V1.sim/sim_1/behav/xsim/layer0_coeff_in2_out3.mif'
INFO: [SIM-utils-43] Exported 'D:/KAN/FPGA_Prj/KAN_V1/KAN_V1.sim/sim_1/behav/xsim/layer0_coeff_in2_out3.coe'
INFO: [SIM-utils-43] Exported 'D:/KAN/FPGA_Prj/KAN_V1/KAN_V1.sim/sim_1/behav/xsim/layer0_coeff_in2_out4.mif'
INFO: [SIM-utils-43] Exported 'D:/KAN/FPGA_Prj/KAN_V1/KAN_V1.sim/sim_1/behav/xsim/layer0_coeff_in2_out4.coe'
INFO: [SIM-utils-43] Exported 'D:/KAN/FPGA_Prj/KAN_V1/KAN_V1.sim/sim_1/behav/xsim/layer1_coeff_in0_out0.mif'
INFO: [SIM-utils-43] Exported 'D:/KAN/FPGA_Prj/KAN_V1/KAN_V1.sim/sim_1/behav/xsim/layer1_coeff_in0_out0.coe'
INFO: [SIM-utils-43] Exported 'D:/KAN/FPGA_Prj/KAN_V1/KAN_V1.sim/sim_1/behav/xsim/layer1_coeff_in1_out0.mif'
INFO: [SIM-utils-43] Exported 'D:/KAN/FPGA_Prj/KAN_V1/KAN_V1.sim/sim_1/behav/xsim/layer1_coeff_in1_out0.coe'
INFO: [SIM-utils-43] Exported 'D:/KAN/FPGA_Prj/KAN_V1/KAN_V1.sim/sim_1/behav/xsim/layer1_coeff_in2_out0.mif'
INFO: [SIM-utils-43] Exported 'D:/KAN/FPGA_Prj/KAN_V1/KAN_V1.sim/sim_1/behav/xsim/layer1_coeff_in2_out0.coe'
INFO: [SIM-utils-43] Exported 'D:/KAN/FPGA_Prj/KAN_V1/KAN_V1.sim/sim_1/behav/xsim/layer1_coeff_in3_out0.mif'
INFO: [SIM-utils-43] Exported 'D:/KAN/FPGA_Prj/KAN_V1/KAN_V1.sim/sim_1/behav/xsim/layer1_coeff_in3_out0.coe'
INFO: [SIM-utils-43] Exported 'D:/KAN/FPGA_Prj/KAN_V1/KAN_V1.sim/sim_1/behav/xsim/layer1_coeff_in4_out0.mif'
INFO: [SIM-utils-43] Exported 'D:/KAN/FPGA_Prj/KAN_V1/KAN_V1.sim/sim_1/behav/xsim/layer1_coeff_in4_out0.coe'
INFO: [USF-XSim-97] Finding global include files...
INFO: [USF-XSim-98] Fetching design files from 'sim_1'...
INFO: [USF-XSim-2] XSim::Compile design
INFO: [USF-XSim-61] Executing 'COMPILE and ANALYZE' step in 'D:/KAN/FPGA_Prj/KAN_V1/KAN_V1.sim/sim_1/behav/xsim'
"xvlog --incr --relax -L uvm -prj tb_bsu_vlog.prj"
ECHO 处于关闭状态。
ECHO 处于关闭状态。
INFO: [VRFC 10-2263] Analyzing Verilog file "D:/KAN/FPGA_Prj/KAN_V1/KAN_V1.gen/sources_1/ip/layer1_coeff_in4_out0/sim/layer1_coeff_in4_out0.v" into library xil_defaultlib
INFO: [VRFC 10-311] analyzing module layer1_coeff_in4_out0
INFO: [VRFC 10-2263] Analyzing Verilog file "D:/KAN/FPGA_Prj/KAN_V1/KAN_V1.gen/sources_1/ip/layer1_coeff_in3_out0/sim/layer1_coeff_in3_out0.v" into library xil_defaultlib
INFO: [VRFC 10-311] analyzing module layer1_coeff_in3_out0
INFO: [VRFC 10-2263] Analyzing Verilog file "D:/KAN/FPGA_Prj/KAN_V1/KAN_V1.gen/sources_1/ip/layer1_coeff_in2_out0/sim/layer1_coeff_in2_out0.v" into library xil_defaultlib
INFO: [VRFC 10-311] analyzing module layer1_coeff_in2_out0
INFO: [VRFC 10-2263] Analyzing Verilog file "D:/KAN/FPGA_Prj/KAN_V1/KAN_V1.gen/sources_1/ip/layer1_coeff_in1_out0/sim/layer1_coeff_in1_out0.v" into library xil_defaultlib
INFO: [VRFC 10-311] analyzing module layer1_coeff_in1_out0
INFO: [VRFC 10-2263] Analyzing Verilog file "D:/KAN/FPGA_Prj/KAN_V1/KAN_V1.gen/sources_1/ip/layer1_coeff_in0_out0/sim/layer1_coeff_in0_out0.v" into library xil_defaultlib
INFO: [VRFC 10-311] analyzing module layer1_coeff_in0_out0
INFO: [VRFC 10-2263] Analyzing Verilog file "D:/KAN/FPGA_Prj/KAN_V1/KAN_V1.gen/sources_1/ip/layer0_coeff_in2_out4/sim/layer0_coeff_in2_out4.v" into library xil_defaultlib
INFO: [VRFC 10-311] analyzing module layer0_coeff_in2_out4
INFO: [VRFC 10-2263] Analyzing Verilog file "D:/KAN/FPGA_Prj/KAN_V1/KAN_V1.gen/sources_1/ip/layer0_coeff_in2_out3/sim/layer0_coeff_in2_out3.v" into library xil_defaultlib
INFO: [VRFC 10-311] analyzing module layer0_coeff_in2_out3
INFO: [VRFC 10-2263] Analyzing Verilog file "D:/KAN/FPGA_Prj/KAN_V1/KAN_V1.gen/sources_1/ip/layer0_coeff_in2_out2/sim/layer0_coeff_in2_out2.v" into library xil_defaultlib
INFO: [VRFC 10-311] analyzing module layer0_coeff_in2_out2
INFO: [VRFC 10-2263] Analyzing Verilog file "D:/KAN/FPGA_Prj/KAN_V1/KAN_V1.gen/sources_1/ip/layer0_coeff_in2_out1/sim/layer0_coeff_in2_out1.v" into library xil_defaultlib
INFO: [VRFC 10-311] analyzing module layer0_coeff_in2_out1
INFO: [VRFC 10-2263] Analyzing Verilog file "D:/KAN/FPGA_Prj/KAN_V1/KAN_V1.gen/sources_1/ip/layer0_coeff_in2_out0/sim/layer0_coeff_in2_out0.v" into library xil_defaultlib
INFO: [VRFC 10-311] analyzing module layer0_coeff_in2_out0
INFO: [VRFC 10-2263] Analyzing Verilog file "D:/KAN/FPGA_Prj/KAN_V1/KAN_V1.gen/sources_1/ip/layer0_coeff_in1_out4/sim/layer0_coeff_in1_out4.v" into library xil_defaultlib
INFO: [VRFC 10-311] analyzing module layer0_coeff_in1_out4
INFO: [VRFC 10-2263] Analyzing Verilog file "D:/KAN/FPGA_Prj/KAN_V1/KAN_V1.gen/sources_1/ip/layer0_coeff_in1_out3/sim/layer0_coeff_in1_out3.v" into library xil_defaultlib
INFO: [VRFC 10-311] analyzing module layer0_coeff_in1_out3
INFO: [VRFC 10-2263] Analyzing Verilog file "D:/KAN/FPGA_Prj/KAN_V1/KAN_V1.gen/sources_1/ip/layer0_coeff_in1_out2/sim/layer0_coeff_in1_out2.v" into library xil_defaultlib
INFO: [VRFC 10-311] analyzing module layer0_coeff_in1_out2
INFO: [VRFC 10-2263] Analyzing Verilog file "D:/KAN/FPGA_Prj/KAN_V1/KAN_V1.gen/sources_1/ip/layer0_coeff_in1_out1/sim/layer0_coeff_in1_out1.v" into library xil_defaultlib
INFO: [VRFC 10-311] analyzing module layer0_coeff_in1_out1
INFO: [VRFC 10-2263] Analyzing Verilog file "D:/KAN/FPGA_Prj/KAN_V1/KAN_V1.gen/sources_1/ip/layer0_coeff_in1_out0/sim/layer0_coeff_in1_out0.v" into library xil_defaultlib
INFO: [VRFC 10-311] analyzing module layer0_coeff_in1_out0
INFO: [VRFC 10-2263] Analyzing Verilog file "D:/KAN/FPGA_Prj/KAN_V1/KAN_V1.gen/sources_1/ip/layer0_coeff_in0_out4/sim/layer0_coeff_in0_out4.v" into library xil_defaultlib
INFO: [VRFC 10-311] analyzing module layer0_coeff_in0_out4
INFO: [VRFC 10-2263] Analyzing Verilog file "D:/KAN/FPGA_Prj/KAN_V1/KAN_V1.gen/sources_1/ip/layer0_coeff_in0_out3/sim/layer0_coeff_in0_out3.v" into library xil_defaultlib
INFO: [VRFC 10-311] analyzing module layer0_coeff_in0_out3
INFO: [VRFC 10-2263] Analyzing Verilog file "D:/KAN/FPGA_Prj/KAN_V1/KAN_V1.gen/sources_1/ip/layer0_coeff_in0_out2/sim/layer0_coeff_in0_out2.v" into library xil_defaultlib
INFO: [VRFC 10-311] analyzing module layer0_coeff_in0_out2
INFO: [VRFC 10-2263] Analyzing Verilog file "D:/KAN/FPGA_Prj/KAN_V1/KAN_V1.gen/sources_1/ip/layer0_coeff_in0_out1/sim/layer0_coeff_in0_out1.v" into library xil_defaultlib
INFO: [VRFC 10-311] analyzing module layer0_coeff_in0_out1
INFO: [VRFC 10-2263] Analyzing Verilog file "D:/KAN/FPGA_Prj/KAN_V1/KAN_V1.gen/sources_1/ip/layer0_coeff_in0_out0/sim/layer0_coeff_in0_out0.v" into library xil_defaultlib
INFO: [VRFC 10-311] analyzing module layer0_coeff_in0_out0
INFO: [VRFC 10-2263] Analyzing Verilog file "D:/KAN/FPGA_Prj/KAN_V1/KAN_V1.srcs/sources_1/new/BSU.v" into library xil_defaultlib
INFO: [VRFC 10-311] analyzing module BSU
INFO: [VRFC 10-2263] Analyzing Verilog file "D:/KAN/FPGA_Prj/KAN_V1/KAN_V1.srcs/sources_1/new/internal_finder.v" into library xil_defaultlib
INFO: [VRFC 10-311] analyzing module internal_finder
INFO: [VRFC 10-2263] Analyzing Verilog file "D:/KAN/FPGA_Prj/KAN_V1/KAN_V1.srcs/sources_1/new/mac.v" into library xil_defaultlib
INFO: [VRFC 10-311] analyzing module mac
INFO: [VRFC 10-2263] Analyzing Verilog file "D:/KAN/FPGA_Prj/KAN_V1/KAN_V1.srcs/sources_1/new/multiplier.v" into library xil_defaultlib
INFO: [VRFC 10-311] analyzing module multiplier
INFO: [USF-XSim-69] 'compile' step finished in '3' seconds
INFO: [USF-XSim-3] XSim::Elaborate design
INFO: [USF-XSim-61] Executing 'ELABORATE' step in 'D:/KAN/FPGA_Prj/KAN_V1/KAN_V1.sim/sim_1/behav/xsim'
"xelab --incr --debug typical --relax --mt 2 -L xil_defaultlib -L blk_mem_gen_v8_4_7 -L uvm -L unisims_ver -L unimacro_ver -L secureip -L xpm --snapshot tb_bsu_behav xil_defaultlib.tb_bsu xil_defaultlib.glbl -log elaborate.log"
ECHO 处于关闭状态。
ECHO 处于关闭状态。
Vivado Simulator v2023.2
Copyright 1986-2022 Xilinx, Inc. All Rights Reserved.
Copyright 2022-2023 Advanced Micro Devices, Inc. All Rights Reserved.
Running: D:/Xilinx/Vivado/2023.2/bin/unwrapped/win64.o/xelab.exe --incr --debug typical --relax --mt 2 -L xil_defaultlib -L blk_mem_gen_v8_4_7 -L uvm -L unisims_ver -L unimacro_ver -L secureip -L xpm --snapshot tb_bsu_behav xil_defaultlib.tb_bsu xil_defaultlib.glbl -log elaborate.log 
Using 2 slave threads.
Starting static elaboration
Pass Through NonSizing Optimizer
WARNING: [VRFC 10-3091] actual bit length 32 differs from formal bit length 5 for port 'channel0_cs' [D:/KAN/FPGA_Prj/KAN_V1/KAN_V1.srcs/sim_1/new/tb_bsu.v:46]
WARNING: [VRFC 10-3091] actual bit length 32 differs from formal bit length 7 for port 'addra' [D:/KAN/FPGA_Prj/KAN_V1/KAN_V1.srcs/sources_1/new/Coeff_Rom.sv:211]
WARNING: [VRFC 10-3091] actual bit length 32 differs from formal bit length 6 for port 'addra' [D:/KAN/FPGA_Prj/KAN_V1/KAN_V1.srcs/sources_1/new/Coeff_Rom.sv:217]
WARNING: [VRFC 10-3091] actual bit length 32 differs from formal bit length 6 for port 'addra' [D:/KAN/FPGA_Prj/KAN_V1/KAN_V1.srcs/sources_1/new/Coeff_Rom.sv:223]
WARNING: [VRFC 10-3091] actual bit length 32 differs from formal bit length 6 for port 'addra' [D:/KAN/FPGA_Prj/KAN_V1/KAN_V1.srcs/sources_1/new/Coeff_Rom.sv:229]
WARNING: [VRFC 10-3091] actual bit length 32 differs from formal bit length 6 for port 'addra' [D:/KAN/FPGA_Prj/KAN_V1/KAN_V1.srcs/sources_1/new/Coeff_Rom.sv:235]
WARNING: [VRFC 10-3091] actual bit length 32 differs from formal bit length 6 for port 'addra' [D:/KAN/FPGA_Prj/KAN_V1/KAN_V1.srcs/sources_1/new/Coeff_Rom.sv:243]
WARNING: [VRFC 10-3091] actual bit length 32 differs from formal bit length 6 for port 'addra' [D:/KAN/FPGA_Prj/KAN_V1/KAN_V1.srcs/sources_1/new/Coeff_Rom.sv:249]
WARNING: [VRFC 10-3091] actual bit length 32 differs from formal bit length 6 for port 'addra' [D:/KAN/FPGA_Prj/KAN_V1/KAN_V1.srcs/sources_1/new/Coeff_Rom.sv:255]
WARNING: [VRFC 10-3091] actual bit length 32 differs from formal bit length 6 for port 'addra' [D:/KAN/FPGA_Prj/KAN_V1/KAN_V1.srcs/sources_1/new/Coeff_Rom.sv:262]
WARNING: [VRFC 10-3091] actual bit length 32 differs from formal bit length 6 for port 'addra' [D:/KAN/FPGA_Prj/KAN_V1/KAN_V1.srcs/sources_1/new/Coeff_Rom.sv:269]
WARNING: [VRFC 10-3091] actual bit length 32 differs from formal bit length 6 for port 'addra' [D:/KAN/FPGA_Prj/KAN_V1/KAN_V1.srcs/sources_1/new/Coeff_Rom.sv:276]
WARNING: [VRFC 10-3091] actual bit length 32 differs from formal bit length 6 for port 'addra' [D:/KAN/FPGA_Prj/KAN_V1/KAN_V1.srcs/sources_1/new/Coeff_Rom.sv:282]
WARNING: [VRFC 10-3091] actual bit length 32 differs from formal bit length 6 for port 'addra' [D:/KAN/FPGA_Prj/KAN_V1/KAN_V1.srcs/sources_1/new/Coeff_Rom.sv:288]
WARNING: [VRFC 10-3091] actual bit length 32 differs from formal bit length 6 for port 'addra' [D:/KAN/FPGA_Prj/KAN_V1/KAN_V1.srcs/sources_1/new/Coeff_Rom.sv:294]
WARNING: [VRFC 10-3091] actual bit length 32 differs from formal bit length 6 for port 'addra' [D:/KAN/FPGA_Prj/KAN_V1/KAN_V1.srcs/sources_1/new/Coeff_Rom.sv:300]
WARNING: [VRFC 10-3091] actual bit length 32 differs from formal bit length 6 for port 'addra' [D:/KAN/FPGA_Prj/KAN_V1/KAN_V1.srcs/sources_1/new/Coeff_Rom.sv:307]
WARNING: [VRFC 10-3091] actual bit length 32 differs from formal bit length 6 for port 'addra' [D:/KAN/FPGA_Prj/KAN_V1/KAN_V1.srcs/sources_1/new/Coeff_Rom.sv:313]
WARNING: [VRFC 10-3091] actual bit length 32 differs from formal bit length 6 for port 'addra' [D:/KAN/FPGA_Prj/KAN_V1/KAN_V1.srcs/sources_1/new/Coeff_Rom.sv:319]
WARNING: [VRFC 10-3091] actual bit length 32 differs from formal bit length 6 for port 'addra' [D:/KAN/FPGA_Prj/KAN_V1/KAN_V1.srcs/sources_1/new/Coeff_Rom.sv:325]
WARNING: [VRFC 10-3091] actual bit length 32 differs from formal bit length 6 for port 'addra' [D:/KAN/FPGA_Prj/KAN_V1/KAN_V1.srcs/sources_1/new/Coeff_Rom.sv:331]
Completed static elaboration
Starting simulation data flow analysis
Completed simulation data flow analysis
Time Resolution for simulation is 1ps
Compiling module blk_mem_gen_v8_4_7.blk_mem_gen_v8_4_7_output_stage(...
Compiling module blk_mem_gen_v8_4_7.blk_mem_gen_v8_4_7_softecc_outpu...
Compiling module blk_mem_gen_v8_4_7.blk_mem_gen_v8_4_7_mem_module(C_...
Compiling module blk_mem_gen_v8_4_7.blk_mem_gen_v8_4_7(C_FAMILY="zyn...
Compiling module xil_defaultlib.layer0_coeff_in0_out0
Compiling module blk_mem_gen_v8_4_7.blk_mem_gen_v8_4_7_output_stage(...
Compiling module blk_mem_gen_v8_4_7.blk_mem_gen_v8_4_7_softecc_outpu...
Compiling module blk_mem_gen_v8_4_7.blk_mem_gen_v8_4_7_mem_module(C_...
Compiling module blk_mem_gen_v8_4_7.blk_mem_gen_v8_4_7(C_FAMILY="zyn...
Compiling module xil_defaultlib.layer0_coeff_in0_out1
Compiling module blk_mem_gen_v8_4_7.blk_mem_gen_v8_4_7_mem_module(C_...
Compiling module blk_mem_gen_v8_4_7.blk_mem_gen_v8_4_7(C_FAMILY="zyn...
Compiling module xil_defaultlib.layer0_coeff_in0_out2
Compiling module blk_mem_gen_v8_4_7.blk_mem_gen_v8_4_7_mem_module(C_...
Compiling module blk_mem_gen_v8_4_7.blk_mem_gen_v8_4_7(C_FAMILY="zyn...
Compiling module xil_defaultlib.layer0_coeff_in0_out3
Compiling module blk_mem_gen_v8_4_7.blk_mem_gen_v8_4_7_mem_module(C_...
Compiling module blk_mem_gen_v8_4_7.blk_mem_gen_v8_4_7(C_FAMILY="zyn...
Compiling module xil_defaultlib.layer0_coeff_in0_out4
Compiling module blk_mem_gen_v8_4_7.blk_mem_gen_v8_4_7_mem_module(C_...
Compiling module blk_mem_gen_v8_4_7.blk_mem_gen_v8_4_7(C_FAMILY="zyn...
Compiling module xil_defaultlib.layer0_coeff_in1_out0
Compiling module blk_mem_gen_v8_4_7.blk_mem_gen_v8_4_7_mem_module(C_...
Compiling module blk_mem_gen_v8_4_7.blk_mem_gen_v8_4_7(C_FAMILY="zyn...
Compiling module xil_defaultlib.layer0_coeff_in1_out1
Compiling module blk_mem_gen_v8_4_7.blk_mem_gen_v8_4_7_mem_module(C_...
Compiling module blk_mem_gen_v8_4_7.blk_mem_gen_v8_4_7(C_FAMILY="zyn...
Compiling module xil_defaultlib.layer0_coeff_in1_out2
Compiling module blk_mem_gen_v8_4_7.blk_mem_gen_v8_4_7_mem_module(C_...
Compiling module blk_mem_gen_v8_4_7.blk_mem_gen_v8_4_7(C_FAMILY="zyn...
Compiling module xil_defaultlib.layer0_coeff_in1_out3
Compiling module blk_mem_gen_v8_4_7.blk_mem_gen_v8_4_7_mem_module(C_...
Compiling module blk_mem_gen_v8_4_7.blk_mem_gen_v8_4_7(C_FAMILY="zyn...
Compiling module xil_defaultlib.layer0_coeff_in1_out4
Compiling module blk_mem_gen_v8_4_7.blk_mem_gen_v8_4_7_mem_module(C_...
Compiling module blk_mem_gen_v8_4_7.blk_mem_gen_v8_4_7(C_FAMILY="zyn...
Compiling module xil_defaultlib.layer0_coeff_in2_out0
Compiling module blk_mem_gen_v8_4_7.blk_mem_gen_v8_4_7_mem_module(C_...
Compiling module blk_mem_gen_v8_4_7.blk_mem_gen_v8_4_7(C_FAMILY="zyn...
Compiling module xil_defaultlib.layer0_coeff_in2_out1
Compiling module blk_mem_gen_v8_4_7.blk_mem_gen_v8_4_7_mem_module(C_...
Compiling module blk_mem_gen_v8_4_7.blk_mem_gen_v8_4_7(C_FAMILY="zyn...
Compiling module xil_defaultlib.layer0_coeff_in2_out2
Compiling module blk_mem_gen_v8_4_7.blk_mem_gen_v8_4_7_mem_module(C_...
Compiling module blk_mem_gen_v8_4_7.blk_mem_gen_v8_4_7(C_FAMILY="zyn...
Compiling module xil_defaultlib.layer0_coeff_in2_out3
Compiling module blk_mem_gen_v8_4_7.blk_mem_gen_v8_4_7_mem_module(C_...
Compiling module blk_mem_gen_v8_4_7.blk_mem_gen_v8_4_7(C_FAMILY="zyn...
Compiling module xil_defaultlib.layer0_coeff_in2_out4
Compiling module blk_mem_gen_v8_4_7.blk_mem_gen_v8_4_7_mem_module(C_...
Compiling module blk_mem_gen_v8_4_7.blk_mem_gen_v8_4_7(C_FAMILY="zyn...
Compiling module xil_defaultlib.layer1_coeff_in0_out0
Compiling module blk_mem_gen_v8_4_7.blk_mem_gen_v8_4_7_mem_module(C_...
Compiling module blk_mem_gen_v8_4_7.blk_mem_gen_v8_4_7(C_FAMILY="zyn...
Compiling module xil_defaultlib.layer1_coeff_in1_out0
Compiling module blk_mem_gen_v8_4_7.blk_mem_gen_v8_4_7_mem_module(C_...
Compiling module blk_mem_gen_v8_4_7.blk_mem_gen_v8_4_7(C_FAMILY="zyn...
Compiling module xil_defaultlib.layer1_coeff_in2_out0
Compiling module blk_mem_gen_v8_4_7.blk_mem_gen_v8_4_7_mem_module(C_...
Compiling module blk_mem_gen_v8_4_7.blk_mem_gen_v8_4_7(C_FAMILY="zyn...
Compiling module xil_defaultlib.layer1_coeff_in3_out0
Compiling module blk_mem_gen_v8_4_7.blk_mem_gen_v8_4_7_mem_module(C_...
Compiling module blk_mem_gen_v8_4_7.blk_mem_gen_v8_4_7(C_FAMILY="zyn...
Compiling module xil_defaultlib.layer1_coeff_in4_out0
Compiling module xil_defaultlib.Coeff_Rom
Compiling module xil_defaultlib.internal_finder
Compiling module xil_defaultlib.multiplier
Compiling module xil_defaultlib.mac
Compiling module xil_defaultlib.BSU
Compiling module xil_defaultlib.tb_bsu
Compiling module xil_defaultlib.glbl
Built simulation snapshot tb_bsu_behav
run_program: Time (s): cpu = 00:00:02 ; elapsed = 00:00:29 . Memory (MB): peak = 2792.711 ; gain = 0.000
INFO: [USF-XSim-69] 'elaborate' step finished in '29' seconds
INFO: [USF-XSim-4] XSim::Simulate design
INFO: [USF-XSim-61] Executing 'SIMULATE' step in 'D:/KAN/FPGA_Prj/KAN_V1/KAN_V1.sim/sim_1/behav/xsim'
INFO: [USF-XSim-98] *** Running xsim
   with args "tb_bsu_behav -key {Behavioral:sim_1:Functional:tb_bsu} -tclbatch {tb_bsu.tcl} -view {D:/KAN/FPGA_Prj/KAN_V1/tb_module_behav.wcfg} -log {simulate.log}"
INFO: [USF-XSim-8] Loading simulator feature
Time resolution is 1 ps
open_wave_config D:/KAN/FPGA_Prj/KAN_V1/tb_module_behav.wcfg
source tb_bsu.tcl
# set curr_wave [current_wave_config]
# if { [string length $curr_wave] == 0 } {
#   if { [llength [get_objects]] > 0} {
#     add_wave /
#     set_property needs_save false [current_wave_config]
#   } else {
#      send_msg_id Add_Wave-1 WARNING "No top level signals found. Simulator will start without a wave window. If you want to open a wave window go to 'File->New Waveform Configuration' or type 'create_wave_config' in the TCL console."
#   }
# }
# run 1000ns
 Block Memory Generator module loading initial data...
 Block Memory Generator data initialization complete.
Block Memory Generator module tb_bsu.ROM_TEST.bram0.inst.\native_mem_module.blk_mem_gen_v8_4_7_inst  is using a behavioral model for simulation which will not precisely model memory collision behavior.
 Block Memory Generator module loading initial data...
 Block Memory Generator data initialization complete.
Block Memory Generator module tb_bsu.ROM_TEST.bram1.inst.\native_mem_module.blk_mem_gen_v8_4_7_inst  is using a behavioral model for simulation which will not precisely model memory collision behavior.
 Block Memory Generator module loading initial data...
 Block Memory Generator data initialization complete.
Block Memory Generator module tb_bsu.ROM_TEST.bram2.inst.\native_mem_module.blk_mem_gen_v8_4_7_inst  is using a behavioral model for simulation which will not precisely model memory collision behavior.
 Block Memory Generator module loading initial data...
 Block Memory Generator data initialization complete.
Block Memory Generator module tb_bsu.ROM_TEST.bram3.inst.\native_mem_module.blk_mem_gen_v8_4_7_inst  is using a behavioral model for simulation which will not precisely model memory collision behavior.
 Block Memory Generator module loading initial data...
 Block Memory Generator data initialization complete.
Block Memory Generator module tb_bsu.ROM_TEST.bram4.inst.\native_mem_module.blk_mem_gen_v8_4_7_inst  is using a behavioral model for simulation which will not precisely model memory collision behavior.
 Block Memory Generator module loading initial data...
 Block Memory Generator data initialization complete.
Block Memory Generator module tb_bsu.ROM_TEST.bram5.inst.\native_mem_module.blk_mem_gen_v8_4_7_inst  is using a behavioral model for simulation which will not precisely model memory collision behavior.
 Block Memory Generator module loading initial data...
 Block Memory Generator data initialization complete.
Block Memory Generator module tb_bsu.ROM_TEST.bram6.inst.\native_mem_module.blk_mem_gen_v8_4_7_inst  is using a behavioral model for simulation which will not precisely model memory collision behavior.
 Block Memory Generator module loading initial data...
 Block Memory Generator data initialization complete.
Block Memory Generator module tb_bsu.ROM_TEST.bram7.inst.\native_mem_module.blk_mem_gen_v8_4_7_inst  is using a behavioral model for simulation which will not precisely model memory collision behavior.
 Block Memory Generator module loading initial data...
 Block Memory Generator data initialization complete.
Block Memory Generator module tb_bsu.ROM_TEST.bram8.inst.\native_mem_module.blk_mem_gen_v8_4_7_inst  is using a behavioral model for simulation which will not precisely model memory collision behavior.
 Block Memory Generator module loading initial data...
 Block Memory Generator data initialization complete.
Block Memory Generator module tb_bsu.ROM_TEST.bram9.inst.\native_mem_module.blk_mem_gen_v8_4_7_inst  is using a behavioral model for simulation which will not precisely model memory collision behavior.
 Block Memory Generator module loading initial data...
 Block Memory Generator data initialization complete.
Block Memory Generator module tb_bsu.ROM_TEST.bram10.inst.\native_mem_module.blk_mem_gen_v8_4_7_inst  is using a behavioral model for simulation which will not precisely model memory collision behavior.
 Block Memory Generator module loading initial data...
 Block Memory Generator data initialization complete.
Block Memory Generator module tb_bsu.ROM_TEST.bram11.inst.\native_mem_module.blk_mem_gen_v8_4_7_inst  is using a behavioral model for simulation which will not precisely model memory collision behavior.
 Block Memory Generator module loading initial data...
 Block Memory Generator data initialization complete.
Block Memory Generator module tb_bsu.ROM_TEST.bram12.inst.\native_mem_module.blk_mem_gen_v8_4_7_inst  is using a behavioral model for simulation which will not precisely model memory collision behavior.
 Block Memory Generator module loading initial data...
 Block Memory Generator data initialization complete.
Block Memory Generator module tb_bsu.ROM_TEST.bram13.inst.\native_mem_module.blk_mem_gen_v8_4_7_inst  is using a behavioral model for simulation which will not precisely model memory collision behavior.
 Block Memory Generator module loading initial data...
 Block Memory Generator data initialization complete.
Block Memory Generator module tb_bsu.ROM_TEST.bram14.inst.\native_mem_module.blk_mem_gen_v8_4_7_inst  is using a behavioral model for simulation which will not precisely model memory collision behavior.
 Block Memory Generator module loading initial data...
 Block Memory Generator data initialization complete.
Block Memory Generator module tb_bsu.ROM_TEST.bram15.inst.\native_mem_module.blk_mem_gen_v8_4_7_inst  is using a behavioral model for simulation which will not precisely model memory collision behavior.
 Block Memory Generator module loading initial data...
 Block Memory Generator data initialization complete.
Block Memory Generator module tb_bsu.ROM_TEST.bram16.inst.\native_mem_module.blk_mem_gen_v8_4_7_inst  is using a behavioral model for simulation which will not precisely model memory collision behavior.
 Block Memory Generator module loading initial data...
 Block Memory Generator data initialization complete.
Block Memory Generator module tb_bsu.ROM_TEST.bram17.inst.\native_mem_module.blk_mem_gen_v8_4_7_inst  is using a behavioral model for simulation which will not precisely model memory collision behavior.
 Block Memory Generator module loading initial data...
 Block Memory Generator data initialization complete.
Block Memory Generator module tb_bsu.ROM_TEST.bram18.inst.\native_mem_module.blk_mem_gen_v8_4_7_inst  is using a behavioral model for simulation which will not precisely model memory collision behavior.
 Block Memory Generator module loading initial data...
 Block Memory Generator data initialization complete.
Block Memory Generator module tb_bsu.ROM_TEST.bram19.inst.\native_mem_module.blk_mem_gen_v8_4_7_inst  is using a behavioral model for simulation which will not precisely model memory collision behavior.
INFO: [USF-XSim-96] XSim completed. Design snapshot 'tb_bsu_behav' loaded.
INFO: [USF-XSim-97] XSim simulation ran for 1000ns
launch_simulation: Time (s): cpu = 00:00:05 ; elapsed = 00:00:35 . Memory (MB): peak = 2792.711 ; gain = 0.000
relaunch_sim
Command: launch_simulation -step compile -simset sim_1 -mode behavioral
INFO: [Vivado 12-12493] Simulation top is 'tb_bsu'
WARNING: [Vivado 12-13340] Unable to auto find GCC executables from simulator install path! (path not set)
INFO: [Vivado 12-5682] Launching behavioral simulation in 'D:/KAN/FPGA_Prj/KAN_V1/KAN_V1.sim/sim_1/behav/xsim'
INFO: [SIM-utils-51] Simulation object is 'sim_1'
INFO: [USF-XSim-2] XSim::Compile design
INFO: [USF-XSim-61] Executing 'COMPILE and ANALYZE' step in 'D:/KAN/FPGA_Prj/KAN_V1/KAN_V1.sim/sim_1/behav/xsim'
"xvlog --incr --relax -L uvm -prj tb_bsu_vlog.prj"
ECHO 处于关闭状态。
ECHO 处于关闭状态。
INFO: [VRFC 10-2263] Analyzing Verilog file "D:/KAN/FPGA_Prj/KAN_V1/KAN_V1.gen/sources_1/ip/layer1_coeff_in4_out0/sim/layer1_coeff_in4_out0.v" into library xil_defaultlib
INFO: [VRFC 10-311] analyzing module layer1_coeff_in4_out0
INFO: [VRFC 10-2263] Analyzing Verilog file "D:/KAN/FPGA_Prj/KAN_V1/KAN_V1.gen/sources_1/ip/layer1_coeff_in3_out0/sim/layer1_coeff_in3_out0.v" into library xil_defaultlib
INFO: [VRFC 10-311] analyzing module layer1_coeff_in3_out0
INFO: [VRFC 10-2263] Analyzing Verilog file "D:/KAN/FPGA_Prj/KAN_V1/KAN_V1.gen/sources_1/ip/layer1_coeff_in2_out0/sim/layer1_coeff_in2_out0.v" into library xil_defaultlib
INFO: [VRFC 10-311] analyzing module layer1_coeff_in2_out0
INFO: [VRFC 10-2263] Analyzing Verilog file "D:/KAN/FPGA_Prj/KAN_V1/KAN_V1.gen/sources_1/ip/layer1_coeff_in1_out0/sim/layer1_coeff_in1_out0.v" into library xil_defaultlib
INFO: [VRFC 10-311] analyzing module layer1_coeff_in1_out0
INFO: [VRFC 10-2263] Analyzing Verilog file "D:/KAN/FPGA_Prj/KAN_V1/KAN_V1.gen/sources_1/ip/layer1_coeff_in0_out0/sim/layer1_coeff_in0_out0.v" into library xil_defaultlib
INFO: [VRFC 10-311] analyzing module layer1_coeff_in0_out0
INFO: [VRFC 10-2263] Analyzing Verilog file "D:/KAN/FPGA_Prj/KAN_V1/KAN_V1.gen/sources_1/ip/layer0_coeff_in2_out4/sim/layer0_coeff_in2_out4.v" into library xil_defaultlib
INFO: [VRFC 10-311] analyzing module layer0_coeff_in2_out4
INFO: [VRFC 10-2263] Analyzing Verilog file "D:/KAN/FPGA_Prj/KAN_V1/KAN_V1.gen/sources_1/ip/layer0_coeff_in2_out3/sim/layer0_coeff_in2_out3.v" into library xil_defaultlib
INFO: [VRFC 10-311] analyzing module layer0_coeff_in2_out3
INFO: [VRFC 10-2263] Analyzing Verilog file "D:/KAN/FPGA_Prj/KAN_V1/KAN_V1.gen/sources_1/ip/layer0_coeff_in2_out2/sim/layer0_coeff_in2_out2.v" into library xil_defaultlib
INFO: [VRFC 10-311] analyzing module layer0_coeff_in2_out2
INFO: [VRFC 10-2263] Analyzing Verilog file "D:/KAN/FPGA_Prj/KAN_V1/KAN_V1.gen/sources_1/ip/layer0_coeff_in2_out1/sim/layer0_coeff_in2_out1.v" into library xil_defaultlib
INFO: [VRFC 10-311] analyzing module layer0_coeff_in2_out1
INFO: [VRFC 10-2263] Analyzing Verilog file "D:/KAN/FPGA_Prj/KAN_V1/KAN_V1.gen/sources_1/ip/layer0_coeff_in2_out0/sim/layer0_coeff_in2_out0.v" into library xil_defaultlib
INFO: [VRFC 10-311] analyzing module layer0_coeff_in2_out0
INFO: [VRFC 10-2263] Analyzing Verilog file "D:/KAN/FPGA_Prj/KAN_V1/KAN_V1.gen/sources_1/ip/layer0_coeff_in1_out4/sim/layer0_coeff_in1_out4.v" into library xil_defaultlib
INFO: [VRFC 10-311] analyzing module layer0_coeff_in1_out4
INFO: [VRFC 10-2263] Analyzing Verilog file "D:/KAN/FPGA_Prj/KAN_V1/KAN_V1.gen/sources_1/ip/layer0_coeff_in1_out3/sim/layer0_coeff_in1_out3.v" into library xil_defaultlib
INFO: [VRFC 10-311] analyzing module layer0_coeff_in1_out3
INFO: [VRFC 10-2263] Analyzing Verilog file "D:/KAN/FPGA_Prj/KAN_V1/KAN_V1.gen/sources_1/ip/layer0_coeff_in1_out2/sim/layer0_coeff_in1_out2.v" into library xil_defaultlib
INFO: [VRFC 10-311] analyzing module layer0_coeff_in1_out2
INFO: [VRFC 10-2263] Analyzing Verilog file "D:/KAN/FPGA_Prj/KAN_V1/KAN_V1.gen/sources_1/ip/layer0_coeff_in1_out1/sim/layer0_coeff_in1_out1.v" into library xil_defaultlib
INFO: [VRFC 10-311] analyzing module layer0_coeff_in1_out1
INFO: [VRFC 10-2263] Analyzing Verilog file "D:/KAN/FPGA_Prj/KAN_V1/KAN_V1.gen/sources_1/ip/layer0_coeff_in1_out0/sim/layer0_coeff_in1_out0.v" into library xil_defaultlib
INFO: [VRFC 10-311] analyzing module layer0_coeff_in1_out0
INFO: [VRFC 10-2263] Analyzing Verilog file "D:/KAN/FPGA_Prj/KAN_V1/KAN_V1.gen/sources_1/ip/layer0_coeff_in0_out4/sim/layer0_coeff_in0_out4.v" into library xil_defaultlib
INFO: [VRFC 10-311] analyzing module layer0_coeff_in0_out4
INFO: [VRFC 10-2263] Analyzing Verilog file "D:/KAN/FPGA_Prj/KAN_V1/KAN_V1.gen/sources_1/ip/layer0_coeff_in0_out3/sim/layer0_coeff_in0_out3.v" into library xil_defaultlib
INFO: [VRFC 10-311] analyzing module layer0_coeff_in0_out3
INFO: [VRFC 10-2263] Analyzing Verilog file "D:/KAN/FPGA_Prj/KAN_V1/KAN_V1.gen/sources_1/ip/layer0_coeff_in0_out2/sim/layer0_coeff_in0_out2.v" into library xil_defaultlib
INFO: [VRFC 10-311] analyzing module layer0_coeff_in0_out2
INFO: [VRFC 10-2263] Analyzing Verilog file "D:/KAN/FPGA_Prj/KAN_V1/KAN_V1.gen/sources_1/ip/layer0_coeff_in0_out1/sim/layer0_coeff_in0_out1.v" into library xil_defaultlib
INFO: [VRFC 10-311] analyzing module layer0_coeff_in0_out1
INFO: [VRFC 10-2263] Analyzing Verilog file "D:/KAN/FPGA_Prj/KAN_V1/KAN_V1.gen/sources_1/ip/layer0_coeff_in0_out0/sim/layer0_coeff_in0_out0.v" into library xil_defaultlib
INFO: [VRFC 10-311] analyzing module layer0_coeff_in0_out0
INFO: [VRFC 10-2263] Analyzing Verilog file "D:/KAN/FPGA_Prj/KAN_V1/KAN_V1.srcs/sources_1/new/BSU.v" into library xil_defaultlib
INFO: [VRFC 10-311] analyzing module BSU
INFO: [VRFC 10-2263] Analyzing Verilog file "D:/KAN/FPGA_Prj/KAN_V1/KAN_V1.srcs/sources_1/new/internal_finder.v" into library xil_defaultlib
INFO: [VRFC 10-311] analyzing module internal_finder
INFO: [VRFC 10-2263] Analyzing Verilog file "D:/KAN/FPGA_Prj/KAN_V1/KAN_V1.srcs/sources_1/new/mac.v" into library xil_defaultlib
INFO: [VRFC 10-311] analyzing module mac
INFO: [VRFC 10-2263] Analyzing Verilog file "D:/KAN/FPGA_Prj/KAN_V1/KAN_V1.srcs/sources_1/new/multiplier.v" into library xil_defaultlib
INFO: [VRFC 10-311] analyzing module multiplier
INFO: [USF-XSim-69] 'compile' step finished in '3' seconds
Command: launch_simulation -step elaborate -simset sim_1 -mode behavioral
INFO: [Vivado 12-12493] Simulation top is 'tb_bsu'
WARNING: [Vivado 12-13340] Unable to auto find GCC executables from simulator install path! (path not set)
INFO: [Vivado 12-5682] Launching behavioral simulation in 'D:/KAN/FPGA_Prj/KAN_V1/KAN_V1.sim/sim_1/behav/xsim'
INFO: [SIM-utils-51] Simulation object is 'sim_1'
INFO: [USF-XSim-3] XSim::Elaborate design
INFO: [USF-XSim-61] Executing 'ELABORATE' step in 'D:/KAN/FPGA_Prj/KAN_V1/KAN_V1.sim/sim_1/behav/xsim'
"xelab --incr --debug typical --relax --mt 2 -L xil_defaultlib -L blk_mem_gen_v8_4_7 -L uvm -L unisims_ver -L unimacro_ver -L secureip -L xpm --snapshot tb_bsu_behav xil_defaultlib.tb_bsu xil_defaultlib.glbl -log elaborate.log"
ECHO 处于关闭状态。
ECHO 处于关闭状态。
Vivado Simulator v2023.2
Copyright 1986-2022 Xilinx, Inc. All Rights Reserved.
Copyright 2022-2023 Advanced Micro Devices, Inc. All Rights Reserved.
Running: D:/Xilinx/Vivado/2023.2/bin/unwrapped/win64.o/xelab.exe --incr --debug typical --relax --mt 2 -L xil_defaultlib -L blk_mem_gen_v8_4_7 -L uvm -L unisims_ver -L unimacro_ver -L secureip -L xpm --snapshot tb_bsu_behav xil_defaultlib.tb_bsu xil_defaultlib.glbl -log elaborate.log 
Using 2 slave threads.
Starting static elaboration
Pass Through NonSizing Optimizer
WARNING: [VRFC 10-3091] actual bit length 32 differs from formal bit length 5 for port 'channel0_cs' [D:/KAN/FPGA_Prj/KAN_V1/KAN_V1.srcs/sim_1/new/tb_bsu.v:46]
WARNING: [VRFC 10-3091] actual bit length 32 differs from formal bit length 7 for port 'addra' [D:/KAN/FPGA_Prj/KAN_V1/KAN_V1.srcs/sources_1/new/Coeff_Rom.sv:211]
WARNING: [VRFC 10-3091] actual bit length 32 differs from formal bit length 6 for port 'addra' [D:/KAN/FPGA_Prj/KAN_V1/KAN_V1.srcs/sources_1/new/Coeff_Rom.sv:217]
WARNING: [VRFC 10-3091] actual bit length 32 differs from formal bit length 6 for port 'addra' [D:/KAN/FPGA_Prj/KAN_V1/KAN_V1.srcs/sources_1/new/Coeff_Rom.sv:223]
WARNING: [VRFC 10-3091] actual bit length 32 differs from formal bit length 6 for port 'addra' [D:/KAN/FPGA_Prj/KAN_V1/KAN_V1.srcs/sources_1/new/Coeff_Rom.sv:229]
WARNING: [VRFC 10-3091] actual bit length 32 differs from formal bit length 6 for port 'addra' [D:/KAN/FPGA_Prj/KAN_V1/KAN_V1.srcs/sources_1/new/Coeff_Rom.sv:235]
WARNING: [VRFC 10-3091] actual bit length 32 differs from formal bit length 6 for port 'addra' [D:/KAN/FPGA_Prj/KAN_V1/KAN_V1.srcs/sources_1/new/Coeff_Rom.sv:243]
WARNING: [VRFC 10-3091] actual bit length 32 differs from formal bit length 6 for port 'addra' [D:/KAN/FPGA_Prj/KAN_V1/KAN_V1.srcs/sources_1/new/Coeff_Rom.sv:249]
WARNING: [VRFC 10-3091] actual bit length 32 differs from formal bit length 6 for port 'addra' [D:/KAN/FPGA_Prj/KAN_V1/KAN_V1.srcs/sources_1/new/Coeff_Rom.sv:255]
WARNING: [VRFC 10-3091] actual bit length 32 differs from formal bit length 6 for port 'addra' [D:/KAN/FPGA_Prj/KAN_V1/KAN_V1.srcs/sources_1/new/Coeff_Rom.sv:262]
WARNING: [VRFC 10-3091] actual bit length 32 differs from formal bit length 6 for port 'addra' [D:/KAN/FPGA_Prj/KAN_V1/KAN_V1.srcs/sources_1/new/Coeff_Rom.sv:269]
WARNING: [VRFC 10-3091] actual bit length 32 differs from formal bit length 6 for port 'addra' [D:/KAN/FPGA_Prj/KAN_V1/KAN_V1.srcs/sources_1/new/Coeff_Rom.sv:276]
WARNING: [VRFC 10-3091] actual bit length 32 differs from formal bit length 6 for port 'addra' [D:/KAN/FPGA_Prj/KAN_V1/KAN_V1.srcs/sources_1/new/Coeff_Rom.sv:282]
WARNING: [VRFC 10-3091] actual bit length 32 differs from formal bit length 6 for port 'addra' [D:/KAN/FPGA_Prj/KAN_V1/KAN_V1.srcs/sources_1/new/Coeff_Rom.sv:288]
WARNING: [VRFC 10-3091] actual bit length 32 differs from formal bit length 6 for port 'addra' [D:/KAN/FPGA_Prj/KAN_V1/KAN_V1.srcs/sources_1/new/Coeff_Rom.sv:294]
WARNING: [VRFC 10-3091] actual bit length 32 differs from formal bit length 6 for port 'addra' [D:/KAN/FPGA_Prj/KAN_V1/KAN_V1.srcs/sources_1/new/Coeff_Rom.sv:300]
WARNING: [VRFC 10-3091] actual bit length 32 differs from formal bit length 6 for port 'addra' [D:/KAN/FPGA_Prj/KAN_V1/KAN_V1.srcs/sources_1/new/Coeff_Rom.sv:307]
WARNING: [VRFC 10-3091] actual bit length 32 differs from formal bit length 6 for port 'addra' [D:/KAN/FPGA_Prj/KAN_V1/KAN_V1.srcs/sources_1/new/Coeff_Rom.sv:313]
WARNING: [VRFC 10-3091] actual bit length 32 differs from formal bit length 6 for port 'addra' [D:/KAN/FPGA_Prj/KAN_V1/KAN_V1.srcs/sources_1/new/Coeff_Rom.sv:319]
WARNING: [VRFC 10-3091] actual bit length 32 differs from formal bit length 6 for port 'addra' [D:/KAN/FPGA_Prj/KAN_V1/KAN_V1.srcs/sources_1/new/Coeff_Rom.sv:325]
WARNING: [VRFC 10-3091] actual bit length 32 differs from formal bit length 6 for port 'addra' [D:/KAN/FPGA_Prj/KAN_V1/KAN_V1.srcs/sources_1/new/Coeff_Rom.sv:331]
Completed static elaboration
Starting simulation data flow analysis
Completed simulation data flow analysis
Time Resolution for simulation is 1ps
Compiling module blk_mem_gen_v8_4_7.blk_mem_gen_v8_4_7_output_stage(...
Compiling module blk_mem_gen_v8_4_7.blk_mem_gen_v8_4_7_softecc_outpu...
Compiling module blk_mem_gen_v8_4_7.blk_mem_gen_v8_4_7_mem_module(C_...
Compiling module blk_mem_gen_v8_4_7.blk_mem_gen_v8_4_7(C_FAMILY="zyn...
Compiling module xil_defaultlib.layer0_coeff_in0_out0
Compiling module blk_mem_gen_v8_4_7.blk_mem_gen_v8_4_7_output_stage(...
Compiling module blk_mem_gen_v8_4_7.blk_mem_gen_v8_4_7_softecc_outpu...
Compiling module blk_mem_gen_v8_4_7.blk_mem_gen_v8_4_7_mem_module(C_...
Compiling module blk_mem_gen_v8_4_7.blk_mem_gen_v8_4_7(C_FAMILY="zyn...
Compiling module xil_defaultlib.layer0_coeff_in0_out1
Compiling module blk_mem_gen_v8_4_7.blk_mem_gen_v8_4_7_mem_module(C_...
Compiling module blk_mem_gen_v8_4_7.blk_mem_gen_v8_4_7(C_FAMILY="zyn...
Compiling module xil_defaultlib.layer0_coeff_in0_out2
Compiling module blk_mem_gen_v8_4_7.blk_mem_gen_v8_4_7_mem_module(C_...
Compiling module blk_mem_gen_v8_4_7.blk_mem_gen_v8_4_7(C_FAMILY="zyn...
Compiling module xil_defaultlib.layer0_coeff_in0_out3
Compiling module blk_mem_gen_v8_4_7.blk_mem_gen_v8_4_7_mem_module(C_...
Compiling module blk_mem_gen_v8_4_7.blk_mem_gen_v8_4_7(C_FAMILY="zyn...
Compiling module xil_defaultlib.layer0_coeff_in0_out4
Compiling module blk_mem_gen_v8_4_7.blk_mem_gen_v8_4_7_mem_module(C_...
Compiling module blk_mem_gen_v8_4_7.blk_mem_gen_v8_4_7(C_FAMILY="zyn...
Compiling module xil_defaultlib.layer0_coeff_in1_out0
Compiling module blk_mem_gen_v8_4_7.blk_mem_gen_v8_4_7_mem_module(C_...
Compiling module blk_mem_gen_v8_4_7.blk_mem_gen_v8_4_7(C_FAMILY="zyn...
Compiling module xil_defaultlib.layer0_coeff_in1_out1
Compiling module blk_mem_gen_v8_4_7.blk_mem_gen_v8_4_7_mem_module(C_...
Compiling module blk_mem_gen_v8_4_7.blk_mem_gen_v8_4_7(C_FAMILY="zyn...
Compiling module xil_defaultlib.layer0_coeff_in1_out2
Compiling module blk_mem_gen_v8_4_7.blk_mem_gen_v8_4_7_mem_module(C_...
Compiling module blk_mem_gen_v8_4_7.blk_mem_gen_v8_4_7(C_FAMILY="zyn...
Compiling module xil_defaultlib.layer0_coeff_in1_out3
Compiling module blk_mem_gen_v8_4_7.blk_mem_gen_v8_4_7_mem_module(C_...
Compiling module blk_mem_gen_v8_4_7.blk_mem_gen_v8_4_7(C_FAMILY="zyn...
Compiling module xil_defaultlib.layer0_coeff_in1_out4
Compiling module blk_mem_gen_v8_4_7.blk_mem_gen_v8_4_7_mem_module(C_...
Compiling module blk_mem_gen_v8_4_7.blk_mem_gen_v8_4_7(C_FAMILY="zyn...
Compiling module xil_defaultlib.layer0_coeff_in2_out0
Compiling module blk_mem_gen_v8_4_7.blk_mem_gen_v8_4_7_mem_module(C_...
Compiling module blk_mem_gen_v8_4_7.blk_mem_gen_v8_4_7(C_FAMILY="zyn...
Compiling module xil_defaultlib.layer0_coeff_in2_out1
Compiling module blk_mem_gen_v8_4_7.blk_mem_gen_v8_4_7_mem_module(C_...
Compiling module blk_mem_gen_v8_4_7.blk_mem_gen_v8_4_7(C_FAMILY="zyn...
Compiling module xil_defaultlib.layer0_coeff_in2_out2
Compiling module blk_mem_gen_v8_4_7.blk_mem_gen_v8_4_7_mem_module(C_...
Compiling module blk_mem_gen_v8_4_7.blk_mem_gen_v8_4_7(C_FAMILY="zyn...
Compiling module xil_defaultlib.layer0_coeff_in2_out3
Compiling module blk_mem_gen_v8_4_7.blk_mem_gen_v8_4_7_mem_module(C_...
Compiling module blk_mem_gen_v8_4_7.blk_mem_gen_v8_4_7(C_FAMILY="zyn...
Compiling module xil_defaultlib.layer0_coeff_in2_out4
Compiling module blk_mem_gen_v8_4_7.blk_mem_gen_v8_4_7_mem_module(C_...
Compiling module blk_mem_gen_v8_4_7.blk_mem_gen_v8_4_7(C_FAMILY="zyn...
Compiling module xil_defaultlib.layer1_coeff_in0_out0
Compiling module blk_mem_gen_v8_4_7.blk_mem_gen_v8_4_7_mem_module(C_...
Compiling module blk_mem_gen_v8_4_7.blk_mem_gen_v8_4_7(C_FAMILY="zyn...
Compiling module xil_defaultlib.layer1_coeff_in1_out0
Compiling module blk_mem_gen_v8_4_7.blk_mem_gen_v8_4_7_mem_module(C_...
Compiling module blk_mem_gen_v8_4_7.blk_mem_gen_v8_4_7(C_FAMILY="zyn...
Compiling module xil_defaultlib.layer1_coeff_in2_out0
Compiling module blk_mem_gen_v8_4_7.blk_mem_gen_v8_4_7_mem_module(C_...
Compiling module blk_mem_gen_v8_4_7.blk_mem_gen_v8_4_7(C_FAMILY="zyn...
Compiling module xil_defaultlib.layer1_coeff_in3_out0
Compiling module blk_mem_gen_v8_4_7.blk_mem_gen_v8_4_7_mem_module(C_...
Compiling module blk_mem_gen_v8_4_7.blk_mem_gen_v8_4_7(C_FAMILY="zyn...
Compiling module xil_defaultlib.layer1_coeff_in4_out0
Compiling module xil_defaultlib.Coeff_Rom
Compiling module xil_defaultlib.internal_finder
Compiling module xil_defaultlib.multiplier
Compiling module xil_defaultlib.mac
Compiling module xil_defaultlib.BSU
Compiling module xil_defaultlib.tb_bsu
Compiling module xil_defaultlib.glbl
Built simulation snapshot tb_bsu_behav
run_program: Time (s): cpu = 00:00:02 ; elapsed = 00:00:31 . Memory (MB): peak = 2792.711 ; gain = 0.000
INFO: [USF-XSim-69] 'elaborate' step finished in '31' seconds
launch_simulation: Time (s): cpu = 00:00:02 ; elapsed = 00:00:32 . Memory (MB): peak = 2792.711 ; gain = 0.000
Time resolution is 1 ps
 Block Memory Generator module loading initial data...
 Block Memory Generator data initialization complete.
Block Memory Generator module tb_bsu.ROM_TEST.bram0.inst.\native_mem_module.blk_mem_gen_v8_4_7_inst  is using a behavioral model for simulation which will not precisely model memory collision behavior.
 Block Memory Generator module loading initial data...
 Block Memory Generator data initialization complete.
Block Memory Generator module tb_bsu.ROM_TEST.bram1.inst.\native_mem_module.blk_mem_gen_v8_4_7_inst  is using a behavioral model for simulation which will not precisely model memory collision behavior.
 Block Memory Generator module loading initial data...
 Block Memory Generator data initialization complete.
Block Memory Generator module tb_bsu.ROM_TEST.bram2.inst.\native_mem_module.blk_mem_gen_v8_4_7_inst  is using a behavioral model for simulation which will not precisely model memory collision behavior.
 Block Memory Generator module loading initial data...
 Block Memory Generator data initialization complete.
Block Memory Generator module tb_bsu.ROM_TEST.bram3.inst.\native_mem_module.blk_mem_gen_v8_4_7_inst  is using a behavioral model for simulation which will not precisely model memory collision behavior.
 Block Memory Generator module loading initial data...
 Block Memory Generator data initialization complete.
Block Memory Generator module tb_bsu.ROM_TEST.bram4.inst.\native_mem_module.blk_mem_gen_v8_4_7_inst  is using a behavioral model for simulation which will not precisely model memory collision behavior.
 Block Memory Generator module loading initial data...
 Block Memory Generator data initialization complete.
Block Memory Generator module tb_bsu.ROM_TEST.bram5.inst.\native_mem_module.blk_mem_gen_v8_4_7_inst  is using a behavioral model for simulation which will not precisely model memory collision behavior.
 Block Memory Generator module loading initial data...
 Block Memory Generator data initialization complete.
Block Memory Generator module tb_bsu.ROM_TEST.bram6.inst.\native_mem_module.blk_mem_gen_v8_4_7_inst  is using a behavioral model for simulation which will not precisely model memory collision behavior.
 Block Memory Generator module loading initial data...
 Block Memory Generator data initialization complete.
Block Memory Generator module tb_bsu.ROM_TEST.bram7.inst.\native_mem_module.blk_mem_gen_v8_4_7_inst  is using a behavioral model for simulation which will not precisely model memory collision behavior.
 Block Memory Generator module loading initial data...
 Block Memory Generator data initialization complete.
Block Memory Generator module tb_bsu.ROM_TEST.bram8.inst.\native_mem_module.blk_mem_gen_v8_4_7_inst  is using a behavioral model for simulation which will not precisely model memory collision behavior.
 Block Memory Generator module loading initial data...
 Block Memory Generator data initialization complete.
Block Memory Generator module tb_bsu.ROM_TEST.bram9.inst.\native_mem_module.blk_mem_gen_v8_4_7_inst  is using a behavioral model for simulation which will not precisely model memory collision behavior.
 Block Memory Generator module loading initial data...
 Block Memory Generator data initialization complete.
Block Memory Generator module tb_bsu.ROM_TEST.bram10.inst.\native_mem_module.blk_mem_gen_v8_4_7_inst  is using a behavioral model for simulation which will not precisely model memory collision behavior.
 Block Memory Generator module loading initial data...
 Block Memory Generator data initialization complete.
Block Memory Generator module tb_bsu.ROM_TEST.bram11.inst.\native_mem_module.blk_mem_gen_v8_4_7_inst  is using a behavioral model for simulation which will not precisely model memory collision behavior.
 Block Memory Generator module loading initial data...
 Block Memory Generator data initialization complete.
Block Memory Generator module tb_bsu.ROM_TEST.bram12.inst.\native_mem_module.blk_mem_gen_v8_4_7_inst  is using a behavioral model for simulation which will not precisely model memory collision behavior.
 Block Memory Generator module loading initial data...
 Block Memory Generator data initialization complete.
Block Memory Generator module tb_bsu.ROM_TEST.bram13.inst.\native_mem_module.blk_mem_gen_v8_4_7_inst  is using a behavioral model for simulation which will not precisely model memory collision behavior.
 Block Memory Generator module loading initial data...
 Block Memory Generator data initialization complete.
Block Memory Generator module tb_bsu.ROM_TEST.bram14.inst.\native_mem_module.blk_mem_gen_v8_4_7_inst  is using a behavioral model for simulation which will not precisely model memory collision behavior.
 Block Memory Generator module loading initial data...
 Block Memory Generator data initialization complete.
Block Memory Generator module tb_bsu.ROM_TEST.bram15.inst.\native_mem_module.blk_mem_gen_v8_4_7_inst  is using a behavioral model for simulation which will not precisely model memory collision behavior.
 Block Memory Generator module loading initial data...
 Block Memory Generator data initialization complete.
Block Memory Generator module tb_bsu.ROM_TEST.bram16.inst.\native_mem_module.blk_mem_gen_v8_4_7_inst  is using a behavioral model for simulation which will not precisely model memory collision behavior.
 Block Memory Generator module loading initial data...
 Block Memory Generator data initialization complete.
Block Memory Generator module tb_bsu.ROM_TEST.bram17.inst.\native_mem_module.blk_mem_gen_v8_4_7_inst  is using a behavioral model for simulation which will not precisely model memory collision behavior.
 Block Memory Generator module loading initial data...
 Block Memory Generator data initialization complete.
Block Memory Generator module tb_bsu.ROM_TEST.bram18.inst.\native_mem_module.blk_mem_gen_v8_4_7_inst  is using a behavioral model for simulation which will not precisely model memory collision behavior.
 Block Memory Generator module loading initial data...
 Block Memory Generator data initialization complete.
Block Memory Generator module tb_bsu.ROM_TEST.bram19.inst.\native_mem_module.blk_mem_gen_v8_4_7_inst  is using a behavioral model for simulation which will not precisely model memory collision behavior.
relaunch_sim: Time (s): cpu = 00:00:04 ; elapsed = 00:00:37 . Memory (MB): peak = 2792.711 ; gain = 0.000
close_sim
INFO: [Simtcl 6-16] Simulation closed
launch_simulation
Command: launch_simulation 
INFO: [Vivado 12-12493] Simulation top is 'tb_bsu'
WARNING: [Vivado 12-13340] Unable to auto find GCC executables from simulator install path! (path not set)
INFO: [Vivado 12-5682] Launching behavioral simulation in 'D:/KAN/FPGA_Prj/KAN_V1/KAN_V1.sim/sim_1/behav/xsim'
INFO: [SIM-utils-51] Simulation object is 'sim_1'
INFO: [SIM-utils-72] Using boost library from 'D:/Xilinx/Vivado/2023.2/tps/boost_1_72_0'
INFO: [USF-XSim-7] Finding pre-compiled libraries...
INFO: [USF-XSim-11] File 'D:/Xilinx/Vivado/2023.2/data/xsim/xsim.ini' copied to run dir:'D:/KAN/FPGA_Prj/KAN_V1/KAN_V1.sim/sim_1/behav/xsim'
INFO: [SIM-utils-54] Inspecting design source files for 'tb_bsu' in fileset 'sim_1'...
INFO: [SIM-utils-43] Exported 'D:/KAN/FPGA_Prj/KAN_V1/KAN_V1.sim/sim_1/behav/xsim/layer0_coeff_in0_out0.mif'
INFO: [SIM-utils-43] Exported 'D:/KAN/FPGA_Prj/KAN_V1/KAN_V1.sim/sim_1/behav/xsim/layer0_coeff_in0_out0.coe'
INFO: [SIM-utils-43] Exported 'D:/KAN/FPGA_Prj/KAN_V1/KAN_V1.sim/sim_1/behav/xsim/layer0_coeff_in0_out1.mif'
INFO: [SIM-utils-43] Exported 'D:/KAN/FPGA_Prj/KAN_V1/KAN_V1.sim/sim_1/behav/xsim/layer0_coeff_in0_out1.coe'
INFO: [SIM-utils-43] Exported 'D:/KAN/FPGA_Prj/KAN_V1/KAN_V1.sim/sim_1/behav/xsim/layer0_coeff_in0_out2.mif'
INFO: [SIM-utils-43] Exported 'D:/KAN/FPGA_Prj/KAN_V1/KAN_V1.sim/sim_1/behav/xsim/layer0_coeff_in0_out2.coe'
INFO: [SIM-utils-43] Exported 'D:/KAN/FPGA_Prj/KAN_V1/KAN_V1.sim/sim_1/behav/xsim/layer0_coeff_in0_out3.mif'
INFO: [SIM-utils-43] Exported 'D:/KAN/FPGA_Prj/KAN_V1/KAN_V1.sim/sim_1/behav/xsim/layer0_coeff_in0_out3.coe'
INFO: [SIM-utils-43] Exported 'D:/KAN/FPGA_Prj/KAN_V1/KAN_V1.sim/sim_1/behav/xsim/layer0_coeff_in0_out4.mif'
INFO: [SIM-utils-43] Exported 'D:/KAN/FPGA_Prj/KAN_V1/KAN_V1.sim/sim_1/behav/xsim/layer0_coeff_in0_out4.coe'
INFO: [SIM-utils-43] Exported 'D:/KAN/FPGA_Prj/KAN_V1/KAN_V1.sim/sim_1/behav/xsim/layer0_coeff_in1_out0.mif'
INFO: [SIM-utils-43] Exported 'D:/KAN/FPGA_Prj/KAN_V1/KAN_V1.sim/sim_1/behav/xsim/layer0_coeff_in1_out0.coe'
INFO: [SIM-utils-43] Exported 'D:/KAN/FPGA_Prj/KAN_V1/KAN_V1.sim/sim_1/behav/xsim/layer0_coeff_in1_out1.mif'
INFO: [SIM-utils-43] Exported 'D:/KAN/FPGA_Prj/KAN_V1/KAN_V1.sim/sim_1/behav/xsim/layer0_coeff_in1_out1.coe'
INFO: [SIM-utils-43] Exported 'D:/KAN/FPGA_Prj/KAN_V1/KAN_V1.sim/sim_1/behav/xsim/layer0_coeff_in1_out2.mif'
INFO: [SIM-utils-43] Exported 'D:/KAN/FPGA_Prj/KAN_V1/KAN_V1.sim/sim_1/behav/xsim/layer0_coeff_in1_out2.coe'
INFO: [SIM-utils-43] Exported 'D:/KAN/FPGA_Prj/KAN_V1/KAN_V1.sim/sim_1/behav/xsim/layer0_coeff_in1_out3.mif'
INFO: [SIM-utils-43] Exported 'D:/KAN/FPGA_Prj/KAN_V1/KAN_V1.sim/sim_1/behav/xsim/layer0_coeff_in1_out3.coe'
INFO: [SIM-utils-43] Exported 'D:/KAN/FPGA_Prj/KAN_V1/KAN_V1.sim/sim_1/behav/xsim/layer0_coeff_in1_out4.mif'
INFO: [SIM-utils-43] Exported 'D:/KAN/FPGA_Prj/KAN_V1/KAN_V1.sim/sim_1/behav/xsim/layer0_coeff_in1_out4.coe'
INFO: [SIM-utils-43] Exported 'D:/KAN/FPGA_Prj/KAN_V1/KAN_V1.sim/sim_1/behav/xsim/layer0_coeff_in2_out0.mif'
INFO: [SIM-utils-43] Exported 'D:/KAN/FPGA_Prj/KAN_V1/KAN_V1.sim/sim_1/behav/xsim/layer0_coeff_in2_out0.coe'
INFO: [SIM-utils-43] Exported 'D:/KAN/FPGA_Prj/KAN_V1/KAN_V1.sim/sim_1/behav/xsim/layer0_coeff_in2_out1.mif'
INFO: [SIM-utils-43] Exported 'D:/KAN/FPGA_Prj/KAN_V1/KAN_V1.sim/sim_1/behav/xsim/layer0_coeff_in2_out1.coe'
INFO: [SIM-utils-43] Exported 'D:/KAN/FPGA_Prj/KAN_V1/KAN_V1.sim/sim_1/behav/xsim/layer0_coeff_in2_out2.mif'
INFO: [SIM-utils-43] Exported 'D:/KAN/FPGA_Prj/KAN_V1/KAN_V1.sim/sim_1/behav/xsim/layer0_coeff_in2_out2.coe'
INFO: [SIM-utils-43] Exported 'D:/KAN/FPGA_Prj/KAN_V1/KAN_V1.sim/sim_1/behav/xsim/layer0_coeff_in2_out3.mif'
INFO: [SIM-utils-43] Exported 'D:/KAN/FPGA_Prj/KAN_V1/KAN_V1.sim/sim_1/behav/xsim/layer0_coeff_in2_out3.coe'
INFO: [SIM-utils-43] Exported 'D:/KAN/FPGA_Prj/KAN_V1/KAN_V1.sim/sim_1/behav/xsim/layer0_coeff_in2_out4.mif'
INFO: [SIM-utils-43] Exported 'D:/KAN/FPGA_Prj/KAN_V1/KAN_V1.sim/sim_1/behav/xsim/layer0_coeff_in2_out4.coe'
INFO: [SIM-utils-43] Exported 'D:/KAN/FPGA_Prj/KAN_V1/KAN_V1.sim/sim_1/behav/xsim/layer1_coeff_in0_out0.mif'
INFO: [SIM-utils-43] Exported 'D:/KAN/FPGA_Prj/KAN_V1/KAN_V1.sim/sim_1/behav/xsim/layer1_coeff_in0_out0.coe'
INFO: [SIM-utils-43] Exported 'D:/KAN/FPGA_Prj/KAN_V1/KAN_V1.sim/sim_1/behav/xsim/layer1_coeff_in1_out0.mif'
INFO: [SIM-utils-43] Exported 'D:/KAN/FPGA_Prj/KAN_V1/KAN_V1.sim/sim_1/behav/xsim/layer1_coeff_in1_out0.coe'
INFO: [SIM-utils-43] Exported 'D:/KAN/FPGA_Prj/KAN_V1/KAN_V1.sim/sim_1/behav/xsim/layer1_coeff_in2_out0.mif'
INFO: [SIM-utils-43] Exported 'D:/KAN/FPGA_Prj/KAN_V1/KAN_V1.sim/sim_1/behav/xsim/layer1_coeff_in2_out0.coe'
INFO: [SIM-utils-43] Exported 'D:/KAN/FPGA_Prj/KAN_V1/KAN_V1.sim/sim_1/behav/xsim/layer1_coeff_in3_out0.mif'
INFO: [SIM-utils-43] Exported 'D:/KAN/FPGA_Prj/KAN_V1/KAN_V1.sim/sim_1/behav/xsim/layer1_coeff_in3_out0.coe'
INFO: [SIM-utils-43] Exported 'D:/KAN/FPGA_Prj/KAN_V1/KAN_V1.sim/sim_1/behav/xsim/layer1_coeff_in4_out0.mif'
INFO: [SIM-utils-43] Exported 'D:/KAN/FPGA_Prj/KAN_V1/KAN_V1.sim/sim_1/behav/xsim/layer1_coeff_in4_out0.coe'
INFO: [USF-XSim-97] Finding global include files...
INFO: [USF-XSim-98] Fetching design files from 'sim_1'...
INFO: [USF-XSim-2] XSim::Compile design
INFO: [USF-XSim-61] Executing 'COMPILE and ANALYZE' step in 'D:/KAN/FPGA_Prj/KAN_V1/KAN_V1.sim/sim_1/behav/xsim'
"xvlog --incr --relax -L uvm -prj tb_bsu_vlog.prj"
ECHO 处于关闭状态。
ECHO 处于关闭状态。
INFO: [VRFC 10-2263] Analyzing Verilog file "D:/KAN/FPGA_Prj/KAN_V1/KAN_V1.gen/sources_1/ip/layer1_coeff_in4_out0/sim/layer1_coeff_in4_out0.v" into library xil_defaultlib
INFO: [VRFC 10-311] analyzing module layer1_coeff_in4_out0
INFO: [VRFC 10-2263] Analyzing Verilog file "D:/KAN/FPGA_Prj/KAN_V1/KAN_V1.gen/sources_1/ip/layer1_coeff_in3_out0/sim/layer1_coeff_in3_out0.v" into library xil_defaultlib
INFO: [VRFC 10-311] analyzing module layer1_coeff_in3_out0
INFO: [VRFC 10-2263] Analyzing Verilog file "D:/KAN/FPGA_Prj/KAN_V1/KAN_V1.gen/sources_1/ip/layer1_coeff_in2_out0/sim/layer1_coeff_in2_out0.v" into library xil_defaultlib
INFO: [VRFC 10-311] analyzing module layer1_coeff_in2_out0
INFO: [VRFC 10-2263] Analyzing Verilog file "D:/KAN/FPGA_Prj/KAN_V1/KAN_V1.gen/sources_1/ip/layer1_coeff_in1_out0/sim/layer1_coeff_in1_out0.v" into library xil_defaultlib
INFO: [VRFC 10-311] analyzing module layer1_coeff_in1_out0
INFO: [VRFC 10-2263] Analyzing Verilog file "D:/KAN/FPGA_Prj/KAN_V1/KAN_V1.gen/sources_1/ip/layer1_coeff_in0_out0/sim/layer1_coeff_in0_out0.v" into library xil_defaultlib
INFO: [VRFC 10-311] analyzing module layer1_coeff_in0_out0
INFO: [VRFC 10-2263] Analyzing Verilog file "D:/KAN/FPGA_Prj/KAN_V1/KAN_V1.gen/sources_1/ip/layer0_coeff_in2_out4/sim/layer0_coeff_in2_out4.v" into library xil_defaultlib
INFO: [VRFC 10-311] analyzing module layer0_coeff_in2_out4
INFO: [VRFC 10-2263] Analyzing Verilog file "D:/KAN/FPGA_Prj/KAN_V1/KAN_V1.gen/sources_1/ip/layer0_coeff_in2_out3/sim/layer0_coeff_in2_out3.v" into library xil_defaultlib
INFO: [VRFC 10-311] analyzing module layer0_coeff_in2_out3
INFO: [VRFC 10-2263] Analyzing Verilog file "D:/KAN/FPGA_Prj/KAN_V1/KAN_V1.gen/sources_1/ip/layer0_coeff_in2_out2/sim/layer0_coeff_in2_out2.v" into library xil_defaultlib
INFO: [VRFC 10-311] analyzing module layer0_coeff_in2_out2
INFO: [VRFC 10-2263] Analyzing Verilog file "D:/KAN/FPGA_Prj/KAN_V1/KAN_V1.gen/sources_1/ip/layer0_coeff_in2_out1/sim/layer0_coeff_in2_out1.v" into library xil_defaultlib
INFO: [VRFC 10-311] analyzing module layer0_coeff_in2_out1
INFO: [VRFC 10-2263] Analyzing Verilog file "D:/KAN/FPGA_Prj/KAN_V1/KAN_V1.gen/sources_1/ip/layer0_coeff_in2_out0/sim/layer0_coeff_in2_out0.v" into library xil_defaultlib
INFO: [VRFC 10-311] analyzing module layer0_coeff_in2_out0
INFO: [VRFC 10-2263] Analyzing Verilog file "D:/KAN/FPGA_Prj/KAN_V1/KAN_V1.gen/sources_1/ip/layer0_coeff_in1_out4/sim/layer0_coeff_in1_out4.v" into library xil_defaultlib
INFO: [VRFC 10-311] analyzing module layer0_coeff_in1_out4
INFO: [VRFC 10-2263] Analyzing Verilog file "D:/KAN/FPGA_Prj/KAN_V1/KAN_V1.gen/sources_1/ip/layer0_coeff_in1_out3/sim/layer0_coeff_in1_out3.v" into library xil_defaultlib
INFO: [VRFC 10-311] analyzing module layer0_coeff_in1_out3
INFO: [VRFC 10-2263] Analyzing Verilog file "D:/KAN/FPGA_Prj/KAN_V1/KAN_V1.gen/sources_1/ip/layer0_coeff_in1_out2/sim/layer0_coeff_in1_out2.v" into library xil_defaultlib
INFO: [VRFC 10-311] analyzing module layer0_coeff_in1_out2
INFO: [VRFC 10-2263] Analyzing Verilog file "D:/KAN/FPGA_Prj/KAN_V1/KAN_V1.gen/sources_1/ip/layer0_coeff_in1_out1/sim/layer0_coeff_in1_out1.v" into library xil_defaultlib
INFO: [VRFC 10-311] analyzing module layer0_coeff_in1_out1
INFO: [VRFC 10-2263] Analyzing Verilog file "D:/KAN/FPGA_Prj/KAN_V1/KAN_V1.gen/sources_1/ip/layer0_coeff_in1_out0/sim/layer0_coeff_in1_out0.v" into library xil_defaultlib
INFO: [VRFC 10-311] analyzing module layer0_coeff_in1_out0
INFO: [VRFC 10-2263] Analyzing Verilog file "D:/KAN/FPGA_Prj/KAN_V1/KAN_V1.gen/sources_1/ip/layer0_coeff_in0_out4/sim/layer0_coeff_in0_out4.v" into library xil_defaultlib
INFO: [VRFC 10-311] analyzing module layer0_coeff_in0_out4
INFO: [VRFC 10-2263] Analyzing Verilog file "D:/KAN/FPGA_Prj/KAN_V1/KAN_V1.gen/sources_1/ip/layer0_coeff_in0_out3/sim/layer0_coeff_in0_out3.v" into library xil_defaultlib
INFO: [VRFC 10-311] analyzing module layer0_coeff_in0_out3
INFO: [VRFC 10-2263] Analyzing Verilog file "D:/KAN/FPGA_Prj/KAN_V1/KAN_V1.gen/sources_1/ip/layer0_coeff_in0_out2/sim/layer0_coeff_in0_out2.v" into library xil_defaultlib
INFO: [VRFC 10-311] analyzing module layer0_coeff_in0_out2
INFO: [VRFC 10-2263] Analyzing Verilog file "D:/KAN/FPGA_Prj/KAN_V1/KAN_V1.gen/sources_1/ip/layer0_coeff_in0_out1/sim/layer0_coeff_in0_out1.v" into library xil_defaultlib
INFO: [VRFC 10-311] analyzing module layer0_coeff_in0_out1
INFO: [VRFC 10-2263] Analyzing Verilog file "D:/KAN/FPGA_Prj/KAN_V1/KAN_V1.gen/sources_1/ip/layer0_coeff_in0_out0/sim/layer0_coeff_in0_out0.v" into library xil_defaultlib
INFO: [VRFC 10-311] analyzing module layer0_coeff_in0_out0
INFO: [VRFC 10-2263] Analyzing Verilog file "D:/KAN/FPGA_Prj/KAN_V1/KAN_V1.srcs/sources_1/new/BSU.v" into library xil_defaultlib
INFO: [VRFC 10-311] analyzing module BSU
INFO: [VRFC 10-2263] Analyzing Verilog file "D:/KAN/FPGA_Prj/KAN_V1/KAN_V1.srcs/sources_1/new/internal_finder.v" into library xil_defaultlib
INFO: [VRFC 10-311] analyzing module internal_finder
INFO: [VRFC 10-2263] Analyzing Verilog file "D:/KAN/FPGA_Prj/KAN_V1/KAN_V1.srcs/sources_1/new/mac.v" into library xil_defaultlib
INFO: [VRFC 10-311] analyzing module mac
INFO: [VRFC 10-2263] Analyzing Verilog file "D:/KAN/FPGA_Prj/KAN_V1/KAN_V1.srcs/sources_1/new/multiplier.v" into library xil_defaultlib
INFO: [VRFC 10-311] analyzing module multiplier
INFO: [USF-XSim-69] 'compile' step finished in '3' seconds
INFO: [USF-XSim-3] XSim::Elaborate design
INFO: [USF-XSim-61] Executing 'ELABORATE' step in 'D:/KAN/FPGA_Prj/KAN_V1/KAN_V1.sim/sim_1/behav/xsim'
"xelab --incr --debug typical --relax --mt 2 -L xil_defaultlib -L blk_mem_gen_v8_4_7 -L uvm -L unisims_ver -L unimacro_ver -L secureip -L xpm --snapshot tb_bsu_behav xil_defaultlib.tb_bsu xil_defaultlib.glbl -log elaborate.log"
ECHO 处于关闭状态。
ECHO 处于关闭状态。
Vivado Simulator v2023.2
Copyright 1986-2022 Xilinx, Inc. All Rights Reserved.
Copyright 2022-2023 Advanced Micro Devices, Inc. All Rights Reserved.
Running: D:/Xilinx/Vivado/2023.2/bin/unwrapped/win64.o/xelab.exe --incr --debug typical --relax --mt 2 -L xil_defaultlib -L blk_mem_gen_v8_4_7 -L uvm -L unisims_ver -L unimacro_ver -L secureip -L xpm --snapshot tb_bsu_behav xil_defaultlib.tb_bsu xil_defaultlib.glbl -log elaborate.log 
Using 2 slave threads.
Starting static elaboration
Pass Through NonSizing Optimizer
WARNING: [VRFC 10-3091] actual bit length 32 differs from formal bit length 5 for port 'channel0_cs' [D:/KAN/FPGA_Prj/KAN_V1/KAN_V1.srcs/sim_1/new/tb_bsu.v:46]
WARNING: [VRFC 10-3091] actual bit length 32 differs from formal bit length 7 for port 'addra' [D:/KAN/FPGA_Prj/KAN_V1/KAN_V1.srcs/sources_1/new/Coeff_Rom.sv:211]
WARNING: [VRFC 10-3091] actual bit length 32 differs from formal bit length 6 for port 'addra' [D:/KAN/FPGA_Prj/KAN_V1/KAN_V1.srcs/sources_1/new/Coeff_Rom.sv:217]
WARNING: [VRFC 10-3091] actual bit length 32 differs from formal bit length 6 for port 'addra' [D:/KAN/FPGA_Prj/KAN_V1/KAN_V1.srcs/sources_1/new/Coeff_Rom.sv:223]
WARNING: [VRFC 10-3091] actual bit length 32 differs from formal bit length 6 for port 'addra' [D:/KAN/FPGA_Prj/KAN_V1/KAN_V1.srcs/sources_1/new/Coeff_Rom.sv:229]
WARNING: [VRFC 10-3091] actual bit length 32 differs from formal bit length 6 for port 'addra' [D:/KAN/FPGA_Prj/KAN_V1/KAN_V1.srcs/sources_1/new/Coeff_Rom.sv:235]
WARNING: [VRFC 10-3091] actual bit length 32 differs from formal bit length 6 for port 'addra' [D:/KAN/FPGA_Prj/KAN_V1/KAN_V1.srcs/sources_1/new/Coeff_Rom.sv:243]
WARNING: [VRFC 10-3091] actual bit length 32 differs from formal bit length 6 for port 'addra' [D:/KAN/FPGA_Prj/KAN_V1/KAN_V1.srcs/sources_1/new/Coeff_Rom.sv:249]
WARNING: [VRFC 10-3091] actual bit length 32 differs from formal bit length 6 for port 'addra' [D:/KAN/FPGA_Prj/KAN_V1/KAN_V1.srcs/sources_1/new/Coeff_Rom.sv:255]
WARNING: [VRFC 10-3091] actual bit length 32 differs from formal bit length 6 for port 'addra' [D:/KAN/FPGA_Prj/KAN_V1/KAN_V1.srcs/sources_1/new/Coeff_Rom.sv:262]
WARNING: [VRFC 10-3091] actual bit length 32 differs from formal bit length 6 for port 'addra' [D:/KAN/FPGA_Prj/KAN_V1/KAN_V1.srcs/sources_1/new/Coeff_Rom.sv:269]
WARNING: [VRFC 10-3091] actual bit length 32 differs from formal bit length 6 for port 'addra' [D:/KAN/FPGA_Prj/KAN_V1/KAN_V1.srcs/sources_1/new/Coeff_Rom.sv:276]
WARNING: [VRFC 10-3091] actual bit length 32 differs from formal bit length 6 for port 'addra' [D:/KAN/FPGA_Prj/KAN_V1/KAN_V1.srcs/sources_1/new/Coeff_Rom.sv:282]
WARNING: [VRFC 10-3091] actual bit length 32 differs from formal bit length 6 for port 'addra' [D:/KAN/FPGA_Prj/KAN_V1/KAN_V1.srcs/sources_1/new/Coeff_Rom.sv:288]
WARNING: [VRFC 10-3091] actual bit length 32 differs from formal bit length 6 for port 'addra' [D:/KAN/FPGA_Prj/KAN_V1/KAN_V1.srcs/sources_1/new/Coeff_Rom.sv:294]
WARNING: [VRFC 10-3091] actual bit length 32 differs from formal bit length 6 for port 'addra' [D:/KAN/FPGA_Prj/KAN_V1/KAN_V1.srcs/sources_1/new/Coeff_Rom.sv:300]
WARNING: [VRFC 10-3091] actual bit length 32 differs from formal bit length 6 for port 'addra' [D:/KAN/FPGA_Prj/KAN_V1/KAN_V1.srcs/sources_1/new/Coeff_Rom.sv:307]
WARNING: [VRFC 10-3091] actual bit length 32 differs from formal bit length 6 for port 'addra' [D:/KAN/FPGA_Prj/KAN_V1/KAN_V1.srcs/sources_1/new/Coeff_Rom.sv:313]
WARNING: [VRFC 10-3091] actual bit length 32 differs from formal bit length 6 for port 'addra' [D:/KAN/FPGA_Prj/KAN_V1/KAN_V1.srcs/sources_1/new/Coeff_Rom.sv:319]
WARNING: [VRFC 10-3091] actual bit length 32 differs from formal bit length 6 for port 'addra' [D:/KAN/FPGA_Prj/KAN_V1/KAN_V1.srcs/sources_1/new/Coeff_Rom.sv:325]
WARNING: [VRFC 10-3091] actual bit length 32 differs from formal bit length 6 for port 'addra' [D:/KAN/FPGA_Prj/KAN_V1/KAN_V1.srcs/sources_1/new/Coeff_Rom.sv:331]
Completed static elaboration
Starting simulation data flow analysis
Completed simulation data flow analysis
Time Resolution for simulation is 1ps
Compiling module blk_mem_gen_v8_4_7.blk_mem_gen_v8_4_7_output_stage(...
Compiling module blk_mem_gen_v8_4_7.blk_mem_gen_v8_4_7_softecc_outpu...
Compiling module blk_mem_gen_v8_4_7.blk_mem_gen_v8_4_7_mem_module(C_...
Compiling module blk_mem_gen_v8_4_7.blk_mem_gen_v8_4_7(C_FAMILY="zyn...
Compiling module xil_defaultlib.layer0_coeff_in0_out0
Compiling module blk_mem_gen_v8_4_7.blk_mem_gen_v8_4_7_output_stage(...
Compiling module blk_mem_gen_v8_4_7.blk_mem_gen_v8_4_7_softecc_outpu...
Compiling module blk_mem_gen_v8_4_7.blk_mem_gen_v8_4_7_mem_module(C_...
Compiling module blk_mem_gen_v8_4_7.blk_mem_gen_v8_4_7(C_FAMILY="zyn...
Compiling module xil_defaultlib.layer0_coeff_in0_out1
Compiling module blk_mem_gen_v8_4_7.blk_mem_gen_v8_4_7_mem_module(C_...
Compiling module blk_mem_gen_v8_4_7.blk_mem_gen_v8_4_7(C_FAMILY="zyn...
Compiling module xil_defaultlib.layer0_coeff_in0_out2
Compiling module blk_mem_gen_v8_4_7.blk_mem_gen_v8_4_7_mem_module(C_...
Compiling module blk_mem_gen_v8_4_7.blk_mem_gen_v8_4_7(C_FAMILY="zyn...
Compiling module xil_defaultlib.layer0_coeff_in0_out3
Compiling module blk_mem_gen_v8_4_7.blk_mem_gen_v8_4_7_mem_module(C_...
Compiling module blk_mem_gen_v8_4_7.blk_mem_gen_v8_4_7(C_FAMILY="zyn...
Compiling module xil_defaultlib.layer0_coeff_in0_out4
Compiling module blk_mem_gen_v8_4_7.blk_mem_gen_v8_4_7_mem_module(C_...
Compiling module blk_mem_gen_v8_4_7.blk_mem_gen_v8_4_7(C_FAMILY="zyn...
Compiling module xil_defaultlib.layer0_coeff_in1_out0
Compiling module blk_mem_gen_v8_4_7.blk_mem_gen_v8_4_7_mem_module(C_...
Compiling module blk_mem_gen_v8_4_7.blk_mem_gen_v8_4_7(C_FAMILY="zyn...
Compiling module xil_defaultlib.layer0_coeff_in1_out1
Compiling module blk_mem_gen_v8_4_7.blk_mem_gen_v8_4_7_mem_module(C_...
Compiling module blk_mem_gen_v8_4_7.blk_mem_gen_v8_4_7(C_FAMILY="zyn...
Compiling module xil_defaultlib.layer0_coeff_in1_out2
Compiling module blk_mem_gen_v8_4_7.blk_mem_gen_v8_4_7_mem_module(C_...
Compiling module blk_mem_gen_v8_4_7.blk_mem_gen_v8_4_7(C_FAMILY="zyn...
Compiling module xil_defaultlib.layer0_coeff_in1_out3
Compiling module blk_mem_gen_v8_4_7.blk_mem_gen_v8_4_7_mem_module(C_...
Compiling module blk_mem_gen_v8_4_7.blk_mem_gen_v8_4_7(C_FAMILY="zyn...
Compiling module xil_defaultlib.layer0_coeff_in1_out4
Compiling module blk_mem_gen_v8_4_7.blk_mem_gen_v8_4_7_mem_module(C_...
Compiling module blk_mem_gen_v8_4_7.blk_mem_gen_v8_4_7(C_FAMILY="zyn...
Compiling module xil_defaultlib.layer0_coeff_in2_out0
Compiling module blk_mem_gen_v8_4_7.blk_mem_gen_v8_4_7_mem_module(C_...
Compiling module blk_mem_gen_v8_4_7.blk_mem_gen_v8_4_7(C_FAMILY="zyn...
Compiling module xil_defaultlib.layer0_coeff_in2_out1
Compiling module blk_mem_gen_v8_4_7.blk_mem_gen_v8_4_7_mem_module(C_...
Compiling module blk_mem_gen_v8_4_7.blk_mem_gen_v8_4_7(C_FAMILY="zyn...
Compiling module xil_defaultlib.layer0_coeff_in2_out2
Compiling module blk_mem_gen_v8_4_7.blk_mem_gen_v8_4_7_mem_module(C_...
Compiling module blk_mem_gen_v8_4_7.blk_mem_gen_v8_4_7(C_FAMILY="zyn...
Compiling module xil_defaultlib.layer0_coeff_in2_out3
Compiling module blk_mem_gen_v8_4_7.blk_mem_gen_v8_4_7_mem_module(C_...
Compiling module blk_mem_gen_v8_4_7.blk_mem_gen_v8_4_7(C_FAMILY="zyn...
Compiling module xil_defaultlib.layer0_coeff_in2_out4
Compiling module blk_mem_gen_v8_4_7.blk_mem_gen_v8_4_7_mem_module(C_...
Compiling module blk_mem_gen_v8_4_7.blk_mem_gen_v8_4_7(C_FAMILY="zyn...
Compiling module xil_defaultlib.layer1_coeff_in0_out0
Compiling module blk_mem_gen_v8_4_7.blk_mem_gen_v8_4_7_mem_module(C_...
Compiling module blk_mem_gen_v8_4_7.blk_mem_gen_v8_4_7(C_FAMILY="zyn...
Compiling module xil_defaultlib.layer1_coeff_in1_out0
Compiling module blk_mem_gen_v8_4_7.blk_mem_gen_v8_4_7_mem_module(C_...
Compiling module blk_mem_gen_v8_4_7.blk_mem_gen_v8_4_7(C_FAMILY="zyn...
Compiling module xil_defaultlib.layer1_coeff_in2_out0
Compiling module blk_mem_gen_v8_4_7.blk_mem_gen_v8_4_7_mem_module(C_...
Compiling module blk_mem_gen_v8_4_7.blk_mem_gen_v8_4_7(C_FAMILY="zyn...
Compiling module xil_defaultlib.layer1_coeff_in3_out0
Compiling module blk_mem_gen_v8_4_7.blk_mem_gen_v8_4_7_mem_module(C_...
Compiling module blk_mem_gen_v8_4_7.blk_mem_gen_v8_4_7(C_FAMILY="zyn...
Compiling module xil_defaultlib.layer1_coeff_in4_out0
Compiling module xil_defaultlib.Coeff_Rom
Compiling module xil_defaultlib.internal_finder
Compiling module xil_defaultlib.multiplier
Compiling module xil_defaultlib.mac
Compiling module xil_defaultlib.BSU
Compiling module xil_defaultlib.tb_bsu
Compiling module xil_defaultlib.glbl
Built simulation snapshot tb_bsu_behav
run_program: Time (s): cpu = 00:00:02 ; elapsed = 00:00:30 . Memory (MB): peak = 2792.711 ; gain = 0.000
INFO: [USF-XSim-69] 'elaborate' step finished in '31' seconds
INFO: [USF-XSim-4] XSim::Simulate design
INFO: [USF-XSim-61] Executing 'SIMULATE' step in 'D:/KAN/FPGA_Prj/KAN_V1/KAN_V1.sim/sim_1/behav/xsim'
INFO: [USF-XSim-98] *** Running xsim
   with args "tb_bsu_behav -key {Behavioral:sim_1:Functional:tb_bsu} -tclbatch {tb_bsu.tcl} -view {D:/KAN/FPGA_Prj/KAN_V1/tb_module_behav.wcfg} -log {simulate.log}"
INFO: [USF-XSim-8] Loading simulator feature
Time resolution is 1 ps
open_wave_config D:/KAN/FPGA_Prj/KAN_V1/tb_module_behav.wcfg
source tb_bsu.tcl
# set curr_wave [current_wave_config]
# if { [string length $curr_wave] == 0 } {
#   if { [llength [get_objects]] > 0} {
#     add_wave /
#     set_property needs_save false [current_wave_config]
#   } else {
#      send_msg_id Add_Wave-1 WARNING "No top level signals found. Simulator will start without a wave window. If you want to open a wave window go to 'File->New Waveform Configuration' or type 'create_wave_config' in the TCL console."
#   }
# }
# run 1000ns
 Block Memory Generator module loading initial data...
 Block Memory Generator data initialization complete.
Block Memory Generator module tb_bsu.ROM_TEST.bram0.inst.\native_mem_module.blk_mem_gen_v8_4_7_inst  is using a behavioral model for simulation which will not precisely model memory collision behavior.
 Block Memory Generator module loading initial data...
 Block Memory Generator data initialization complete.
Block Memory Generator module tb_bsu.ROM_TEST.bram1.inst.\native_mem_module.blk_mem_gen_v8_4_7_inst  is using a behavioral model for simulation which will not precisely model memory collision behavior.
 Block Memory Generator module loading initial data...
 Block Memory Generator data initialization complete.
Block Memory Generator module tb_bsu.ROM_TEST.bram2.inst.\native_mem_module.blk_mem_gen_v8_4_7_inst  is using a behavioral model for simulation which will not precisely model memory collision behavior.
 Block Memory Generator module loading initial data...
 Block Memory Generator data initialization complete.
Block Memory Generator module tb_bsu.ROM_TEST.bram3.inst.\native_mem_module.blk_mem_gen_v8_4_7_inst  is using a behavioral model for simulation which will not precisely model memory collision behavior.
 Block Memory Generator module loading initial data...
 Block Memory Generator data initialization complete.
Block Memory Generator module tb_bsu.ROM_TEST.bram4.inst.\native_mem_module.blk_mem_gen_v8_4_7_inst  is using a behavioral model for simulation which will not precisely model memory collision behavior.
 Block Memory Generator module loading initial data...
 Block Memory Generator data initialization complete.
Block Memory Generator module tb_bsu.ROM_TEST.bram5.inst.\native_mem_module.blk_mem_gen_v8_4_7_inst  is using a behavioral model for simulation which will not precisely model memory collision behavior.
 Block Memory Generator module loading initial data...
 Block Memory Generator data initialization complete.
Block Memory Generator module tb_bsu.ROM_TEST.bram6.inst.\native_mem_module.blk_mem_gen_v8_4_7_inst  is using a behavioral model for simulation which will not precisely model memory collision behavior.
 Block Memory Generator module loading initial data...
 Block Memory Generator data initialization complete.
Block Memory Generator module tb_bsu.ROM_TEST.bram7.inst.\native_mem_module.blk_mem_gen_v8_4_7_inst  is using a behavioral model for simulation which will not precisely model memory collision behavior.
 Block Memory Generator module loading initial data...
 Block Memory Generator data initialization complete.
Block Memory Generator module tb_bsu.ROM_TEST.bram8.inst.\native_mem_module.blk_mem_gen_v8_4_7_inst  is using a behavioral model for simulation which will not precisely model memory collision behavior.
 Block Memory Generator module loading initial data...
 Block Memory Generator data initialization complete.
Block Memory Generator module tb_bsu.ROM_TEST.bram9.inst.\native_mem_module.blk_mem_gen_v8_4_7_inst  is using a behavioral model for simulation which will not precisely model memory collision behavior.
 Block Memory Generator module loading initial data...
 Block Memory Generator data initialization complete.
Block Memory Generator module tb_bsu.ROM_TEST.bram10.inst.\native_mem_module.blk_mem_gen_v8_4_7_inst  is using a behavioral model for simulation which will not precisely model memory collision behavior.
 Block Memory Generator module loading initial data...
 Block Memory Generator data initialization complete.
Block Memory Generator module tb_bsu.ROM_TEST.bram11.inst.\native_mem_module.blk_mem_gen_v8_4_7_inst  is using a behavioral model for simulation which will not precisely model memory collision behavior.
 Block Memory Generator module loading initial data...
 Block Memory Generator data initialization complete.
Block Memory Generator module tb_bsu.ROM_TEST.bram12.inst.\native_mem_module.blk_mem_gen_v8_4_7_inst  is using a behavioral model for simulation which will not precisely model memory collision behavior.
 Block Memory Generator module loading initial data...
 Block Memory Generator data initialization complete.
Block Memory Generator module tb_bsu.ROM_TEST.bram13.inst.\native_mem_module.blk_mem_gen_v8_4_7_inst  is using a behavioral model for simulation which will not precisely model memory collision behavior.
 Block Memory Generator module loading initial data...
 Block Memory Generator data initialization complete.
Block Memory Generator module tb_bsu.ROM_TEST.bram14.inst.\native_mem_module.blk_mem_gen_v8_4_7_inst  is using a behavioral model for simulation which will not precisely model memory collision behavior.
 Block Memory Generator module loading initial data...
 Block Memory Generator data initialization complete.
Block Memory Generator module tb_bsu.ROM_TEST.bram15.inst.\native_mem_module.blk_mem_gen_v8_4_7_inst  is using a behavioral model for simulation which will not precisely model memory collision behavior.
 Block Memory Generator module loading initial data...
 Block Memory Generator data initialization complete.
Block Memory Generator module tb_bsu.ROM_TEST.bram16.inst.\native_mem_module.blk_mem_gen_v8_4_7_inst  is using a behavioral model for simulation which will not precisely model memory collision behavior.
 Block Memory Generator module loading initial data...
 Block Memory Generator data initialization complete.
Block Memory Generator module tb_bsu.ROM_TEST.bram17.inst.\native_mem_module.blk_mem_gen_v8_4_7_inst  is using a behavioral model for simulation which will not precisely model memory collision behavior.
 Block Memory Generator module loading initial data...
 Block Memory Generator data initialization complete.
Block Memory Generator module tb_bsu.ROM_TEST.bram18.inst.\native_mem_module.blk_mem_gen_v8_4_7_inst  is using a behavioral model for simulation which will not precisely model memory collision behavior.
 Block Memory Generator module loading initial data...
 Block Memory Generator data initialization complete.
Block Memory Generator module tb_bsu.ROM_TEST.bram19.inst.\native_mem_module.blk_mem_gen_v8_4_7_inst  is using a behavioral model for simulation which will not precisely model memory collision behavior.
INFO: [USF-XSim-96] XSim completed. Design snapshot 'tb_bsu_behav' loaded.
INFO: [USF-XSim-97] XSim simulation ran for 1000ns
launch_simulation: Time (s): cpu = 00:00:05 ; elapsed = 00:00:37 . Memory (MB): peak = 2792.711 ; gain = 0.000
close_sim
INFO: [Simtcl 6-16] Simulation closed
launch_simulation
Command: launch_simulation 
INFO: [Vivado 12-12493] Simulation top is 'tb_bsu'
WARNING: [Vivado 12-13340] Unable to auto find GCC executables from simulator install path! (path not set)
INFO: [Vivado 12-5682] Launching behavioral simulation in 'D:/KAN/FPGA_Prj/KAN_V1/KAN_V1.sim/sim_1/behav/xsim'
INFO: [SIM-utils-51] Simulation object is 'sim_1'
INFO: [SIM-utils-72] Using boost library from 'D:/Xilinx/Vivado/2023.2/tps/boost_1_72_0'
INFO: [USF-XSim-7] Finding pre-compiled libraries...
INFO: [USF-XSim-11] File 'D:/Xilinx/Vivado/2023.2/data/xsim/xsim.ini' copied to run dir:'D:/KAN/FPGA_Prj/KAN_V1/KAN_V1.sim/sim_1/behav/xsim'
INFO: [SIM-utils-54] Inspecting design source files for 'tb_bsu' in fileset 'sim_1'...
INFO: [SIM-utils-43] Exported 'D:/KAN/FPGA_Prj/KAN_V1/KAN_V1.sim/sim_1/behav/xsim/layer0_coeff_in0_out0.mif'
INFO: [SIM-utils-43] Exported 'D:/KAN/FPGA_Prj/KAN_V1/KAN_V1.sim/sim_1/behav/xsim/layer0_coeff_in0_out0.coe'
INFO: [SIM-utils-43] Exported 'D:/KAN/FPGA_Prj/KAN_V1/KAN_V1.sim/sim_1/behav/xsim/layer0_coeff_in0_out1.mif'
INFO: [SIM-utils-43] Exported 'D:/KAN/FPGA_Prj/KAN_V1/KAN_V1.sim/sim_1/behav/xsim/layer0_coeff_in0_out1.coe'
INFO: [SIM-utils-43] Exported 'D:/KAN/FPGA_Prj/KAN_V1/KAN_V1.sim/sim_1/behav/xsim/layer0_coeff_in0_out2.mif'
INFO: [SIM-utils-43] Exported 'D:/KAN/FPGA_Prj/KAN_V1/KAN_V1.sim/sim_1/behav/xsim/layer0_coeff_in0_out2.coe'
INFO: [SIM-utils-43] Exported 'D:/KAN/FPGA_Prj/KAN_V1/KAN_V1.sim/sim_1/behav/xsim/layer0_coeff_in0_out3.mif'
INFO: [SIM-utils-43] Exported 'D:/KAN/FPGA_Prj/KAN_V1/KAN_V1.sim/sim_1/behav/xsim/layer0_coeff_in0_out3.coe'
INFO: [SIM-utils-43] Exported 'D:/KAN/FPGA_Prj/KAN_V1/KAN_V1.sim/sim_1/behav/xsim/layer0_coeff_in0_out4.mif'
INFO: [SIM-utils-43] Exported 'D:/KAN/FPGA_Prj/KAN_V1/KAN_V1.sim/sim_1/behav/xsim/layer0_coeff_in0_out4.coe'
INFO: [SIM-utils-43] Exported 'D:/KAN/FPGA_Prj/KAN_V1/KAN_V1.sim/sim_1/behav/xsim/layer0_coeff_in1_out0.mif'
INFO: [SIM-utils-43] Exported 'D:/KAN/FPGA_Prj/KAN_V1/KAN_V1.sim/sim_1/behav/xsim/layer0_coeff_in1_out0.coe'
INFO: [SIM-utils-43] Exported 'D:/KAN/FPGA_Prj/KAN_V1/KAN_V1.sim/sim_1/behav/xsim/layer0_coeff_in1_out1.mif'
INFO: [SIM-utils-43] Exported 'D:/KAN/FPGA_Prj/KAN_V1/KAN_V1.sim/sim_1/behav/xsim/layer0_coeff_in1_out1.coe'
INFO: [SIM-utils-43] Exported 'D:/KAN/FPGA_Prj/KAN_V1/KAN_V1.sim/sim_1/behav/xsim/layer0_coeff_in1_out2.mif'
INFO: [SIM-utils-43] Exported 'D:/KAN/FPGA_Prj/KAN_V1/KAN_V1.sim/sim_1/behav/xsim/layer0_coeff_in1_out2.coe'
INFO: [SIM-utils-43] Exported 'D:/KAN/FPGA_Prj/KAN_V1/KAN_V1.sim/sim_1/behav/xsim/layer0_coeff_in1_out3.mif'
INFO: [SIM-utils-43] Exported 'D:/KAN/FPGA_Prj/KAN_V1/KAN_V1.sim/sim_1/behav/xsim/layer0_coeff_in1_out3.coe'
INFO: [SIM-utils-43] Exported 'D:/KAN/FPGA_Prj/KAN_V1/KAN_V1.sim/sim_1/behav/xsim/layer0_coeff_in1_out4.mif'
INFO: [SIM-utils-43] Exported 'D:/KAN/FPGA_Prj/KAN_V1/KAN_V1.sim/sim_1/behav/xsim/layer0_coeff_in1_out4.coe'
INFO: [SIM-utils-43] Exported 'D:/KAN/FPGA_Prj/KAN_V1/KAN_V1.sim/sim_1/behav/xsim/layer0_coeff_in2_out0.mif'
INFO: [SIM-utils-43] Exported 'D:/KAN/FPGA_Prj/KAN_V1/KAN_V1.sim/sim_1/behav/xsim/layer0_coeff_in2_out0.coe'
INFO: [SIM-utils-43] Exported 'D:/KAN/FPGA_Prj/KAN_V1/KAN_V1.sim/sim_1/behav/xsim/layer0_coeff_in2_out1.mif'
INFO: [SIM-utils-43] Exported 'D:/KAN/FPGA_Prj/KAN_V1/KAN_V1.sim/sim_1/behav/xsim/layer0_coeff_in2_out1.coe'
INFO: [SIM-utils-43] Exported 'D:/KAN/FPGA_Prj/KAN_V1/KAN_V1.sim/sim_1/behav/xsim/layer0_coeff_in2_out2.mif'
INFO: [SIM-utils-43] Exported 'D:/KAN/FPGA_Prj/KAN_V1/KAN_V1.sim/sim_1/behav/xsim/layer0_coeff_in2_out2.coe'
INFO: [SIM-utils-43] Exported 'D:/KAN/FPGA_Prj/KAN_V1/KAN_V1.sim/sim_1/behav/xsim/layer0_coeff_in2_out3.mif'
INFO: [SIM-utils-43] Exported 'D:/KAN/FPGA_Prj/KAN_V1/KAN_V1.sim/sim_1/behav/xsim/layer0_coeff_in2_out3.coe'
INFO: [SIM-utils-43] Exported 'D:/KAN/FPGA_Prj/KAN_V1/KAN_V1.sim/sim_1/behav/xsim/layer0_coeff_in2_out4.mif'
INFO: [SIM-utils-43] Exported 'D:/KAN/FPGA_Prj/KAN_V1/KAN_V1.sim/sim_1/behav/xsim/layer0_coeff_in2_out4.coe'
INFO: [SIM-utils-43] Exported 'D:/KAN/FPGA_Prj/KAN_V1/KAN_V1.sim/sim_1/behav/xsim/layer1_coeff_in0_out0.mif'
INFO: [SIM-utils-43] Exported 'D:/KAN/FPGA_Prj/KAN_V1/KAN_V1.sim/sim_1/behav/xsim/layer1_coeff_in0_out0.coe'
INFO: [SIM-utils-43] Exported 'D:/KAN/FPGA_Prj/KAN_V1/KAN_V1.sim/sim_1/behav/xsim/layer1_coeff_in1_out0.mif'
INFO: [SIM-utils-43] Exported 'D:/KAN/FPGA_Prj/KAN_V1/KAN_V1.sim/sim_1/behav/xsim/layer1_coeff_in1_out0.coe'
INFO: [SIM-utils-43] Exported 'D:/KAN/FPGA_Prj/KAN_V1/KAN_V1.sim/sim_1/behav/xsim/layer1_coeff_in2_out0.mif'
INFO: [SIM-utils-43] Exported 'D:/KAN/FPGA_Prj/KAN_V1/KAN_V1.sim/sim_1/behav/xsim/layer1_coeff_in2_out0.coe'
INFO: [SIM-utils-43] Exported 'D:/KAN/FPGA_Prj/KAN_V1/KAN_V1.sim/sim_1/behav/xsim/layer1_coeff_in3_out0.mif'
INFO: [SIM-utils-43] Exported 'D:/KAN/FPGA_Prj/KAN_V1/KAN_V1.sim/sim_1/behav/xsim/layer1_coeff_in3_out0.coe'
INFO: [SIM-utils-43] Exported 'D:/KAN/FPGA_Prj/KAN_V1/KAN_V1.sim/sim_1/behav/xsim/layer1_coeff_in4_out0.mif'
INFO: [SIM-utils-43] Exported 'D:/KAN/FPGA_Prj/KAN_V1/KAN_V1.sim/sim_1/behav/xsim/layer1_coeff_in4_out0.coe'
INFO: [USF-XSim-97] Finding global include files...
INFO: [USF-XSim-98] Fetching design files from 'sim_1'...
INFO: [USF-XSim-2] XSim::Compile design
INFO: [USF-XSim-61] Executing 'COMPILE and ANALYZE' step in 'D:/KAN/FPGA_Prj/KAN_V1/KAN_V1.sim/sim_1/behav/xsim'
"xvlog --incr --relax -L uvm -prj tb_bsu_vlog.prj"
ECHO 处于关闭状态。
ECHO 处于关闭状态。
INFO: [VRFC 10-2263] Analyzing Verilog file "D:/KAN/FPGA_Prj/KAN_V1/KAN_V1.gen/sources_1/ip/layer1_coeff_in4_out0/sim/layer1_coeff_in4_out0.v" into library xil_defaultlib
INFO: [VRFC 10-311] analyzing module layer1_coeff_in4_out0
INFO: [VRFC 10-2263] Analyzing Verilog file "D:/KAN/FPGA_Prj/KAN_V1/KAN_V1.gen/sources_1/ip/layer1_coeff_in3_out0/sim/layer1_coeff_in3_out0.v" into library xil_defaultlib
INFO: [VRFC 10-311] analyzing module layer1_coeff_in3_out0
INFO: [VRFC 10-2263] Analyzing Verilog file "D:/KAN/FPGA_Prj/KAN_V1/KAN_V1.gen/sources_1/ip/layer1_coeff_in2_out0/sim/layer1_coeff_in2_out0.v" into library xil_defaultlib
INFO: [VRFC 10-311] analyzing module layer1_coeff_in2_out0
INFO: [VRFC 10-2263] Analyzing Verilog file "D:/KAN/FPGA_Prj/KAN_V1/KAN_V1.gen/sources_1/ip/layer1_coeff_in1_out0/sim/layer1_coeff_in1_out0.v" into library xil_defaultlib
INFO: [VRFC 10-311] analyzing module layer1_coeff_in1_out0
INFO: [VRFC 10-2263] Analyzing Verilog file "D:/KAN/FPGA_Prj/KAN_V1/KAN_V1.gen/sources_1/ip/layer1_coeff_in0_out0/sim/layer1_coeff_in0_out0.v" into library xil_defaultlib
INFO: [VRFC 10-311] analyzing module layer1_coeff_in0_out0
INFO: [VRFC 10-2263] Analyzing Verilog file "D:/KAN/FPGA_Prj/KAN_V1/KAN_V1.gen/sources_1/ip/layer0_coeff_in2_out4/sim/layer0_coeff_in2_out4.v" into library xil_defaultlib
INFO: [VRFC 10-311] analyzing module layer0_coeff_in2_out4
INFO: [VRFC 10-2263] Analyzing Verilog file "D:/KAN/FPGA_Prj/KAN_V1/KAN_V1.gen/sources_1/ip/layer0_coeff_in2_out3/sim/layer0_coeff_in2_out3.v" into library xil_defaultlib
INFO: [VRFC 10-311] analyzing module layer0_coeff_in2_out3
INFO: [VRFC 10-2263] Analyzing Verilog file "D:/KAN/FPGA_Prj/KAN_V1/KAN_V1.gen/sources_1/ip/layer0_coeff_in2_out2/sim/layer0_coeff_in2_out2.v" into library xil_defaultlib
INFO: [VRFC 10-311] analyzing module layer0_coeff_in2_out2
INFO: [VRFC 10-2263] Analyzing Verilog file "D:/KAN/FPGA_Prj/KAN_V1/KAN_V1.gen/sources_1/ip/layer0_coeff_in2_out1/sim/layer0_coeff_in2_out1.v" into library xil_defaultlib
INFO: [VRFC 10-311] analyzing module layer0_coeff_in2_out1
INFO: [VRFC 10-2263] Analyzing Verilog file "D:/KAN/FPGA_Prj/KAN_V1/KAN_V1.gen/sources_1/ip/layer0_coeff_in2_out0/sim/layer0_coeff_in2_out0.v" into library xil_defaultlib
INFO: [VRFC 10-311] analyzing module layer0_coeff_in2_out0
INFO: [VRFC 10-2263] Analyzing Verilog file "D:/KAN/FPGA_Prj/KAN_V1/KAN_V1.gen/sources_1/ip/layer0_coeff_in1_out4/sim/layer0_coeff_in1_out4.v" into library xil_defaultlib
INFO: [VRFC 10-311] analyzing module layer0_coeff_in1_out4
INFO: [VRFC 10-2263] Analyzing Verilog file "D:/KAN/FPGA_Prj/KAN_V1/KAN_V1.gen/sources_1/ip/layer0_coeff_in1_out3/sim/layer0_coeff_in1_out3.v" into library xil_defaultlib
INFO: [VRFC 10-311] analyzing module layer0_coeff_in1_out3
INFO: [VRFC 10-2263] Analyzing Verilog file "D:/KAN/FPGA_Prj/KAN_V1/KAN_V1.gen/sources_1/ip/layer0_coeff_in1_out2/sim/layer0_coeff_in1_out2.v" into library xil_defaultlib
INFO: [VRFC 10-311] analyzing module layer0_coeff_in1_out2
INFO: [VRFC 10-2263] Analyzing Verilog file "D:/KAN/FPGA_Prj/KAN_V1/KAN_V1.gen/sources_1/ip/layer0_coeff_in1_out1/sim/layer0_coeff_in1_out1.v" into library xil_defaultlib
INFO: [VRFC 10-311] analyzing module layer0_coeff_in1_out1
INFO: [VRFC 10-2263] Analyzing Verilog file "D:/KAN/FPGA_Prj/KAN_V1/KAN_V1.gen/sources_1/ip/layer0_coeff_in1_out0/sim/layer0_coeff_in1_out0.v" into library xil_defaultlib
INFO: [VRFC 10-311] analyzing module layer0_coeff_in1_out0
INFO: [VRFC 10-2263] Analyzing Verilog file "D:/KAN/FPGA_Prj/KAN_V1/KAN_V1.gen/sources_1/ip/layer0_coeff_in0_out4/sim/layer0_coeff_in0_out4.v" into library xil_defaultlib
INFO: [VRFC 10-311] analyzing module layer0_coeff_in0_out4
INFO: [VRFC 10-2263] Analyzing Verilog file "D:/KAN/FPGA_Prj/KAN_V1/KAN_V1.gen/sources_1/ip/layer0_coeff_in0_out3/sim/layer0_coeff_in0_out3.v" into library xil_defaultlib
INFO: [VRFC 10-311] analyzing module layer0_coeff_in0_out3
INFO: [VRFC 10-2263] Analyzing Verilog file "D:/KAN/FPGA_Prj/KAN_V1/KAN_V1.gen/sources_1/ip/layer0_coeff_in0_out2/sim/layer0_coeff_in0_out2.v" into library xil_defaultlib
INFO: [VRFC 10-311] analyzing module layer0_coeff_in0_out2
INFO: [VRFC 10-2263] Analyzing Verilog file "D:/KAN/FPGA_Prj/KAN_V1/KAN_V1.gen/sources_1/ip/layer0_coeff_in0_out1/sim/layer0_coeff_in0_out1.v" into library xil_defaultlib
INFO: [VRFC 10-311] analyzing module layer0_coeff_in0_out1
INFO: [VRFC 10-2263] Analyzing Verilog file "D:/KAN/FPGA_Prj/KAN_V1/KAN_V1.gen/sources_1/ip/layer0_coeff_in0_out0/sim/layer0_coeff_in0_out0.v" into library xil_defaultlib
INFO: [VRFC 10-311] analyzing module layer0_coeff_in0_out0
INFO: [VRFC 10-2263] Analyzing Verilog file "D:/KAN/FPGA_Prj/KAN_V1/KAN_V1.srcs/sources_1/new/BSU.v" into library xil_defaultlib
INFO: [VRFC 10-311] analyzing module BSU
INFO: [VRFC 10-2263] Analyzing Verilog file "D:/KAN/FPGA_Prj/KAN_V1/KAN_V1.srcs/sources_1/new/internal_finder.v" into library xil_defaultlib
INFO: [VRFC 10-311] analyzing module internal_finder
INFO: [VRFC 10-2263] Analyzing Verilog file "D:/KAN/FPGA_Prj/KAN_V1/KAN_V1.srcs/sources_1/new/mac.v" into library xil_defaultlib
INFO: [VRFC 10-311] analyzing module mac
INFO: [VRFC 10-2263] Analyzing Verilog file "D:/KAN/FPGA_Prj/KAN_V1/KAN_V1.srcs/sources_1/new/multiplier.v" into library xil_defaultlib
INFO: [VRFC 10-311] analyzing module multiplier
INFO: [USF-XSim-69] 'compile' step finished in '4' seconds
INFO: [USF-XSim-3] XSim::Elaborate design
INFO: [USF-XSim-61] Executing 'ELABORATE' step in 'D:/KAN/FPGA_Prj/KAN_V1/KAN_V1.sim/sim_1/behav/xsim'
"xelab --incr --debug typical --relax --mt 2 -L xil_defaultlib -L blk_mem_gen_v8_4_7 -L uvm -L unisims_ver -L unimacro_ver -L secureip -L xpm --snapshot tb_bsu_behav xil_defaultlib.tb_bsu xil_defaultlib.glbl -log elaborate.log"
ECHO 处于关闭状态。
ECHO 处于关闭状态。
Vivado Simulator v2023.2
Copyright 1986-2022 Xilinx, Inc. All Rights Reserved.
Copyright 2022-2023 Advanced Micro Devices, Inc. All Rights Reserved.
Running: D:/Xilinx/Vivado/2023.2/bin/unwrapped/win64.o/xelab.exe --incr --debug typical --relax --mt 2 -L xil_defaultlib -L blk_mem_gen_v8_4_7 -L uvm -L unisims_ver -L unimacro_ver -L secureip -L xpm --snapshot tb_bsu_behav xil_defaultlib.tb_bsu xil_defaultlib.glbl -log elaborate.log 
Using 2 slave threads.
Starting static elaboration
Pass Through NonSizing Optimizer
WARNING: [VRFC 10-3091] actual bit length 32 differs from formal bit length 5 for port 'channel0_cs' [D:/KAN/FPGA_Prj/KAN_V1/KAN_V1.srcs/sim_1/new/tb_bsu.v:46]
WARNING: [VRFC 10-3091] actual bit length 32 differs from formal bit length 7 for port 'addra' [D:/KAN/FPGA_Prj/KAN_V1/KAN_V1.srcs/sources_1/new/Coeff_Rom.sv:211]
WARNING: [VRFC 10-3091] actual bit length 32 differs from formal bit length 6 for port 'addra' [D:/KAN/FPGA_Prj/KAN_V1/KAN_V1.srcs/sources_1/new/Coeff_Rom.sv:217]
WARNING: [VRFC 10-3091] actual bit length 32 differs from formal bit length 6 for port 'addra' [D:/KAN/FPGA_Prj/KAN_V1/KAN_V1.srcs/sources_1/new/Coeff_Rom.sv:223]
WARNING: [VRFC 10-3091] actual bit length 32 differs from formal bit length 6 for port 'addra' [D:/KAN/FPGA_Prj/KAN_V1/KAN_V1.srcs/sources_1/new/Coeff_Rom.sv:229]
WARNING: [VRFC 10-3091] actual bit length 32 differs from formal bit length 6 for port 'addra' [D:/KAN/FPGA_Prj/KAN_V1/KAN_V1.srcs/sources_1/new/Coeff_Rom.sv:235]
WARNING: [VRFC 10-3091] actual bit length 32 differs from formal bit length 6 for port 'addra' [D:/KAN/FPGA_Prj/KAN_V1/KAN_V1.srcs/sources_1/new/Coeff_Rom.sv:243]
WARNING: [VRFC 10-3091] actual bit length 32 differs from formal bit length 6 for port 'addra' [D:/KAN/FPGA_Prj/KAN_V1/KAN_V1.srcs/sources_1/new/Coeff_Rom.sv:249]
WARNING: [VRFC 10-3091] actual bit length 32 differs from formal bit length 6 for port 'addra' [D:/KAN/FPGA_Prj/KAN_V1/KAN_V1.srcs/sources_1/new/Coeff_Rom.sv:255]
WARNING: [VRFC 10-3091] actual bit length 32 differs from formal bit length 6 for port 'addra' [D:/KAN/FPGA_Prj/KAN_V1/KAN_V1.srcs/sources_1/new/Coeff_Rom.sv:262]
WARNING: [VRFC 10-3091] actual bit length 32 differs from formal bit length 6 for port 'addra' [D:/KAN/FPGA_Prj/KAN_V1/KAN_V1.srcs/sources_1/new/Coeff_Rom.sv:269]
WARNING: [VRFC 10-3091] actual bit length 32 differs from formal bit length 6 for port 'addra' [D:/KAN/FPGA_Prj/KAN_V1/KAN_V1.srcs/sources_1/new/Coeff_Rom.sv:276]
WARNING: [VRFC 10-3091] actual bit length 32 differs from formal bit length 6 for port 'addra' [D:/KAN/FPGA_Prj/KAN_V1/KAN_V1.srcs/sources_1/new/Coeff_Rom.sv:282]
WARNING: [VRFC 10-3091] actual bit length 32 differs from formal bit length 6 for port 'addra' [D:/KAN/FPGA_Prj/KAN_V1/KAN_V1.srcs/sources_1/new/Coeff_Rom.sv:288]
WARNING: [VRFC 10-3091] actual bit length 32 differs from formal bit length 6 for port 'addra' [D:/KAN/FPGA_Prj/KAN_V1/KAN_V1.srcs/sources_1/new/Coeff_Rom.sv:294]
WARNING: [VRFC 10-3091] actual bit length 32 differs from formal bit length 6 for port 'addra' [D:/KAN/FPGA_Prj/KAN_V1/KAN_V1.srcs/sources_1/new/Coeff_Rom.sv:300]
WARNING: [VRFC 10-3091] actual bit length 32 differs from formal bit length 6 for port 'addra' [D:/KAN/FPGA_Prj/KAN_V1/KAN_V1.srcs/sources_1/new/Coeff_Rom.sv:307]
WARNING: [VRFC 10-3091] actual bit length 32 differs from formal bit length 6 for port 'addra' [D:/KAN/FPGA_Prj/KAN_V1/KAN_V1.srcs/sources_1/new/Coeff_Rom.sv:313]
WARNING: [VRFC 10-3091] actual bit length 32 differs from formal bit length 6 for port 'addra' [D:/KAN/FPGA_Prj/KAN_V1/KAN_V1.srcs/sources_1/new/Coeff_Rom.sv:319]
WARNING: [VRFC 10-3091] actual bit length 32 differs from formal bit length 6 for port 'addra' [D:/KAN/FPGA_Prj/KAN_V1/KAN_V1.srcs/sources_1/new/Coeff_Rom.sv:325]
WARNING: [VRFC 10-3091] actual bit length 32 differs from formal bit length 6 for port 'addra' [D:/KAN/FPGA_Prj/KAN_V1/KAN_V1.srcs/sources_1/new/Coeff_Rom.sv:331]
Completed static elaboration
Starting simulation data flow analysis
Completed simulation data flow analysis
Time Resolution for simulation is 1ps
Compiling module blk_mem_gen_v8_4_7.blk_mem_gen_v8_4_7_output_stage(...
Compiling module blk_mem_gen_v8_4_7.blk_mem_gen_v8_4_7_softecc_outpu...
Compiling module blk_mem_gen_v8_4_7.blk_mem_gen_v8_4_7_mem_module(C_...
Compiling module blk_mem_gen_v8_4_7.blk_mem_gen_v8_4_7(C_FAMILY="zyn...
Compiling module xil_defaultlib.layer0_coeff_in0_out0
Compiling module blk_mem_gen_v8_4_7.blk_mem_gen_v8_4_7_output_stage(...
Compiling module blk_mem_gen_v8_4_7.blk_mem_gen_v8_4_7_softecc_outpu...
Compiling module blk_mem_gen_v8_4_7.blk_mem_gen_v8_4_7_mem_module(C_...
Compiling module blk_mem_gen_v8_4_7.blk_mem_gen_v8_4_7(C_FAMILY="zyn...
Compiling module xil_defaultlib.layer0_coeff_in0_out1
Compiling module blk_mem_gen_v8_4_7.blk_mem_gen_v8_4_7_mem_module(C_...
Compiling module blk_mem_gen_v8_4_7.blk_mem_gen_v8_4_7(C_FAMILY="zyn...
Compiling module xil_defaultlib.layer0_coeff_in0_out2
Compiling module blk_mem_gen_v8_4_7.blk_mem_gen_v8_4_7_mem_module(C_...
Compiling module blk_mem_gen_v8_4_7.blk_mem_gen_v8_4_7(C_FAMILY="zyn...
Compiling module xil_defaultlib.layer0_coeff_in0_out3
Compiling module blk_mem_gen_v8_4_7.blk_mem_gen_v8_4_7_mem_module(C_...
Compiling module blk_mem_gen_v8_4_7.blk_mem_gen_v8_4_7(C_FAMILY="zyn...
Compiling module xil_defaultlib.layer0_coeff_in0_out4
Compiling module blk_mem_gen_v8_4_7.blk_mem_gen_v8_4_7_mem_module(C_...
Compiling module blk_mem_gen_v8_4_7.blk_mem_gen_v8_4_7(C_FAMILY="zyn...
Compiling module xil_defaultlib.layer0_coeff_in1_out0
Compiling module blk_mem_gen_v8_4_7.blk_mem_gen_v8_4_7_mem_module(C_...
Compiling module blk_mem_gen_v8_4_7.blk_mem_gen_v8_4_7(C_FAMILY="zyn...
Compiling module xil_defaultlib.layer0_coeff_in1_out1
Compiling module blk_mem_gen_v8_4_7.blk_mem_gen_v8_4_7_mem_module(C_...
Compiling module blk_mem_gen_v8_4_7.blk_mem_gen_v8_4_7(C_FAMILY="zyn...
Compiling module xil_defaultlib.layer0_coeff_in1_out2
Compiling module blk_mem_gen_v8_4_7.blk_mem_gen_v8_4_7_mem_module(C_...
Compiling module blk_mem_gen_v8_4_7.blk_mem_gen_v8_4_7(C_FAMILY="zyn...
Compiling module xil_defaultlib.layer0_coeff_in1_out3
Compiling module blk_mem_gen_v8_4_7.blk_mem_gen_v8_4_7_mem_module(C_...
Compiling module blk_mem_gen_v8_4_7.blk_mem_gen_v8_4_7(C_FAMILY="zyn...
Compiling module xil_defaultlib.layer0_coeff_in1_out4
Compiling module blk_mem_gen_v8_4_7.blk_mem_gen_v8_4_7_mem_module(C_...
Compiling module blk_mem_gen_v8_4_7.blk_mem_gen_v8_4_7(C_FAMILY="zyn...
Compiling module xil_defaultlib.layer0_coeff_in2_out0
Compiling module blk_mem_gen_v8_4_7.blk_mem_gen_v8_4_7_mem_module(C_...
Compiling module blk_mem_gen_v8_4_7.blk_mem_gen_v8_4_7(C_FAMILY="zyn...
Compiling module xil_defaultlib.layer0_coeff_in2_out1
Compiling module blk_mem_gen_v8_4_7.blk_mem_gen_v8_4_7_mem_module(C_...
Compiling module blk_mem_gen_v8_4_7.blk_mem_gen_v8_4_7(C_FAMILY="zyn...
Compiling module xil_defaultlib.layer0_coeff_in2_out2
Compiling module blk_mem_gen_v8_4_7.blk_mem_gen_v8_4_7_mem_module(C_...
Compiling module blk_mem_gen_v8_4_7.blk_mem_gen_v8_4_7(C_FAMILY="zyn...
Compiling module xil_defaultlib.layer0_coeff_in2_out3
Compiling module blk_mem_gen_v8_4_7.blk_mem_gen_v8_4_7_mem_module(C_...
Compiling module blk_mem_gen_v8_4_7.blk_mem_gen_v8_4_7(C_FAMILY="zyn...
Compiling module xil_defaultlib.layer0_coeff_in2_out4
Compiling module blk_mem_gen_v8_4_7.blk_mem_gen_v8_4_7_mem_module(C_...
Compiling module blk_mem_gen_v8_4_7.blk_mem_gen_v8_4_7(C_FAMILY="zyn...
Compiling module xil_defaultlib.layer1_coeff_in0_out0
Compiling module blk_mem_gen_v8_4_7.blk_mem_gen_v8_4_7_mem_module(C_...
Compiling module blk_mem_gen_v8_4_7.blk_mem_gen_v8_4_7(C_FAMILY="zyn...
Compiling module xil_defaultlib.layer1_coeff_in1_out0
Compiling module blk_mem_gen_v8_4_7.blk_mem_gen_v8_4_7_mem_module(C_...
Compiling module blk_mem_gen_v8_4_7.blk_mem_gen_v8_4_7(C_FAMILY="zyn...
Compiling module xil_defaultlib.layer1_coeff_in2_out0
Compiling module blk_mem_gen_v8_4_7.blk_mem_gen_v8_4_7_mem_module(C_...
Compiling module blk_mem_gen_v8_4_7.blk_mem_gen_v8_4_7(C_FAMILY="zyn...
Compiling module xil_defaultlib.layer1_coeff_in3_out0
Compiling module blk_mem_gen_v8_4_7.blk_mem_gen_v8_4_7_mem_module(C_...
Compiling module blk_mem_gen_v8_4_7.blk_mem_gen_v8_4_7(C_FAMILY="zyn...
Compiling module xil_defaultlib.layer1_coeff_in4_out0
Compiling module xil_defaultlib.Coeff_Rom
Compiling module xil_defaultlib.internal_finder
Compiling module xil_defaultlib.multiplier
Compiling module xil_defaultlib.mac
Compiling module xil_defaultlib.BSU
Compiling module xil_defaultlib.tb_bsu
Compiling module xil_defaultlib.glbl
Built simulation snapshot tb_bsu_behav
run_program: Time (s): cpu = 00:00:02 ; elapsed = 00:00:27 . Memory (MB): peak = 2792.711 ; gain = 0.000
INFO: [USF-XSim-69] 'elaborate' step finished in '27' seconds
INFO: [USF-XSim-4] XSim::Simulate design
INFO: [USF-XSim-61] Executing 'SIMULATE' step in 'D:/KAN/FPGA_Prj/KAN_V1/KAN_V1.sim/sim_1/behav/xsim'
INFO: [USF-XSim-98] *** Running xsim
   with args "tb_bsu_behav -key {Behavioral:sim_1:Functional:tb_bsu} -tclbatch {tb_bsu.tcl} -view {D:/KAN/FPGA_Prj/KAN_V1/tb_module_behav.wcfg} -log {simulate.log}"
INFO: [USF-XSim-8] Loading simulator feature
Time resolution is 1 ps
open_wave_config D:/KAN/FPGA_Prj/KAN_V1/tb_module_behav.wcfg
source tb_bsu.tcl
# set curr_wave [current_wave_config]
# if { [string length $curr_wave] == 0 } {
#   if { [llength [get_objects]] > 0} {
#     add_wave /
#     set_property needs_save false [current_wave_config]
#   } else {
#      send_msg_id Add_Wave-1 WARNING "No top level signals found. Simulator will start without a wave window. If you want to open a wave window go to 'File->New Waveform Configuration' or type 'create_wave_config' in the TCL console."
#   }
# }
# run 1000ns
 Block Memory Generator module loading initial data...
 Block Memory Generator data initialization complete.
Block Memory Generator module tb_bsu.ROM_TEST.bram0.inst.\native_mem_module.blk_mem_gen_v8_4_7_inst  is using a behavioral model for simulation which will not precisely model memory collision behavior.
 Block Memory Generator module loading initial data...
 Block Memory Generator data initialization complete.
Block Memory Generator module tb_bsu.ROM_TEST.bram1.inst.\native_mem_module.blk_mem_gen_v8_4_7_inst  is using a behavioral model for simulation which will not precisely model memory collision behavior.
 Block Memory Generator module loading initial data...
 Block Memory Generator data initialization complete.
Block Memory Generator module tb_bsu.ROM_TEST.bram2.inst.\native_mem_module.blk_mem_gen_v8_4_7_inst  is using a behavioral model for simulation which will not precisely model memory collision behavior.
 Block Memory Generator module loading initial data...
 Block Memory Generator data initialization complete.
Block Memory Generator module tb_bsu.ROM_TEST.bram3.inst.\native_mem_module.blk_mem_gen_v8_4_7_inst  is using a behavioral model for simulation which will not precisely model memory collision behavior.
 Block Memory Generator module loading initial data...
 Block Memory Generator data initialization complete.
Block Memory Generator module tb_bsu.ROM_TEST.bram4.inst.\native_mem_module.blk_mem_gen_v8_4_7_inst  is using a behavioral model for simulation which will not precisely model memory collision behavior.
 Block Memory Generator module loading initial data...
 Block Memory Generator data initialization complete.
Block Memory Generator module tb_bsu.ROM_TEST.bram5.inst.\native_mem_module.blk_mem_gen_v8_4_7_inst  is using a behavioral model for simulation which will not precisely model memory collision behavior.
 Block Memory Generator module loading initial data...
 Block Memory Generator data initialization complete.
Block Memory Generator module tb_bsu.ROM_TEST.bram6.inst.\native_mem_module.blk_mem_gen_v8_4_7_inst  is using a behavioral model for simulation which will not precisely model memory collision behavior.
 Block Memory Generator module loading initial data...
 Block Memory Generator data initialization complete.
Block Memory Generator module tb_bsu.ROM_TEST.bram7.inst.\native_mem_module.blk_mem_gen_v8_4_7_inst  is using a behavioral model for simulation which will not precisely model memory collision behavior.
 Block Memory Generator module loading initial data...
 Block Memory Generator data initialization complete.
Block Memory Generator module tb_bsu.ROM_TEST.bram8.inst.\native_mem_module.blk_mem_gen_v8_4_7_inst  is using a behavioral model for simulation which will not precisely model memory collision behavior.
 Block Memory Generator module loading initial data...
 Block Memory Generator data initialization complete.
Block Memory Generator module tb_bsu.ROM_TEST.bram9.inst.\native_mem_module.blk_mem_gen_v8_4_7_inst  is using a behavioral model for simulation which will not precisely model memory collision behavior.
 Block Memory Generator module loading initial data...
 Block Memory Generator data initialization complete.
Block Memory Generator module tb_bsu.ROM_TEST.bram10.inst.\native_mem_module.blk_mem_gen_v8_4_7_inst  is using a behavioral model for simulation which will not precisely model memory collision behavior.
 Block Memory Generator module loading initial data...
 Block Memory Generator data initialization complete.
Block Memory Generator module tb_bsu.ROM_TEST.bram11.inst.\native_mem_module.blk_mem_gen_v8_4_7_inst  is using a behavioral model for simulation which will not precisely model memory collision behavior.
 Block Memory Generator module loading initial data...
 Block Memory Generator data initialization complete.
Block Memory Generator module tb_bsu.ROM_TEST.bram12.inst.\native_mem_module.blk_mem_gen_v8_4_7_inst  is using a behavioral model for simulation which will not precisely model memory collision behavior.
 Block Memory Generator module loading initial data...
 Block Memory Generator data initialization complete.
Block Memory Generator module tb_bsu.ROM_TEST.bram13.inst.\native_mem_module.blk_mem_gen_v8_4_7_inst  is using a behavioral model for simulation which will not precisely model memory collision behavior.
 Block Memory Generator module loading initial data...
 Block Memory Generator data initialization complete.
Block Memory Generator module tb_bsu.ROM_TEST.bram14.inst.\native_mem_module.blk_mem_gen_v8_4_7_inst  is using a behavioral model for simulation which will not precisely model memory collision behavior.
 Block Memory Generator module loading initial data...
 Block Memory Generator data initialization complete.
Block Memory Generator module tb_bsu.ROM_TEST.bram15.inst.\native_mem_module.blk_mem_gen_v8_4_7_inst  is using a behavioral model for simulation which will not precisely model memory collision behavior.
 Block Memory Generator module loading initial data...
 Block Memory Generator data initialization complete.
Block Memory Generator module tb_bsu.ROM_TEST.bram16.inst.\native_mem_module.blk_mem_gen_v8_4_7_inst  is using a behavioral model for simulation which will not precisely model memory collision behavior.
 Block Memory Generator module loading initial data...
 Block Memory Generator data initialization complete.
Block Memory Generator module tb_bsu.ROM_TEST.bram17.inst.\native_mem_module.blk_mem_gen_v8_4_7_inst  is using a behavioral model for simulation which will not precisely model memory collision behavior.
 Block Memory Generator module loading initial data...
 Block Memory Generator data initialization complete.
Block Memory Generator module tb_bsu.ROM_TEST.bram18.inst.\native_mem_module.blk_mem_gen_v8_4_7_inst  is using a behavioral model for simulation which will not precisely model memory collision behavior.
 Block Memory Generator module loading initial data...
 Block Memory Generator data initialization complete.
Block Memory Generator module tb_bsu.ROM_TEST.bram19.inst.\native_mem_module.blk_mem_gen_v8_4_7_inst  is using a behavioral model for simulation which will not precisely model memory collision behavior.
INFO: [USF-XSim-96] XSim completed. Design snapshot 'tb_bsu_behav' loaded.
INFO: [USF-XSim-97] XSim simulation ran for 1000ns
launch_simulation: Time (s): cpu = 00:00:04 ; elapsed = 00:00:35 . Memory (MB): peak = 2792.711 ; gain = 0.000
save_wave_config {D:/KAN/FPGA_Prj/KAN_V1/tb_module_behav.wcfg}
close_sim
INFO: [Simtcl 6-16] Simulation closed
launch_simulation
Command: launch_simulation 
INFO: [Vivado 12-12493] Simulation top is 'tb_bsu'
WARNING: [Vivado 12-13340] Unable to auto find GCC executables from simulator install path! (path not set)
boost::filesystem::remove: 另一个程序正在使用此文件，进程无法访问。: "D:/KAN/FPGA_Prj/KAN_V1/KAN_V1.sim/sim_1/behav/xsim/simulate.log"
exit
INFO: [Common 17-206] Exiting Vivado at Fri Jan  9 23:07:41 2026...
