#
# A fatal error has been detected by the Java Runtime Environment:
#
#  EXCEPTION_ACCESS_VIOLATION (0xc0000005) at pc=0x00007ff914c5fbcf, pid=9248, tid=3608
#
# JRE version: OpenJDK Runtime Environment Temurin-17.0.7+7 (17.0.7+7) (build 17.0.7+7)
# Java VM: OpenJDK 64-Bit Server VM Temurin-17.0.7+7 (17.0.7+7, mixed mode, sharing, tiered, compressed oops, compressed class ptrs, g1 gc, windows-amd64)
# Problematic frame:
# C  [librdi_coregen.dll+0x50fbcf]
#
# No core dump will be written. Minidumps are not enabled by default on client versions of Windows
#
# If you would like to submit a bug report, please visit:
#   https://github.com/adoptium/adoptium-support/issues
# The crash happened outside the Java Virtual Machine in native code.
# See problematic frame for where to report the bug.
#

---------------  S U M M A R Y ------------

Command Line: -Dsun.java2d.pmoffscreen=false -Dhttps.protocols=TLSv1,TLSv1.1,TLSv1.2 -Dsun.java2d.xrender=false -Dsun.java2d.d3d=false -Dsun.awt.nopixfmt=true -Dsun.java2d.dpiaware=true -Dsun.java2d.uiScale.enabled=false -Dswing.aatext=true -XX:-UsePerfData -Djdk.map.althashing.threshold=512 -XX:StringTableSize=4072 -XX:+UseStringDeduplication -XX:MaxGCPauseMillis=200 -XX:+ParallelRefProcEnabled --add-opens=java.desktop/javax.swing.plaf.synth=ALL-UNNAMED --add-opens=java.base/java.nio=ALL-UNNAMED --add-opens=java.desktop/sun.swing=ALL-UNNAMED --add-opens=java.desktop/javax.swing=ALL-UNNAMED --add-opens=java.desktop/javax.swing.tree=ALL-UNNAMED --add-opens=java.desktop/javax.swing.plaf.basic=ALL-UNNAMED --add-opens=java.desktop/javax.swing.plaf.synth=ALL-UNNAMED --add-opens=java.desktop/javax.swing.plaf.basic=ALL-UNNAMED --add-opens=java.desktop/javax.swing=ALL-UNNAMED --add-opens=java.desktop/javax.swing.tree=ALL-UNNAMED --add-opens=java.desktop/java.awt.event=ALL-UNNAMED --add-exports=java.desktop/javax.swing.plaf.synth=ALL-UNNAMED --add-exports=java.base/java.nio=ALL-UNNAMED --add-exports=java.desktop/sun.swing=ALL-UNNAMED --add-exports=java.desktop/javax.swing=ALL-UNNAMED --add-exports=java.desktop/javax.swing.tree=ALL-UNNAMED --add-exports=java.desktop/javax.swing.plaf.basic=ALL-UNNAMED --add-exports=java.desktop/sun.swing=ALL-UNNAMED --add-exports=java.desktop/sun.swing.table=ALL-UNNAMED --add-exports=java.desktop/sun.swing.plaf.synth=ALL-UNNAMED --add-exports=java.desktop/sun.awt.shell=ALL-UNNAMED --add-exports=java.base/sun.security.action=ALL-UNNAMED --add-exports=java.desktop/sun.font=ALL-UNNAMED -XX:NewSize=80m -XX:MaxNewSize=80m -Xms512m -Xmx4072m -Xss10m 

Host: AMD Ryzen 7 4800H with Radeon Graphics         , 16 cores, 13G,  Windows 11 , 64 bit Build 26100 (10.0.26100.7309)
Time: Fri Jan  9 20:40:15 2026  Windows 11 , 64 bit Build 26100 (10.0.26100.7309) elapsed time: 74090.716329 seconds (0d 20h 34m 50s)

---------------  T H R E A D  ---------------

Current thread (0x000001af4ad7c760):  JavaThread "AWT-EventQueue-0" [_thread_in_native, id=3608, stack(0x0000003998c00000,0x0000003999600000)]

Stack: [0x0000003998c00000,0x0000003999600000],  sp=0x00000039995fdae0,  free space=10230k
Native frames: (J=compiled Java code, j=interpreted, Vv=VM code, C=native code)
C  [librdi_coregen.dll+0x50fbcf]
C  0x000001af6509701d

Java frames: (J=compiled Java code, j=interpreted, Vv=VM code)
J 26115  ui.customizerjni.HACGCJModelJNI.HACGCGuiCommon_getName(JLui/customizerjni/HACGCGuiCommon;)Ljava/lang/String; (0 bytes) @ 0x000001af65096f7d [0x000001af65096f20+0x000000000000005d]
J 26455 c1 ui.data.coregen.a.D$a.getListCellRendererComponent(Ljavax/swing/JList;Ljava/lang/Object;IZZ)Ljava/awt/Component; (102 bytes) @ 0x000001af5c750b9c [0x000001af5c7505e0+0x00000000000005bc]
J 25797 c1 javax.swing.plaf.basic.BasicListUI.updateLayoutState()V java.desktop@17.0.7 (285 bytes) @ 0x000001af5ea70b94 [0x000001af5ea70220+0x0000000000000974]
J 28338 c1 javax.swing.plaf.basic.BasicListUI$Handler.valueChanged(Ljavax/swing/event/ListSelectionEvent;)V java.desktop@17.0.7 (109 bytes) @ 0x000001af5d83b34c [0x000001af5d83b140+0x000000000000020c]
J 20961 c1 javax.swing.DefaultListSelectionModel.fireValueChanged(IIZ)V java.desktop@17.0.7 (76 bytes) @ 0x000001af5e4ce464 [0x000001af5e4cdf80+0x00000000000004e4]
J 22372 c1 javax.swing.DefaultListSelectionModel.fireValueChanged(II)V java.desktop@17.0.7 (11 bytes) @ 0x000001af5dd94754 [0x000001af5dd945c0+0x0000000000000194]
J 20923 c2 javax.swing.DefaultListSelectionModel.fireValueChanged()V java.desktop@17.0.7 (74 bytes) @ 0x000001af6509c62c [0x000001af6509c5a0+0x000000000000008c]
J 25268 c1 javax.swing.DefaultListSelectionModel.changeSelection(IIIIZ)V java.desktop@17.0.7 (96 bytes) @ 0x000001af5e96b244 [0x000001af5e96aca0+0x00000000000005a4]
J 25060 c1 javax.swing.DefaultListSelectionModel.changeSelection(IIII)V java.desktop@17.0.7 (11 bytes) @ 0x000001af5d820114 [0x000001af5d8200a0+0x0000000000000074]
J 27619 c1 javax.swing.DefaultListSelectionModel.setSelectionInterval(II)V java.desktop@17.0.7 (63 bytes) @ 0x000001af5dfa2694 [0x000001af5dfa2360+0x0000000000000334]
J 25995 c1 javax.swing.plaf.basic.BasicComboPopup.configureList()V java.desktop@17.0.7 (122 bytes) @ 0x000001af5e617734 [0x000001af5e6155e0+0x0000000000002154]
J 25981 c1 javax.swing.plaf.basic.BasicComboPopup.<init>(Ljavax/swing/JComboBox;)V java.desktop@17.0.7 (101 bytes) @ 0x000001af5d1092bc [0x000001af5d108b80+0x000000000000073c]
J 26067 c1 ui.utils.lnf.HSyntheticaComboBoxUI.createPopup()Ljavax/swing/plaf/basic/ComboPopup; (26 bytes) @ 0x000001af5d503aa4 [0x000001af5d503940+0x0000000000000164]
J 25980 c1 javax.swing.plaf.basic.BasicComboBoxUI.installUI(Ljavax/swing/JComponent;)V java.desktop@17.0.7 (225 bytes) @ 0x000001af5de69534 [0x000001af5de69240+0x00000000000002f4]
J 26019 c1 javax.swing.plaf.synth.SynthComboBoxUI.installUI(Ljavax/swing/JComponent;)V java.desktop@17.0.7 (18 bytes) @ 0x000001af5d0ebe0c [0x000001af5d0ebc60+0x00000000000001ac]
J 13385 c2 javax.swing.JComponent.setUI(Ljavax/swing/plaf/ComponentUI;)V java.desktop@17.0.7 (72 bytes) @ 0x000001af64713acc [0x000001af647130c0+0x0000000000000a0c]
J 26018 c1 javax.swing.JComboBox.updateUI()V java.desktop@17.0.7 (59 bytes) @ 0x000001af5d68415c [0x000001af5d683ec0+0x000000000000029c]
J 30699 c1 ui.utils.swing.e.d.updateUI()V (5 bytes) @ 0x000001af5d295794 [0x000001af5d295720+0x0000000000000074]
J 33534 c1 javax.swing.SwingUtilities.updateComponentTreeUI0(Ljava/awt/Component;)V java.desktop@17.0.7 (100 bytes) @ 0x000001af5dff861c [0x000001af5dff8300+0x000000000000031c]
J 33534 c1 javax.swing.SwingUtilities.updateComponentTreeUI0(Ljava/awt/Component;)V java.desktop@17.0.7 (100 bytes) @ 0x000001af5dff98ec [0x000001af5dff8300+0x00000000000015ec]
J 33534 c1 javax.swing.SwingUtilities.updateComponentTreeUI0(Ljava/awt/Component;)V java.desktop@17.0.7 (100 bytes) @ 0x000001af5dff98ec [0x000001af5dff8300+0x00000000000015ec]
J 33534 c1 javax.swing.SwingUtilities.updateComponentTreeUI0(Ljava/awt/Component;)V java.desktop@17.0.7 (100 bytes) @ 0x000001af5dff98ec [0x000001af5dff8300+0x00000000000015ec]
J 33534 c1 javax.swing.SwingUtilities.updateComponentTreeUI0(Ljava/awt/Component;)V java.desktop@17.0.7 (100 bytes) @ 0x000001af5dff98ec [0x000001af5dff8300+0x00000000000015ec]
J 33534 c1 javax.swing.SwingUtilities.updateComponentTreeUI0(Ljava/awt/Component;)V java.desktop@17.0.7 (100 bytes) @ 0x000001af5dff98ec [0x000001af5dff8300+0x00000000000015ec]
J 33534 c1 javax.swing.SwingUtilities.updateComponentTreeUI0(Ljava/awt/Component;)V java.desktop@17.0.7 (100 bytes) @ 0x000001af5dff98ec [0x000001af5dff8300+0x00000000000015ec]
J 33534 c1 javax.swing.SwingUtilities.updateComponentTreeUI0(Ljava/awt/Component;)V java.desktop@17.0.7 (100 bytes) @ 0x000001af5dff98ec [0x000001af5dff8300+0x00000000000015ec]
J 33534 c1 javax.swing.SwingUtilities.updateComponentTreeUI0(Ljava/awt/Component;)V java.desktop@17.0.7 (100 bytes) @ 0x000001af5dff98ec [0x000001af5dff8300+0x00000000000015ec]
J 33534 c1 javax.swing.SwingUtilities.updateComponentTreeUI0(Ljava/awt/Component;)V java.desktop@17.0.7 (100 bytes) @ 0x000001af5dff98ec [0x000001af5dff8300+0x00000000000015ec]
J 33534 c1 javax.swing.SwingUtilities.updateComponentTreeUI0(Ljava/awt/Component;)V java.desktop@17.0.7 (100 bytes) @ 0x000001af5dff98ec [0x000001af5dff8300+0x00000000000015ec]
J 33534 c1 javax.swing.SwingUtilities.updateComponentTreeUI0(Ljava/awt/Component;)V java.desktop@17.0.7 (100 bytes) @ 0x000001af5dff98ec [0x000001af5dff8300+0x00000000000015ec]
J 33534 c1 javax.swing.SwingUtilities.updateComponentTreeUI0(Ljava/awt/Component;)V java.desktop@17.0.7 (100 bytes) @ 0x000001af5dff98ec [0x000001af5dff8300+0x00000000000015ec]
J 33534 c1 javax.swing.SwingUtilities.updateComponentTreeUI0(Ljava/awt/Component;)V java.desktop@17.0.7 (100 bytes) @ 0x000001af5dff98ec [0x000001af5dff8300+0x00000000000015ec]
J 33534 c1 javax.swing.SwingUtilities.updateComponentTreeUI0(Ljava/awt/Component;)V java.desktop@17.0.7 (100 bytes) @ 0x000001af5dff98ec [0x000001af5dff8300+0x00000000000015ec]
J 33534 c1 javax.swing.SwingUtilities.updateComponentTreeUI0(Ljava/awt/Component;)V java.desktop@17.0.7 (100 bytes) @ 0x000001af5dff98ec [0x000001af5dff8300+0x00000000000015ec]
J 33534 c1 javax.swing.SwingUtilities.updateComponentTreeUI0(Ljava/awt/Component;)V java.desktop@17.0.7 (100 bytes) @ 0x000001af5dff98ec [0x000001af5dff8300+0x00000000000015ec]
J 33534 c1 javax.swing.SwingUtilities.updateComponentTreeUI0(Ljava/awt/Component;)V java.desktop@17.0.7 (100 bytes) @ 0x000001af5dff98ec [0x000001af5dff8300+0x00000000000015ec]
J 33534 c1 javax.swing.SwingUtilities.updateComponentTreeUI0(Ljava/awt/Component;)V java.desktop@17.0.7 (100 bytes) @ 0x000001af5dff98ec [0x000001af5dff8300+0x00000000000015ec]
J 33534 c1 javax.swing.SwingUtilities.updateComponentTreeUI0(Ljava/awt/Component;)V java.desktop@17.0.7 (100 bytes) @ 0x000001af5dff98ec [0x000001af5dff8300+0x00000000000015ec]
J 17832 c1 javax.swing.SwingUtilities.updateComponentTreeUI(Ljava/awt/Component;)V java.desktop@17.0.7 (17 bytes) @ 0x000001af5e12523c [0x000001af5e1251e0+0x000000000000005c]
j  com.jidesoft.plaf.WindowsDesktopProperty.updateWindowUI(Ljava/awt/Window;)V+1
j  com.jidesoft.plaf.WindowsDesktopProperty.updateWindowUI(Ljava/awt/Window;)V+31
j  com.jidesoft.plaf.WindowsDesktopProperty.updateAllUIs()V+23
j  com.jidesoft.plaf.WindowsDesktopProperty.access$000()V+0
j  com.jidesoft.plaf.WindowsDesktopProperty$1.run()V+0
J 14269 c2 java.awt.EventQueue.dispatchEvent(Ljava/awt/AWTEvent;)V java.desktop@17.0.7 (80 bytes) @ 0x000001af64949c80 [0x000001af64949660+0x0000000000000620]
j  ui.frmwork.a.d.dispatchEvent(Ljava/awt/AWTEvent;)V+15
J 20665 c2 java.awt.EventDispatchThread.pumpOneEventForFilters(I)V java.desktop@17.0.7 (113 bytes) @ 0x000001af64adf6cc [0x000001af64adf1a0+0x000000000000052c]
J 24137% c2 java.awt.EventDispatchThread.pumpEventsForFilter(ILjava/awt/Conditional;Ljava/awt/EventFilter;)V java.desktop@17.0.7 (47 bytes) @ 0x000001af654caf8c [0x000001af654cae60+0x000000000000012c]
j  java.awt.EventDispatchThread.pumpEventsForHierarchy(ILjava/awt/Conditional;Ljava/awt/Component;)V+11 java.desktop@17.0.7
j  java.awt.EventDispatchThread.pumpEvents(ILjava/awt/Conditional;)V+4 java.desktop@17.0.7
j  java.awt.EventDispatchThread.pumpEvents(Ljava/awt/Conditional;)V+3 java.desktop@17.0.7
j  java.awt.EventDispatchThread.run()V+9 java.desktop@17.0.7
v  ~StubRoutines::call_stub

siginfo: EXCEPTION_ACCESS_VIOLATION (0xc0000005), reading address 0x0000000000000000


Register to memory mapping:

RIP=0x00007ff914c5fbcf librdi_coregen.dll
RAX=0x0 is NULL
RBX=0x0000000801c64e48 is a pointer to class: 
ui.data.coregen.a.aC {0x0000000801c64e50}
 - instance size:     3
 - klass size:        76
 - access:            public synchronized 
 - state:             fully_initialized
 - name:              'ui/data/coregen/a/aC'
 - super:             'ui/utils/swing/e/d$d'
 - sub:               
 - arrays:            NULL
 - methods:           Array<T>(0x000001af27d6ecd0)
 - method ordering:   Array<T>(0x00000008008f15d8)
 - default_methods:   Array<T>(0x0000000000000000)
 - local interfaces:  Array<T>(0x00000008005cf880)
 - trans. interfaces: Array<T>(0x000001af7a6715a0)
 - constants:         constant pool [30] {0x000001af27d6eb60} for 'ui/data/coregen/a/aC' cache=0x000001af27d6f058
 - class loader data:  loader data: 0x000001af52721f30 for instance a 'jdk/internal/loader/ClassLoaders$AppClassLoader'{0x000000070227def0}
 - source file:       'SourceFile'
 - class annotations:       Array<T>(0x0000000000000000)
 - class type annotations:  Array<T>(0x0000000000000000)
 - field annotations:       Array<T>(0x0000000000000000)
 - field type annotations:  Array<T>(0x0000000000000000)
 - inner classes:     Array<T>(0x000001af27d6eec0)
 - nest members:     Array<T>(0x00000008005cf810)
 - permitted subclasses:     Array<T>(0x00000008005cf810)
 - java mirror:       a 'java/lang/Class'{0x0000000709219c78} = 'ui/data/coregen/a/aC'
 - vtable length      11  (start addr: 0x0000000801c65010)
 - itable length      7 (start addr: 0x0000000801c65068)
 - ---- static fields (0 words):
 - ---- non-static fields (3 words):
 - 'pwW' 'Z' @12 
 - 'pwX' 'Z' @13 
 - 'pwV' 'Ljava/lang/Object;' @16 
 - 'ent' 'Lui/customizerjni/HACGCPairStrStr;' @20 
 - non-static oop maps: 16-20 
RCX=0x000001af1393e0b0 points into unknown readable memory: 0x0000000000000000 | 00 00 00 00 00 00 00 00
RDX=0x00000039995fdb40 is pointing into the stack for thread: 0x000001af4ad7c760
RSP=0x00000039995fdae0 is pointing into the stack for thread: 0x000001af4ad7c760
RBP=0x00000039995fdc20 is pointing into the stack for thread: 0x000001af4ad7c760
RSI=0x0000000709220968 is an oop: ui.customizerjni.HACGCGuiParam 
{0x0000000709220968} - klass: 'ui/customizerjni/HACGCGuiParam'
 - ---- fields (total size 7 words):
 - protected transient 'swigCMemOwn' 'Z' @12  false
 - private transient 'swigCPtr' 'J' @16  1851459363000 (1393e0b8 1af)
 - private transient 'swigCPtr' 'J' @24  1851459362992 (1393e0b0 1af)
 - private transient 'swigCPtr' 'J' @32  1851459362992 (1393e0b0 1af)
 - private transient 'swigCPtr' 'J' @40  1851459362992 (1393e0b0 1af)
 - private transient 'swigCPtr' 'J' @48  1851459362992 (1393e0b0 1af)
RDI=0x000001af4ad7ca08 points into unknown readable memory: 0x00007ff931af17e0 | e0 17 af 31 f9 7f 00 00
R8 =0x000001af1393e0b0 points into unknown readable memory: 0x0000000000000000 | 00 00 00 00 00 00 00 00
R9 =0x00000039995fdbe8 is pointing into the stack for thread: 0x000001af4ad7c760
R10=0x00007ff914c5fb80 librdi_coregen.dll
R11=0x00000039995fdbb8 is pointing into the stack for thread: 0x000001af4ad7c760
R12=0x0 is NULL
R13=0x0000000801c64e48 is a pointer to class: 
ui.data.coregen.a.aC {0x0000000801c64e50}
 - instance size:     3
 - klass size:        76
 - access:            public synchronized 
 - state:             fully_initialized
 - name:              'ui/data/coregen/a/aC'
 - super:             'ui/utils/swing/e/d$d'
 - sub:               
 - arrays:            NULL
 - methods:           Array<T>(0x000001af27d6ecd0)
 - method ordering:   Array<T>(0x00000008008f15d8)
 - default_methods:   Array<T>(0x0000000000000000)
 - local interfaces:  Array<T>(0x00000008005cf880)
 - trans. interfaces: Array<T>(0x000001af7a6715a0)
 - constants:         constant pool [30] {0x000001af27d6eb60} for 'ui/data/coregen/a/aC' cache=0x000001af27d6f058
 - class loader data:  loader data: 0x000001af52721f30 for instance a 'jdk/internal/loader/ClassLoaders$AppClassLoader'{0x000000070227def0}
 - source file:       'SourceFile'
 - class annotations:       Array<T>(0x0000000000000000)
 - class type annotations:  Array<T>(0x0000000000000000)
 - field annotations:       Array<T>(0x0000000000000000)
 - field type annotations:  Array<T>(0x0000000000000000)
 - inner classes:     Array<T>(0x000001af27d6eec0)
 - nest members:     Array<T>(0x00000008005cf810)
 - permitted subclasses:     Array<T>(0x00000008005cf810)
 - java mirror:       a 'java/lang/Class'{0x0000000709219c78} = 'ui/data/coregen/a/aC'
 - vtable length      11  (start addr: 0x0000000801c65010)
 - itable length      7 (start addr: 0x0000000801c65068)
 - ---- static fields (0 words):
 - ---- non-static fields (3 words):
 - 'pwW' 'Z' @12 
 - 'pwX' 'Z' @13 
 - 'pwV' 'Ljava/lang/Object;' @16 
 - 'ent' 'Lui/customizerjni/HACGCPairStrStr;' @20 
 - non-static oop maps: 16-20 
R14=0x00000039995fdc10 is pointing into the stack for thread: 0x000001af4ad7c760
R15=0x000001af4ad7c760 is a thread


Registers:
RAX=0x0000000000000000, RBX=0x0000000801c64e48, RCX=0x000001af1393e0b0, RDX=0x00000039995fdb40
RSP=0x00000039995fdae0, RBP=0x00000039995fdc20, RSI=0x0000000709220968, RDI=0x000001af4ad7ca08
R8 =0x000001af1393e0b0, R9 =0x00000039995fdbe8, R10=0x00007ff914c5fb80, R11=0x00000039995fdbb8
R12=0x0000000000000000, R13=0x0000000801c64e48, R14=0x00000039995fdc10, R15=0x000001af4ad7c760
RIP=0x00007ff914c5fbcf, EFLAGS=0x0000000000010206

Top of Stack: (sp=0x00000039995fdae0)
0x00000039995fdae0:   00000007e044be6e 00000000e09a04e5
0x00000039995fdaf0:   00000007296df528 00000007296df528
0x00000039995fdb00:   000001af4ad7ca08 fffffffffffffffe
0x00000039995fdb10:   00000003e52dc0d9 00000007296e06b8
0x00000039995fdb20:   0000000704d21258 000001af64773f44
0x00000039995fdb30:   00000007296df720 00000001e52dc0d7
0x00000039995fdb40:   00000007296e0710 e52dc35d0000000a
0x00000039995fdb50:   0000000000000000 e04573c400000001
0x00000039995fdb60:   0000000704d21200 0000000700000002
0x00000039995fdb70:   0000000000000000 000000000000000f
0x00000039995fdb80:   0000000704d21258 e52dc20f00000001
0x00000039995fdb90:   0000000100000002 0000000702c01af0
0x00000039995fdba0:   0000000000000001 0000921f921a41d8
0x00000039995fdbb0:   000001af27de6d88 000001af6509701d
0x00000039995fdbc0:   00000007296e1a70 0000000801c64e48
0x00000039995fdbd0:   000001af637b8660 0000000701f707c8 

Instructions: (pc=0x00007ff914c5fbcf)
0x00007ff914c5facf:   24 a8 00 00 00 48 33 cc e8 54 0a ea 00 48 81 c4
0x00007ff914c5fadf:   b8 00 00 00 c3 32 c0 48 8b 8c 24 a8 00 00 00 48
0x00007ff914c5faef:   33 cc e8 3a 0a ea 00 48 81 c4 b8 00 00 00 c3 eb
0x00007ff914c5faff:   e4 eb e2 cc cc cc cc cc cc cc cc cc cc cc cc cc
0x00007ff914c5fb0f:   cc 48 81 ec b8 00 00 00 48 c7 44 24 28 fe ff ff
0x00007ff914c5fb1f:   ff 48 8b 05 09 c6 04 02 48 33 c4 48 89 84 24 a8
0x00007ff914c5fb2f:   00 00 00 48 89 4c 24 20 41 0f b6 40 28 48 8b 8c
0x00007ff914c5fb3f:   24 a8 00 00 00 48 33 cc e8 e4 09 ea 00 48 81 c4
0x00007ff914c5fb4f:   b8 00 00 00 c3 32 c0 48 8b 8c 24 a8 00 00 00 48
0x00007ff914c5fb5f:   33 cc e8 ca 09 ea 00 48 81 c4 b8 00 00 00 c3 eb
0x00007ff914c5fb6f:   e4 eb e2 cc cc cc cc cc cc cc cc cc cc cc cc cc
0x00007ff914c5fb7f:   cc 4c 8b dc 57 48 81 ec d0 00 00 00 48 c7 44 24
0x00007ff914c5fb8f:   28 fe ff ff ff 49 89 5b 10 48 8b 05 91 c5 04 02
0x00007ff914c5fb9f:   48 33 c4 48 89 84 24 c8 00 00 00 48 8b f9 48 89
0x00007ff914c5fbaf:   4c 24 20 66 0f 6f 05 d6 14 6d 01 f3 41 0f 7f 43
0x00007ff914c5fbbf:   b8 41 c6 43 a8 00 49 8b 00 49 8d 53 88 49 8b c8
0x00007ff914c5fbcf:   ff 10 48 8b d8 48 8d 84 24 80 00 00 00 48 3b c3
0x00007ff914c5fbdf:   74 37 48 8d 8c 24 80 00 00 00 e8 22 76 c2 ff 0f
0x00007ff914c5fbef:   10 03 0f 11 84 24 80 00 00 00 0f 10 4b 10 0f 11
0x00007ff914c5fbff:   8c 24 90 00 00 00 48 c7 43 10 00 00 00 00 48 c7
0x00007ff914c5fc0f:   43 18 0f 00 00 00 c6 03 00 48 8b 54 24 78 48 83
0x00007ff914c5fc1f:   fa 10 72 36 48 ff c2 48 8b 4c 24 60 48 8b c1 48
0x00007ff914c5fc2f:   81 fa 00 10 00 00 72 1c 48 83 c2 27 48 8b 49 f8
0x00007ff914c5fc3f:   48 2b c1 48 83 c0 f8 48 83 f8 1f 76 07 ff 15 9e
0x00007ff914c5fc4f:   3c 6b 01 cc e8 a4 00 ea 00 90 48 8d 94 24 80 00
0x00007ff914c5fc5f:   00 00 48 83 bc 24 98 00 00 00 10 48 0f 43 94 24
0x00007ff914c5fc6f:   80 00 00 00 48 8b 07 48 8b cf ff 90 38 05 00 00
0x00007ff914c5fc7f:   48 8b d8 48 8b 94 24 98 00 00 00 48 83 fa 10 72
0x00007ff914c5fc8f:   35 48 ff c2 48 8b 8c 24 80 00 00 00 48 8b c1 48
0x00007ff914c5fc9f:   81 fa 00 10 00 00 72 19 48 83 c2 27 48 8b 49 f8
0x00007ff914c5fcaf:   48 2b c1 48 83 c0 f8 48 83 f8 1f 0f 87 a6 00 00
0x00007ff914c5fcbf:   00 e8 37 00 ea 00 48 8b c3 eb 41 48 8b 94 24 98 


Stack slot to memory mapping:
stack at sp + 0 slots: 0x00000007e044be6e is an unallocated location in the heap
stack at sp + 1 slots: 3768190181 is a compressed pointer to object: javax.swing.plaf.synth.ParsedSynthStyle$StateInfo 
{0x0000000704d02728} - klass: 'javax/swing/plaf/synth/ParsedSynthStyle$StateInfo'
 - ---- fields (total size 4 words):
 - private 'state' 'I' @12  0
 - private 'data' 'Ljava/util/Map;' @16  NULL (0)
 - private 'font' 'Ljava/awt/Font;' @20  a 'javax/swing/plaf/FontUIResource'{0x00000007296e18f8} (e52dc31f)
 - private 'colors' '[Ljava/awt/Color;' @24  a 'java/awt/Color'[2] {0x0000000704d02748} (e09a04e9)
 - private '_painterInfo' '[Ljavax/swing/plaf/synth/ParsedSynthStyle$PainterInfo;' @28  NULL (0)
stack at sp + 2 slots: 0x00000007296df528 is an oop: javax.swing.plaf.basic.BasicComboPopup$1 
{0x00000007296df528} - klass: 'javax/swing/plaf/basic/BasicComboPopup$1'
 - ---- fields (total size 51 words):
 - 'x' 'I' @12  0
 - 'eventMask' 'J' @16  4152 (1038 0)
 - 'y' 'I' @24  0
 - 'width' 'I' @28  0
 - 'height' 'I' @32  0
 - private 'isFocusTraversableOverridden' 'I' @36  2
 - private 'boundsOp' 'I' @40  3
 - private 'componentSerializedDataVersion' 'I' @44  4
 - 'ignoreRepaint' 'Z' @48  false
 - 'visible' 'Z' @49  true
 - 'enabled' 'Z' @50  true
 - private volatile 'valid' 'Z' @51  false
 - private 'nameExplicitlySet' 'Z' @52  true
 - private 'focusable' 'Z' @53  false
 - private 'focusTraversalKeysEnabled' 'Z' @54  true
 - 'minSizeSet' 'Z' @55  false
 - 'prefSizeSet' 'Z' @56  false
 - 'maxSizeSet' 'Z' @57  false
 - 'newEventsOnly' 'Z' @58  true
 - 'isPacked' 'Z' @59  false
 - private transient 'isAddNotifyComplete' 'Z' @60  false
 - transient 'backgroundEraseDisabled' 'Z' @61  false
 - private transient 'coalescingEnabled' 'Z' @62  false
 - private 'autoFocusTransferOnDisposal' 'Z' @63  true
 - volatile transient 'peer' 'Ljava/awt/peer/ComponentPeer;' @64  NULL (0)
 - transient 'parent' 'Ljava/awt/Container;' @68  NULL (0)
 - transient 'appContext' 'Lsun/awt/AppContext;' @72  a 'sun/awt/AppContext'{0x00000007022b9338} (e0457267)
 - 'foreground' 'Ljava/awt/Color;' @76  a 'javax/swing/plaf/ColorUIResource'{0x0000000704c21f38} (e09843e7)
 - 'background' 'Ljava/awt/Color;' @80  a 'javax/swing/plaf/ColorUIResource'{0x0000000704d01ba0} (e09a0374)
 - volatile 'font' 'Ljava/awt/Font;' @84  a 'javax/swing/plaf/FontUIResource'{0x00000007296dd990} (e52dbb32)
 - 'peerFont' 'Ljava/awt/Font;' @88  NULL (0)
 - 'cursor' 'Ljava/awt/Cursor;' @92  NULL (0)
 - 'locale' 'Ljava/util/Locale;' @96  a 'java/util/Locale'{0x000000070225f370} (e044be6e)
 - private volatile transient 'graphicsConfig' 'Ljava/awt/GraphicsConfiguration;' @100  NULL (0)
 - private transient 'bufferStrategy' 'Ljava/awt/image/BufferStrategy;' @104  NULL (0)
 - 'dropTarget' 'Ljava/awt/dnd/DropTarget;' @108  NULL (0)
 - 'popups' 'Ljava/util/Vector;' @112  NULL (0)
 - private 'name' 'Ljava/lang/String;' @116  "ComboBox.list"{0x0000000704c30d60} (e09861ac)
 - 'focusTraversalKeys' '[Ljava/util/Set;' @120  NULL (0)
 - private volatile transient 'acc' 'Ljava/security/AccessControlContext;' @124  a 'java/security/AccessControlContext'{0x000000070bb51af0} (e176a35e)
 - 'minSize' 'Ljava/awt/Dimension;' @128  NULL (0)
 - 'prefSize' 'Ljava/awt/Dimension;' @132  NULL (0)
 - 'maxSize' 'Ljava/awt/Dimension;' @136  NULL (0)
 - transient 'componentOrientation' 'Ljava/awt/ComponentOrientation;' @140  a 'java/awt/ComponentOrientation'{0x0000000704c21f28} (e09843e5)
 - transient 'componentListener' 'Ljava/awt/event/ComponentListener;' @144  NULL (0)
 - transient 'focusListener' 'Ljava/awt/event/FocusListener;' @148  a 'java/awt/AWTEventMulticaster'{0x00000007296e1158} (e52dc22b)
 - transient 'hierarchyListener' 'Ljava/awt/event/HierarchyListener;' @152  NULL (0)
 - transient 'hierarchyBoundsListener' 'Ljava/awt/event/HierarchyBoundsListener;' @156  NULL (0)
 - transient 'keyListener' 'Ljava/awt/event/KeyListener;' @160  a 'java/awt/AWTEventMulticaster'{0x00000007296e11b8} (e52dc237)
 - transient 'mouseListener' 'Ljava/awt/event/MouseListener;' @164  a 'java/awt/AWTEventMulticaster'{0x00000007296e1170} (e52dc22e)
 - transient 'mouseMotionListener' 'Ljava/awt/event/MouseMotionListener;' @168  a 'java/awt/AWTEventMulticaster'{0x00000007296e1188} (e52dc231)
 - transient 'mouseWheelListener' 'Ljava/awt/event/MouseWheelListener;' @172  NULL (0)
 - transient 'inputMethodListener' 'Ljava/awt/event/InputMethodListener;' @176  NULL (0)
 - private 'changeSupport' 'Ljava/beans/PropertyChangeSupport;' @180  a 'java/beans/PropertyChangeSupport'{0x00000007296e06a0} (e52dc0d4)
 - private transient 'objectLock' 'Ljava/lang/Object;' @184  a 'java/lang/Object'{0x00000007296df720} (e52dbee4)
 - private transient 'compoundShape' 'Lsun/java2d/pipe/Region;' @188  NULL (0)
 - private transient 'mixingCutoutRegion' 'Lsun/java2d/pipe/Region;' @192  NULL (0)
 - transient 'eventCache' '[Lsun/awt/EventQueueItem;' @196  NULL (0)
 - protected 'accessibleContext' 'Ljavax/accessibility/AccessibleContext;' @200  NULL (0)
 - transient 'listeningChildren' 'I' @204  0
 - transient 'listeningBoundsChildren' 'I' @208  0
 - transient 'descendantsCount' 'I' @212  1
 - private transient 'numOfHWComponents' 'I' @216  0
 - private transient 'numOfLWComponents' 'I' @220  0
 - private 'containerSerializedDataVersion' 'I' @224  1
 - private 'focusCycleRoot' 'Z' @228  false
 - private 'focusTraversalPolicyProvider' 'Z' @229  false
 - private transient 'printing' 'Z' @230  false
 - private 'component' 'Ljava/util/List;' @232  a 'java/util/ArrayList'{0x00000007296df730} (e52dbee6)
 - 'layoutMgr' 'Ljava/awt/LayoutManager;' @236  NULL (0)
 - private 'dispatcher' 'Ljava/awt/LightweightDispatcher;' @240  NULL (0)
 - private transient 'focusTraversalPolicy' 'Ljava/awt/FocusTraversalPolicy;' @244  NULL (0)
 - private transient 'printingThreads' 'Ljava/util/Set;' @248  NULL (0)
 - transient 'containerListener' 'Ljava/awt/event/ContainerListener;' @252  NULL (0)
 - transient 'preserveBackgroundColor' 'Ljava/awt/Color;' @256  NULL (0)
 - transient 'modalComp' 'Ljava/awt/Component;' @260  NULL (0)
 - transient 'modalAppContext' 'Lsun/awt/AppContext;' @264  NULL (0)
 - private 'isAlignmentXSet' 'Z' @231  false
 - private 'alignmentX' 'F' @268  0.000000
 - private 'alignmentY' 'F' @272  0.000000
 - private 'flags' 'I' @276  33554720 (2000120)
 - private 'isAlignmentYSet' 'Z' @280  false
 - private 'autoscrolls' 'Z' @281  true
 - private 'verifyInputWhenFocusTarget' 'Z' @282  true
 - protected transient 'ui' 'Ljavax/swing/plaf/ComponentUI;' @284  a 'javax/swing/plaf/synth/SynthListUI'{0x00000007296df800} (e52dbf00)
 - protected 'listenerList' 'Ljavax/swing/event/EventListenerList;' @288  a 'javax/swing/event/EventListenerList'{0x00000007296df748} (e52dbee9)
 - private transient 'clientProperties' 'Ljavax/swing/ArrayTable;' @292  a 'javax/swing/ArrayTable'{0x00000007296e1078} (e52dc20f)
 - private 'vetoableChangeSupport' 'Ljava/beans/VetoableChangeSupport;' @296  NULL (0)
 - private 'border' 'Ljavax/swing/border/Border;' @300  NULL (0)
 - private 'inputVerifier' 'Ljavax/swing/InputVerifier;' @304  NULL (0)
 - transient 'paintingChild' 'Ljava/awt/Component;' @308  NULL (0)
 - private 'popupMenu' 'Ljavax/swing/JPopupMenu;' @312  NULL (0)
 - private transient 'revalidateRunnableScheduled' 'Ljava/util/concurrent/atomic/AtomicBoolean;' @316  a 'java/util/concurrent/atomic/AtomicBoolean'{0x00000007296df758} (e52dbeeb)
 - private 'focusInputMap' 'Ljavax/swing/InputMap;' @320  a 'javax/swing/InputMap'{0x00000007296e1228} (e52dc245)
 - private 'ancestorInputMap' 'Ljavax/swing/InputMap;' @324  NULL (0)
 - private 'windowInputMap' 'Ljavax/swing/ComponentInputMap;' @328  NULL (0)
 - private 'actionMap' 'Ljavax/swing/ActionMap;' @332  a 'javax/swing/ActionMap'{0x00000007296e1240} (e52dc248)
 - private transient 'aaHint' 'Ljava/lang/Object;' @336  a 'sun/awt/SunHints$Value'{0x00000007022bb138} (e0457627)
 - private transient 'lcdRenderingHint' 'Ljava/lang/Object;' @340  a 'java/lang/Integer'{0x000000070225f3c0} = 120 (e044be78)
 - private 'dragEnabled' 'Z' @283  false
 - private 'fixedCellWidth' 'I' @344  -1 (ffffffff)
 - private 'fixedCellHeight' 'I' @348  -1 (ffffffff)
 - private 'horizontalScrollIncrement' 'I' @352  -1 (ffffffff)
 - private 'visibleRowCount' 'I' @356  8
 - private 'layoutOrientation' 'I' @360  0
 - private transient 'updateInProgress' 'Z' @364  false
 - private 'prototypeCellValue' 'Ljava/lang/Object;' @368  NULL (0)
 - private 'selectionForeground' 'Ljava/awt/Color;' @372  a 'javax/swing/plaf/ColorUIResource'{0x0000000704d83ab0} (e09b0756)
 - private 'selectionBackground' 'Ljava/awt/Color;' @376  a 'javax/swing/plaf/ColorUIResource'{0x0000000704d83a90} (e09b0752)
 - private 'selectionModel' 'Ljavax/swing/ListSelectionModel;' @380  a 'javax/swing/DefaultListSelectionModel'{0x00000007296df768} (e52dbeed)
 - private 'dataModel' 'Ljavax/swing/ListModel;' @384  a 'javax/swing/DefaultComboBoxModel'{0x000000070929eec8} (e1253dd9)
 - private 'cellRenderer' 'Ljavax/swing/ListCellRenderer;' @388  a 'ui/data/coregen/a/D$a'{0x000000070929f040} (e1253e08)
 - private 'selectionListener' 'Ljavax/swing/event/ListSelectionListener;' @392  NULL (0)
 - private 'dropMode' 'Ljavax/swing/DropMode;' @396  a 'javax/swing/DropMode'{0x0000000704c43b10} (e0988762)
 - private transient 'dropLocation' 'Ljavax/swing/JList$DropLocation;' @400  NULL (0)
 - final synthetic 'this$0' 'Ljavax/swing/plaf/basic/BasicComboPopup;' @404  a 'ui/utils/lnf/HSyntheticaComboBoxUI$1'{0x00000007296ddfe8} (e52dbbfd)
stack at sp + 3 slots: 0x00000007296df528 is an oop: javax.swing.plaf.basic.BasicComboPopup$1 
{0x00000007296df528} - klass: 'javax/swing/plaf/basic/BasicComboPopup$1'
 - ---- fields (total size 51 words):
 - 'x' 'I' @12  0
 - 'eventMask' 'J' @16  4152 (1038 0)
 - 'y' 'I' @24  0
 - 'width' 'I' @28  0
 - 'height' 'I' @32  0
 - private 'isFocusTraversableOverridden' 'I' @36  2
 - private 'boundsOp' 'I' @40  3
 - private 'componentSerializedDataVersion' 'I' @44  4
 - 'ignoreRepaint' 'Z' @48  false
 - 'visible' 'Z' @49  true
 - 'enabled' 'Z' @50  true
 - private volatile 'valid' 'Z' @51  false
 - private 'nameExplicitlySet' 'Z' @52  true
 - private 'focusable' 'Z' @53  false
 - private 'focusTraversalKeysEnabled' 'Z' @54  true
 - 'minSizeSet' 'Z' @55  false
 - 'prefSizeSet' 'Z' @56  false
 - 'maxSizeSet' 'Z' @57  false
 - 'newEventsOnly' 'Z' @58  true
 - 'isPacked' 'Z' @59  false
 - private transient 'isAddNotifyComplete' 'Z' @60  false
 - transient 'backgroundEraseDisabled' 'Z' @61  false
 - private transient 'coalescingEnabled' 'Z' @62  false
 - private 'autoFocusTransferOnDisposal' 'Z' @63  true
 - volatile transient 'peer' 'Ljava/awt/peer/ComponentPeer;' @64  NULL (0)
 - transient 'parent' 'Ljava/awt/Container;' @68  NULL (0)
 - transient 'appContext' 'Lsun/awt/AppContext;' @72  a 'sun/awt/AppContext'{0x00000007022b9338} (e0457267)
 - 'foreground' 'Ljava/awt/Color;' @76  a 'javax/swing/plaf/ColorUIResource'{0x0000000704c21f38} (e09843e7)
 - 'background' 'Ljava/awt/Color;' @80  a 'javax/swing/plaf/ColorUIResource'{0x0000000704d01ba0} (e09a0374)
 - volatile 'font' 'Ljava/awt/Font;' @84  a 'javax/swing/plaf/FontUIResource'{0x00000007296dd990} (e52dbb32)
 - 'peerFont' 'Ljava/awt/Font;' @88  NULL (0)
 - 'cursor' 'Ljava/awt/Cursor;' @92  NULL (0)
 - 'locale' 'Ljava/util/Locale;' @96  a 'java/util/Locale'{0x000000070225f370} (e044be6e)
 - private volatile transient 'graphicsConfig' 'Ljava/awt/GraphicsConfiguration;' @100  NULL (0)
 - private transient 'bufferStrategy' 'Ljava/awt/image/BufferStrategy;' @104  NULL (0)
 - 'dropTarget' 'Ljava/awt/dnd/DropTarget;' @108  NULL (0)
 - 'popups' 'Ljava/util/Vector;' @112  NULL (0)
 - private 'name' 'Ljava/lang/String;' @116  "ComboBox.list"{0x0000000704c30d60} (e09861ac)
 - 'focusTraversalKeys' '[Ljava/util/Set;' @120  NULL (0)
 - private volatile transient 'acc' 'Ljava/security/AccessControlContext;' @124  a 'java/security/AccessControlContext'{0x000000070bb51af0} (e176a35e)
 - 'minSize' 'Ljava/awt/Dimension;' @128  NULL (0)
 - 'prefSize' 'Ljava/awt/Dimension;' @132  NULL (0)
 - 'maxSize' 'Ljava/awt/Dimension;' @136  NULL (0)
 - transient 'componentOrientation' 'Ljava/awt/ComponentOrientation;' @140  a 'java/awt/ComponentOrientation'{0x0000000704c21f28} (e09843e5)
 - transient 'componentListener' 'Ljava/awt/event/ComponentListener;' @144  NULL (0)
 - transient 'focusListener' 'Ljava/awt/event/FocusListener;' @148  a 'java/awt/AWTEventMulticaster'{0x00000007296e1158} (e52dc22b)
 - transient 'hierarchyListener' 'Ljava/awt/event/HierarchyListener;' @152  NULL (0)
 - transient 'hierarchyBoundsListener' 'Ljava/awt/event/HierarchyBoundsListener;' @156  NULL (0)
 - transient 'keyListener' 'Ljava/awt/event/KeyListener;' @160  a 'java/awt/AWTEventMulticaster'{0x00000007296e11b8} (e52dc237)
 - transient 'mouseListener' 'Ljava/awt/event/MouseListener;' @164  a 'java/awt/AWTEventMulticaster'{0x00000007296e1170} (e52dc22e)
 - transient 'mouseMotionListener' 'Ljava/awt/event/MouseMotionListener;' @168  a 'java/awt/AWTEventMulticaster'{0x00000007296e1188} (e52dc231)
 - transient 'mouseWheelListener' 'Ljava/awt/event/MouseWheelListener;' @172  NULL (0)
 - transient 'inputMethodListener' 'Ljava/awt/event/InputMethodListener;' @176  NULL (0)
 - private 'changeSupport' 'Ljava/beans/PropertyChangeSupport;' @180  a 'java/beans/PropertyChangeSupport'{0x00000007296e06a0} (e52dc0d4)
 - private transient 'objectLock' 'Ljava/lang/Object;' @184  a 'java/lang/Object'{0x00000007296df720} (e52dbee4)
 - private transient 'compoundShape' 'Lsun/java2d/pipe/Region;' @188  NULL (0)
 - private transient 'mixingCutoutRegion' 'Lsun/java2d/pipe/Region;' @192  NULL (0)
 - transient 'eventCache' '[Lsun/awt/EventQueueItem;' @196  NULL (0)
 - protected 'accessibleContext' 'Ljavax/accessibility/AccessibleContext;' @200  NULL (0)
 - transient 'listeningChildren' 'I' @204  0
 - transient 'listeningBoundsChildren' 'I' @208  0
 - transient 'descendantsCount' 'I' @212  1
 - private transient 'numOfHWComponents' 'I' @216  0
 - private transient 'numOfLWComponents' 'I' @220  0
 - private 'containerSerializedDataVersion' 'I' @224  1
 - private 'focusCycleRoot' 'Z' @228  false
 - private 'focusTraversalPolicyProvider' 'Z' @229  false
 - private transient 'printing' 'Z' @230  false
 - private 'component' 'Ljava/util/List;' @232  a 'java/util/ArrayList'{0x00000007296df730} (e52dbee6)
 - 'layoutMgr' 'Ljava/awt/LayoutManager;' @236  NULL (0)
 - private 'dispatcher' 'Ljava/awt/LightweightDispatcher;' @240  NULL (0)
 - private transient 'focusTraversalPolicy' 'Ljava/awt/FocusTraversalPolicy;' @244  NULL (0)
 - private transient 'printingThreads' 'Ljava/util/Set;' @248  NULL (0)
 - transient 'containerListener' 'Ljava/awt/event/ContainerListener;' @252  NULL (0)
 - transient 'preserveBackgroundColor' 'Ljava/awt/Color;' @256  NULL (0)
 - transient 'modalComp' 'Ljava/awt/Component;' @260  NULL (0)
 - transient 'modalAppContext' 'Lsun/awt/AppContext;' @264  NULL (0)
 - private 'isAlignmentXSet' 'Z' @231  false
 - private 'alignmentX' 'F' @268  0.000000
 - private 'alignmentY' 'F' @272  0.000000
 - private 'flags' 'I' @276  33554720 (2000120)
 - private 'isAlignmentYSet' 'Z' @280  false
 - private 'autoscrolls' 'Z' @281  true
 - private 'verifyInputWhenFocusTarget' 'Z' @282  true
 - protected transient 'ui' 'Ljavax/swing/plaf/ComponentUI;' @284  a 'javax/swing/plaf/synth/SynthListUI'{0x00000007296df800} (e52dbf00)
 - protected 'listenerList' 'Ljavax/swing/event/EventListenerList;' @288  a 'javax/swing/event/EventListenerList'{0x00000007296df748} (e52dbee9)
 - private transient 'clientProperties' 'Ljavax/swing/ArrayTable;' @292  a 'javax/swing/ArrayTable'{0x00000007296e1078} (e52dc20f)
 - private 'vetoableChangeSupport' 'Ljava/beans/VetoableChangeSupport;' @296  NULL (0)
 - private 'border' 'Ljavax/swing/border/Border;' @300  NULL (0)
 - private 'inputVerifier' 'Ljavax/swing/InputVerifier;' @304  NULL (0)
 - transient 'paintingChild' 'Ljava/awt/Component;' @308  NULL (0)
 - private 'popupMenu' 'Ljavax/swing/JPopupMenu;' @312  NULL (0)
 - private transient 'revalidateRunnableScheduled' 'Ljava/util/concurrent/atomic/AtomicBoolean;' @316  a 'java/util/concurrent/atomic/AtomicBoolean'{0x00000007296df758} (e52dbeeb)
 - private 'focusInputMap' 'Ljavax/swing/InputMap;' @320  a 'javax/swing/InputMap'{0x00000007296e1228} (e52dc245)
 - private 'ancestorInputMap' 'Ljavax/swing/InputMap;' @324  NULL (0)
 - private 'windowInputMap' 'Ljavax/swing/ComponentInputMap;' @328  NULL (0)
 - private 'actionMap' 'Ljavax/swing/ActionMap;' @332  a 'javax/swing/ActionMap'{0x00000007296e1240} (e52dc248)
 - private transient 'aaHint' 'Ljava/lang/Object;' @336  a 'sun/awt/SunHints$Value'{0x00000007022bb138} (e0457627)
 - private transient 'lcdRenderingHint' 'Ljava/lang/Object;' @340  a 'java/lang/Integer'{0x000000070225f3c0} = 120 (e044be78)
 - private 'dragEnabled' 'Z' @283  false
 - private 'fixedCellWidth' 'I' @344  -1 (ffffffff)
 - private 'fixedCellHeight' 'I' @348  -1 (ffffffff)
 - private 'horizontalScrollIncrement' 'I' @352  -1 (ffffffff)
 - private 'visibleRowCount' 'I' @356  8
 - private 'layoutOrientation' 'I' @360  0
 - private transient 'updateInProgress' 'Z' @364  false
 - private 'prototypeCellValue' 'Ljava/lang/Object;' @368  NULL (0)
 - private 'selectionForeground' 'Ljava/awt/Color;' @372  a 'javax/swing/plaf/ColorUIResource'{0x0000000704d83ab0} (e09b0756)
 - private 'selectionBackground' 'Ljava/awt/Color;' @376  a 'javax/swing/plaf/ColorUIResource'{0x0000000704d83a90} (e09b0752)
 - private 'selectionModel' 'Ljavax/swing/ListSelectionModel;' @380  a 'javax/swing/DefaultListSelectionModel'{0x00000007296df768} (e52dbeed)
 - private 'dataModel' 'Ljavax/swing/ListModel;' @384  a 'javax/swing/DefaultComboBoxModel'{0x000000070929eec8} (e1253dd9)
 - private 'cellRenderer' 'Ljavax/swing/ListCellRenderer;' @388  a 'ui/data/coregen/a/D$a'{0x000000070929f040} (e1253e08)
 - private 'selectionListener' 'Ljavax/swing/event/ListSelectionListener;' @392  NULL (0)
 - private 'dropMode' 'Ljavax/swing/DropMode;' @396  a 'javax/swing/DropMode'{0x0000000704c43b10} (e0988762)
 - private transient 'dropLocation' 'Ljavax/swing/JList$DropLocation;' @400  NULL (0)
 - final synthetic 'this$0' 'Ljavax/swing/plaf/basic/BasicComboPopup;' @404  a 'ui/utils/lnf/HSyntheticaComboBoxUI$1'{0x00000007296ddfe8} (e52dbbfd)
stack at sp + 4 slots: 0x000001af4ad7ca08 points into unknown readable memory: 0x00007ff931af17e0 | e0 17 af 31 f9 7f 00 00
stack at sp + 5 slots: 0xfffffffffffffffe is an unknown value
stack at sp + 6 slots: 0x00000003e52dc0d9 is an unknown value
stack at sp + 7 slots: 0x00000007296e06b8 is an oop: java.beans.PropertyChangeSupport$PropertyChangeListenerMap 
{0x00000007296e06b8} - klass: 'java/beans/PropertyChangeSupport$PropertyChangeListenerMap'
 - ---- fields (total size 2 words):
 - private 'map' 'Ljava/util/Map;' @12  a 'java/util/HashMap'{0x00000007296e06c8} (e52dc0d9)


---------------  P R O C E S S  ---------------

Threads class SMR info:
_java_thread_list=0x000001afa0112b10, length=82, elements={
0x000001af53ad5760, 0x000001af541a8b60, 0x000001af541a9030, 0x000001af541c41a0,
0x000001af541c9aa0, 0x000001af541cbfb0, 0x000001af541cd8c0, 0x000001af541dd5b0,
0x000001af541e0f10, 0x000001af541e74a0, 0x000001af4ad7d100, 0x000001af4ad7ede0,
0x000001af4ad7b420, 0x000001af4ad7daa0, 0x000001af4ad7e440, 0x000001af4ad7df70,
0x000001af4ad7c760, 0x000001af4ad7bdc0, 0x000001af4ad7cc30, 0x000001af4ad7b8f0,
0x000001af001b9260, 0x000001af03441550, 0x000001af03442890, 0x000001af07bdb580,
0x000001af0746c530, 0x000001af07a723b0, 0x000001af07a71ee0, 0x000001af19f00910,
0x000001af19f05610, 0x000001af19f05ae0, 0x000001af19f05fb0, 0x000001af19f10cf0,
0x000001af19f0f010, 0x000001af19f10350, 0x000001af19f111c0, 0x000001af19f10820,
0x000001af19f0f4e0, 0x000001af19f11690, 0x000001af19f11b60, 0x000001af19f0f9b0,
0x000001af19f0fe80, 0x000001af19f12030, 0x000001af19f0eb40, 0x000001af19f12500,
0x000001af19f129d0, 0x000001af4ad7d5d0, 0x000001af1e3d5960, 0x000001af1e3d5e30,
0x000001af1e3d3c80, 0x000001af1e3d2470, 0x000001af1e3d6300, 0x000001af1e3d32e0,
0x000001af1e3d4af0, 0x000001af1e3d2e10, 0x000001af1e3d2940, 0x000001af1e3d67d0,
0x000001af1e3d4620, 0x000001af1e3d4150, 0x000001af1e3d4fc0, 0x000001af1e3d5490,
0x000001af1e3d6ca0, 0x000001af1e3d7170, 0x000001af1e3d37b0, 0x000001af1e3d8980,
0x000001af1e3d97f0, 0x000001af1e3d9320, 0x000001af1e3d9cc0, 0x000001af1e3d8e50,
0x000001af1e3da190, 0x000001af1e3dab30, 0x000001af1e3db000, 0x000001af1e3d7640,
0x000001af1e3d84b0, 0x000001af1e3d7b10, 0x000001af1e3c2a30, 0x000001af1e3df360,
0x000001af1e3c0d50, 0x000001af1e3c9410, 0x000001af1e3c98e0, 0x000001af2e036890,
0x000001af2e035ef0, 0x000001af2e034bb0
}

Java Threads: ( => current thread )
  0x000001af53ad5760 JavaThread "main" [_thread_blocked, id=7536, stack(0x000000398f700000,0x000000398f800000)]
  0x000001af541a8b60 JavaThread "Reference Handler" daemon [_thread_blocked, id=21460, stack(0x000000398ff00000,0x0000003990900000)]
  0x000001af541a9030 JavaThread "Finalizer" daemon [_thread_blocked, id=15928, stack(0x0000003990900000,0x0000003991300000)]
  0x000001af541c41a0 JavaThread "Signal Dispatcher" daemon [_thread_blocked, id=9288, stack(0x0000003991300000,0x0000003991d00000)]
  0x000001af541c9aa0 JavaThread "Attach Listener" daemon [_thread_blocked, id=16812, stack(0x0000003991d00000,0x0000003992700000)]
  0x000001af541cbfb0 JavaThread "Service Thread" daemon [_thread_blocked, id=21224, stack(0x0000003992700000,0x0000003993100000)]
  0x000001af541cd8c0 JavaThread "Monitor Deflation Thread" daemon [_thread_blocked, id=8156, stack(0x0000003993100000,0x0000003993b00000)]
  0x000001af541dd5b0 JavaThread "C2 CompilerThread0" daemon [_thread_blocked, id=6632, stack(0x0000003993b00000,0x0000003993c00000)]
  0x000001af541e0f10 JavaThread "C1 CompilerThread0" daemon [_thread_blocked, id=15660, stack(0x0000003993c00000,0x0000003993d00000)]
  0x000001af541e74a0 JavaThread "Sweeper thread" daemon [_thread_blocked, id=6388, stack(0x0000003993d00000,0x0000003994700000)]
  0x000001af4ad7d100 JavaThread "Common-Cleaner" daemon [_thread_blocked, id=15236, stack(0x0000003994a00000,0x0000003995400000)]
  0x000001af4ad7ede0 JavaThread "Notification Thread" daemon [_thread_blocked, id=16204, stack(0x0000003995400000,0x0000003995e00000)]
  0x000001af4ad7b420 JavaThread "Java2D Disposer" daemon [_thread_blocked, id=3184, stack(0x0000003996000000,0x0000003996a00000)]
  0x000001af4ad7daa0 JavaThread "AWT-Shutdown" [_thread_blocked, id=17296, stack(0x0000003996a00000,0x0000003997400000)]
  0x000001af4ad7e440 JavaThread "AWT-Windows" daemon [_thread_in_native, id=5304, stack(0x0000003997400000,0x0000003997e00000)]
  0x000001af4ad7df70 JavaThread "TimerQueue" daemon [_thread_blocked, id=16900, stack(0x0000003998200000,0x0000003998c00000)]
=>0x000001af4ad7c760 JavaThread "AWT-EventQueue-0" [_thread_in_native, id=3608, stack(0x0000003998c00000,0x0000003999600000)]
  0x000001af4ad7bdc0 JavaThread "Thread-1" [_thread_in_native, id=9012, stack(0x000000398dd00000,0x000000398f100000)]
  0x000001af4ad7cc30 JavaThread "Process Messages Thread" [_thread_blocked, id=9848, stack(0x000000399b600000,0x000000399c000000)]
  0x000001af4ad7b8f0 JavaThread "Batik CleanerThread" daemon [_thread_blocked, id=11728, stack(0x000000399c200000,0x000000399cc00000)]
  0x000001af001b9260 JavaThread "SyntheticaCleanerThread" daemon [_thread_blocked, id=6084, stack(0x000000399d600000,0x000000399e000000)]
  0x000001af03441550 JavaThread "Timer-0" [_thread_blocked, id=11780, stack(0x000000399ea00000,0x000000399f400000)]
  0x000001af03442890 JavaThread "Monitor File Timestamp Swing Worker Thread" [_thread_blocked, id=8716, stack(0x000000399f400000,0x000000399fe00000)]
  0x000001af07bdb580 JavaThread "Monitor HEventQueue Thread" [_thread_blocked, id=18792, stack(0x000000399fe00000,0x00000039a0800000)]
  0x000001af0746c530 JavaThread "SyntheticaAnimation 50" daemon [_thread_blocked, id=2148, stack(0x00000039a0800000,0x00000039a1200000)]
  0x000001af07a723b0 JavaThread "SyntheticaAnimation 25" daemon [_thread_blocked, id=12132, stack(0x00000039a1200000,0x00000039a1c00000)]
  0x000001af07a71ee0 JavaThread "SyntheticaAnimation 70" daemon [_thread_blocked, id=10648, stack(0x00000039a2600000,0x00000039a3000000)]
  0x000001af19f00910 JavaThread "Refresh Filesets Swing Worker Thread" [_thread_blocked, id=1160, stack(0x000000399cc00000,0x000000399d600000)]
  0x000001af19f05610 JavaThread "hw_ila_monitor" [_thread_blocked, id=11984, stack(0x000000399e000000,0x000000399ea00000)]
  0x000001af19f05ae0 JavaThread "pool-1-thread-1" [_thread_blocked, id=11816, stack(0x00000039a4400000,0x00000039a4e00000)]
  0x000001af19f05fb0 JavaThread "Timer-1" [_thread_blocked, id=16044, stack(0x00000039a4e00000,0x00000039a5800000)]
  0x000001af19f10cf0 JavaThread "pool-2-thread-1" [_thread_blocked, id=15428, stack(0x00000039a5800000,0x00000039a6200000)]
  0x000001af19f0f010 JavaThread "Timer-2" [_thread_blocked, id=12140, stack(0x00000039a6200000,0x00000039a6c00000)]
  0x000001af19f10350 JavaThread "pool-3-thread-1" [_thread_blocked, id=7896, stack(0x00000039a6c00000,0x00000039a7600000)]
  0x000001af19f111c0 JavaThread "Timer-3" [_thread_blocked, id=7836, stack(0x00000039a7600000,0x00000039a8000000)]
  0x000001af19f10820 JavaThread "pool-4-thread-1" [_thread_blocked, id=8988, stack(0x00000039a8000000,0x00000039a8a00000)]
  0x000001af19f0f4e0 JavaThread "Timer-4" [_thread_blocked, id=21016, stack(0x00000039a8a00000,0x00000039a9400000)]
  0x000001af19f11690 JavaThread "pool-5-thread-1" [_thread_blocked, id=1068, stack(0x00000039a9400000,0x00000039a9e00000)]
  0x000001af19f11b60 JavaThread "Timer-5" [_thread_blocked, id=9544, stack(0x00000039a9e00000,0x00000039aa800000)]
  0x000001af19f0f9b0 JavaThread "pool-6-thread-1" [_thread_blocked, id=16620, stack(0x00000039aa800000,0x00000039ab200000)]
  0x000001af19f0fe80 JavaThread "Timer-6" [_thread_blocked, id=12204, stack(0x00000039ab200000,0x00000039abc00000)]
  0x000001af19f12030 JavaThread "pool-7-thread-1" [_thread_blocked, id=6340, stack(0x00000039abc00000,0x00000039ac600000)]
  0x000001af19f0eb40 JavaThread "Timer-7" [_thread_blocked, id=7732, stack(0x00000039ac600000,0x00000039ad000000)]
  0x000001af19f12500 JavaThread "pool-8-thread-1" [_thread_blocked, id=14856, stack(0x000000399a200000,0x000000399ac00000)]
  0x000001af19f129d0 JavaThread "Timer-8" [_thread_blocked, id=6804, stack(0x00000039ad000000,0x00000039ada00000)]
  0x000001af4ad7d5d0 JavaThread "pool-9-thread-1" [_thread_blocked, id=8860, stack(0x00000039ada00000,0x00000039ae400000)]
  0x000001af1e3d5960 JavaThread "Timer-9" [_thread_blocked, id=21020, stack(0x00000039ae400000,0x00000039aee00000)]
  0x000001af1e3d5e30 JavaThread "pool-10-thread-1" [_thread_blocked, id=5084, stack(0x00000039aee00000,0x00000039af800000)]
  0x000001af1e3d3c80 JavaThread "Timer-10" [_thread_blocked, id=11428, stack(0x00000039af800000,0x00000039b0200000)]
  0x000001af1e3d2470 JavaThread "pool-11-thread-1" [_thread_blocked, id=21068, stack(0x00000039b0200000,0x00000039b0c00000)]
  0x000001af1e3d6300 JavaThread "Timer-11" [_thread_blocked, id=10176, stack(0x00000039b0c00000,0x00000039b1600000)]
  0x000001af1e3d32e0 JavaThread "pool-12-thread-1" [_thread_blocked, id=2368, stack(0x00000039b1600000,0x00000039b2000000)]
  0x000001af1e3d4af0 JavaThread "Timer-12" [_thread_blocked, id=2560, stack(0x00000039b2000000,0x00000039b2a00000)]
  0x000001af1e3d2e10 JavaThread "pool-13-thread-1" [_thread_blocked, id=9320, stack(0x00000039b2a00000,0x00000039b3400000)]
  0x000001af1e3d2940 JavaThread "Timer-13" [_thread_blocked, id=2356, stack(0x00000039b3400000,0x00000039b3e00000)]
  0x000001af1e3d67d0 JavaThread "pool-14-thread-1" [_thread_blocked, id=15968, stack(0x00000039b3e00000,0x00000039b4800000)]
  0x000001af1e3d4620 JavaThread "Timer-14" [_thread_blocked, id=1364, stack(0x00000039b4800000,0x00000039b5200000)]
  0x000001af1e3d4150 JavaThread "pool-15-thread-1" [_thread_blocked, id=18788, stack(0x00000039b5200000,0x00000039b5c00000)]
  0x000001af1e3d4fc0 JavaThread "Timer-15" [_thread_blocked, id=14784, stack(0x00000039b5c00000,0x00000039b6600000)]
  0x000001af1e3d5490 JavaThread "pool-16-thread-1" [_thread_blocked, id=9720, stack(0x00000039b6600000,0x00000039b7000000)]
  0x000001af1e3d6ca0 JavaThread "Timer-16" [_thread_blocked, id=15388, stack(0x00000039b7000000,0x00000039b7a00000)]
  0x000001af1e3d7170 JavaThread "pool-17-thread-1" [_thread_blocked, id=5976, stack(0x00000039b7a00000,0x00000039b8400000)]
  0x000001af1e3d37b0 JavaThread "Timer-17" [_thread_blocked, id=2568, stack(0x00000039b8400000,0x00000039b8e00000)]
  0x000001af1e3d8980 JavaThread "pool-18-thread-1" [_thread_blocked, id=18412, stack(0x00000039b8e00000,0x00000039b9800000)]
  0x000001af1e3d97f0 JavaThread "Timer-18" [_thread_blocked, id=2572, stack(0x00000039b9800000,0x00000039ba200000)]
  0x000001af1e3d9320 JavaThread "pool-19-thread-1" [_thread_blocked, id=1152, stack(0x00000039ba200000,0x00000039bac00000)]
  0x000001af1e3d9cc0 JavaThread "Timer-19" [_thread_blocked, id=6152, stack(0x00000039bac00000,0x00000039bb600000)]
  0x000001af1e3d8e50 JavaThread "pool-20-thread-1" [_thread_blocked, id=4020, stack(0x00000039bb600000,0x00000039bc000000)]
  0x000001af1e3da190 JavaThread "Timer-20" [_thread_blocked, id=20972, stack(0x00000039bc000000,0x00000039bca00000)]
  0x000001af1e3dab30 JavaThread "pool-21-thread-1" [_thread_blocked, id=9828, stack(0x00000039bca00000,0x00000039bd400000)]
  0x000001af1e3db000 JavaThread "Timer-21" [_thread_blocked, id=8516, stack(0x00000039bd400000,0x00000039bde00000)]
  0x000001af1e3d7640 JavaThread "pool-22-thread-1" [_thread_blocked, id=7180, stack(0x00000039bde00000,0x00000039be800000)]
  0x000001af1e3d84b0 JavaThread "Timer-22" [_thread_blocked, id=7752, stack(0x00000039be800000,0x00000039bf200000)]
  0x000001af1e3d7b10 JavaThread "Update Runs Swing Worker Thread" [_thread_blocked, id=4488, stack(0x00000039bfc00000,0x00000039c0600000)]
  0x000001af1e3c2a30 JavaThread "SyntheticaAnimation 50" daemon [_thread_blocked, id=11316, stack(0x00000039a1c00000,0x00000039a2600000)]
  0x000001af1e3df360 JavaThread "Timer-23" [_thread_blocked, id=16428, stack(0x00000039a3000000,0x00000039a3a00000)]
  0x000001af1e3c0d50 JavaThread "Image Animator 3" daemon [_thread_blocked, id=10420, stack(0x00000039c1a00000,0x00000039c2400000)]
  0x000001af1e3c9410 JavaThread "SyntheticaAnimation 50" daemon [_thread_blocked, id=4952, stack(0x00000039c1000000,0x00000039c1a00000)]
  0x000001af1e3c98e0 JavaThread "Timer-25" [_thread_blocked, id=8804, stack(0x00000039c2400000,0x00000039c2e00000)]
  0x000001af2e036890 JavaThread "Thread-3559" [_thread_in_native, id=8132, stack(0x0000003997e00000,0x0000003997f00000)]
  0x000001af2e035ef0 JavaThread "Thread-3560" [_thread_in_native, id=13860, stack(0x000000398d900000,0x000000398da00000)]
  0x000001af2e034bb0 JavaThread "Swing-Shell" daemon [_thread_blocked, id=13792, stack(0x00000039c3800000,0x00000039c4200000)]

Other Threads:
  0x000001af521a3300 VMThread "VM Thread" [stack: 0x000000398fe00000,0x000000398ff00000] [id=15488]
  0x000001af53f66c40 WatcherThread [stack: 0x0000003995e00000,0x0000003995f00000] [id=19988]
  0x000001af517f7f80 GCTaskThread "GC Thread#0" [stack: 0x000000398f800000,0x000000398f900000] [id=3556]
  0x000001af517f7770 GCTaskThread "GC Thread#1" [stack: 0x0000003999600000,0x0000003999700000] [id=5604]
  0x000001af517f7a20 GCTaskThread "GC Thread#2" [stack: 0x0000003999700000,0x0000003999800000] [id=11088]
  0x000001af517f9d10 GCTaskThread "GC Thread#3" [stack: 0x0000003999800000,0x0000003999900000] [id=3388]
  0x000001af517f9fc0 GCTaskThread "GC Thread#4" [stack: 0x0000003999900000,0x0000003999a00000] [id=2052]
  0x000001af517fa270 GCTaskThread "GC Thread#5" [stack: 0x0000003999a00000,0x0000003999b00000] [id=4212]
  0x000001af517f7210 GCTaskThread "GC Thread#6" [stack: 0x0000003999b00000,0x0000003999c00000] [id=7272]
  0x000001af517f7cd0 GCTaskThread "GC Thread#7" [stack: 0x0000003999c00000,0x0000003999d00000] [id=20276]
  0x000001af517fa7d0 GCTaskThread "GC Thread#8" [stack: 0x0000003999d00000,0x0000003999e00000] [id=16864]
  0x000001af517faa80 GCTaskThread "GC Thread#9" [stack: 0x0000003999e00000,0x0000003999f00000] [id=10736]
  0x000001af517fad30 GCTaskThread "GC Thread#10" [stack: 0x0000003999f00000,0x000000399a000000] [id=17368]
  0x000001af517f6f60 GCTaskThread "GC Thread#11" [stack: 0x000000399a000000,0x000000399a100000] [id=10392]
  0x000001af517f84e0 GCTaskThread "GC Thread#12" [stack: 0x000000399a100000,0x000000399a200000] [id=20924]
  0x000001af522acf50 ConcurrentGCThread "G1 Main Marker" [stack: 0x000000398f900000,0x000000398fa00000] [id=11388]
  0x000001af517f9500 ConcurrentGCThread "G1 Conc#0" [stack: 0x000000398fa00000,0x000000398fb00000] [id=6912]
  0x000001af517fb540 ConcurrentGCThread "G1 Conc#1" [stack: 0x000000399ac00000,0x000000399ad00000] [id=13480]
  0x000001af517fc2b0 ConcurrentGCThread "G1 Conc#2" [stack: 0x000000399ad00000,0x000000399ae00000] [id=5980]
  0x000001af4b30a1b0 ConcurrentGCThread "G1 Refine#0" [stack: 0x000000398fb00000,0x000000398fc00000] [id=12596]
  0x000001af540b2310 ConcurrentGCThread "G1 Service" [stack: 0x000000398fc00000,0x000000398fd00000] [id=20768]
  0x000001af517f8fa0 ConcurrentGCThread "StringDedupProcessor" [stack: 0x000000398fd00000,0x000000398fe00000] [id=17112]

Threads with active compile tasks:

VM state: not at safepoint (normal execution)

VM Mutex/Monitor currently owned by a thread: None

Heap address: 0x0000000701800000, size: 4072 MB, Compressed Oops mode: Zero based, Oop shift amount: 3

CDS archive(s) mapped at: [0x0000000800000000-0x0000000800bc0000-0x0000000800bc0000), size 12320768, SharedBaseAddress: 0x0000000800000000, ArchiveRelocationMode: 0.
Compressed class space mapped at: 0x0000000801000000-0x0000000841000000, reserved size: 1073741824
Narrow klass base: 0x0000000800000000, Narrow klass shift: 0, Narrow klass range: 0x100000000

GC Precious Log:
 CPUs: 16 total, 16 available
 Memory: 14198M
 Large Page Support: Disabled
 NUMA Support: Disabled
 Compressed Oops: Enabled (Zero based)
 Heap Region Size: 2M
 Heap Min Capacity: 512M
 Heap Initial Capacity: 512M
 Heap Max Capacity: 4072M
 Pre-touch: Disabled
 Parallel Workers: 13
 Concurrent Workers: 3
 Concurrent Refinement Workers: 13
 Periodic GC: Disabled
 String Deduplication is enabled

Heap:
 garbage-first heap   total 669696K, used 220609K [0x0000000701800000, 0x0000000800000000)
  region size 2048K, 9 young (18432K), 0 survivors (0K)
 Metaspace       used 100456K, committed 101248K, reserved 1179648K
  class space    used 13895K, committed 14400K, reserved 1048576K

Heap Regions: E=young(eden), S=young(survivor), O=old, HS=humongous(starts), HC=humongous(continues), CS=collection set, F=free, OA=open archive, CA=closed archive, TAMS=top-at-mark-start (previous, next)
|   0|0x0000000701800000, 0x0000000701a00000, 0x0000000701a00000|100%|HS|  |TAMS 0x0000000701a00000, 0x0000000701800000| Untracked 
|   1|0x0000000701a00000, 0x0000000701be9c68, 0x0000000701c00000| 95%| O|  |TAMS 0x0000000701a00000, 0x0000000701a00000| Untracked 
|   2|0x0000000701c00000, 0x0000000701dfffc0, 0x0000000701e00000| 99%| O|  |TAMS 0x0000000701dfffc0, 0x0000000701c00000| Untracked 
|   3|0x0000000701e00000, 0x0000000702000000, 0x0000000702000000|100%| O|  |TAMS 0x0000000702000000, 0x0000000701e00000| Untracked 
|   4|0x0000000702000000, 0x00000007021ffff8, 0x0000000702200000| 99%| O|  |TAMS 0x00000007021ffff8, 0x0000000702000000| Untracked 
|   5|0x0000000702200000, 0x00000007023e6390, 0x0000000702400000| 94%| O|  |TAMS 0x0000000702200000, 0x0000000702200000| Untracked 
|   6|0x0000000702400000, 0x0000000702600000, 0x0000000702600000|100%| O|  |TAMS 0x0000000702600000, 0x0000000702400000| Untracked 
|   7|0x0000000702600000, 0x0000000702800000, 0x0000000702800000|100%| O|  |TAMS 0x0000000702800000, 0x0000000702600000| Untracked 
|   8|0x0000000702800000, 0x0000000702a00000, 0x0000000702a00000|100%| O|  |TAMS 0x0000000702a00000, 0x0000000702800000| Untracked 
|   9|0x0000000702a00000, 0x0000000702bffff0, 0x0000000702c00000| 99%| O|  |TAMS 0x0000000702bffff0, 0x0000000702a00000| Untracked 
|  10|0x0000000702c00000, 0x0000000702dffff0, 0x0000000702e00000| 99%| O|  |TAMS 0x0000000702dffff0, 0x0000000702c00000| Untracked 
|  11|0x0000000702e00000, 0x0000000703000000, 0x0000000703000000|100%| O|  |TAMS 0x0000000703000000, 0x0000000702e00000| Untracked 
|  12|0x0000000703000000, 0x00000007031ffff8, 0x0000000703200000| 99%| O|  |TAMS 0x00000007031ffff8, 0x0000000703000000| Untracked 
|  13|0x0000000703200000, 0x00000007033ffff8, 0x0000000703400000| 99%| O|  |TAMS 0x00000007033ffff8, 0x0000000703200000| Untracked 
|  14|0x0000000703400000, 0x00000007035fffe0, 0x0000000703600000| 99%| O|  |TAMS 0x00000007035fffe0, 0x0000000703400000| Untracked 
|  15|0x0000000703600000, 0x0000000703800000, 0x0000000703800000|100%| O|  |TAMS 0x0000000703800000, 0x0000000703600000| Untracked 
|  16|0x0000000703800000, 0x00000007039ffff0, 0x0000000703a00000| 99%| O|  |TAMS 0x00000007039ffff0, 0x0000000703800000| Untracked 
|  17|0x0000000703a00000, 0x0000000703bffff0, 0x0000000703c00000| 99%| O|  |TAMS 0x0000000703bffff0, 0x0000000703a00000| Untracked 
|  18|0x0000000703c00000, 0x0000000703dfff78, 0x0000000703e00000| 99%| O|  |TAMS 0x0000000703dfff78, 0x0000000703c00000| Untracked 
|  19|0x0000000703e00000, 0x0000000703ffffe8, 0x0000000704000000| 99%| O|  |TAMS 0x0000000703ffffe8, 0x0000000703e00000| Untracked 
|  20|0x0000000704000000, 0x00000007041fffd0, 0x0000000704200000| 99%| O|  |TAMS 0x00000007041fffd0, 0x0000000704000000| Untracked 
|  21|0x0000000704200000, 0x00000007043ffff8, 0x0000000704400000| 99%| O|  |TAMS 0x00000007043ffff8, 0x0000000704200000| Untracked 
|  22|0x0000000704400000, 0x00000007045fffe0, 0x0000000704600000| 99%| O|  |TAMS 0x00000007045fffe0, 0x0000000704400000| Untracked 
|  23|0x0000000704600000, 0x0000000704800000, 0x0000000704800000|100%| O|  |TAMS 0x0000000704800000, 0x0000000704600000| Untracked 
|  24|0x0000000704800000, 0x00000007049fffb8, 0x0000000704a00000| 99%| O|  |TAMS 0x00000007049fffb8, 0x0000000704800000| Untracked 
|  25|0x0000000704a00000, 0x0000000704bfffe8, 0x0000000704c00000| 99%| O|  |TAMS 0x0000000704bfffe8, 0x0000000704a00000| Untracked 
|  26|0x0000000704c00000, 0x0000000704e00000, 0x0000000704e00000|100%| O|  |TAMS 0x0000000704e00000, 0x0000000704c00000| Untracked 
|  27|0x0000000704e00000, 0x0000000704ffffa0, 0x0000000705000000| 99%| O|  |TAMS 0x0000000704ffffa0, 0x0000000704e00000| Untracked 
|  28|0x0000000705000000, 0x00000007051ffff8, 0x0000000705200000| 99%| O|  |TAMS 0x00000007051ffff8, 0x0000000705000000| Untracked 
|  29|0x0000000705200000, 0x00000007053fe018, 0x0000000705400000| 99%| O|  |TAMS 0x00000007053fe018, 0x0000000705200000| Untracked 
|  30|0x0000000705400000, 0x00000007055ffff8, 0x0000000705600000| 99%| O|  |TAMS 0x00000007055ffff8, 0x0000000705400000| Untracked 
|  31|0x0000000705600000, 0x00000007057ffff8, 0x0000000705800000| 99%| O|  |TAMS 0x00000007057ffff8, 0x0000000705600000| Untracked 
|  32|0x0000000705800000, 0x00000007059dcf68, 0x0000000705a00000| 93%| O|  |TAMS 0x0000000705800000, 0x0000000705800000| Untracked 
|  33|0x0000000705a00000, 0x0000000705bfffe8, 0x0000000705c00000| 99%| O|  |TAMS 0x0000000705bfffe8, 0x0000000705a00000| Untracked 
|  34|0x0000000705c00000, 0x0000000705e00000, 0x0000000705e00000|100%|HS|  |TAMS 0x0000000705e00000, 0x0000000705c00000| Untracked 
|  35|0x0000000705e00000, 0x0000000705ffe780, 0x0000000706000000| 99%| O|  |TAMS 0x0000000705ffe780, 0x0000000705e00000| Untracked 
|  36|0x0000000706000000, 0x00000007061ffff8, 0x0000000706200000| 99%| O|  |TAMS 0x00000007061ffff8, 0x0000000706000000| Untracked 
|  37|0x0000000706200000, 0x0000000706400000, 0x0000000706400000|100%| O|  |TAMS 0x0000000706400000, 0x0000000706200000| Untracked 
|  38|0x0000000706400000, 0x00000007065ffff0, 0x0000000706600000| 99%| O|  |TAMS 0x00000007065ffff0, 0x0000000706400000| Untracked 
|  39|0x0000000706600000, 0x00000007067e8cb8, 0x0000000706800000| 95%| O|  |TAMS 0x00000007067e8cb8, 0x0000000706600000| Untracked 
|  40|0x0000000706800000, 0x00000007069ffff8, 0x0000000706a00000| 99%| O|  |TAMS 0x00000007069ffff8, 0x0000000706800000| Untracked 
|  41|0x0000000706a00000, 0x0000000706bffff8, 0x0000000706c00000| 99%| O|  |TAMS 0x0000000706bffff8, 0x0000000706a00000| Untracked 
|  42|0x0000000706c00000, 0x0000000706dfe050, 0x0000000706e00000| 99%| O|  |TAMS 0x0000000706dfe050, 0x0000000706c00000| Untracked 
|  43|0x0000000706e00000, 0x0000000706ffffe0, 0x0000000707000000| 99%| O|  |TAMS 0x0000000706ffffe0, 0x0000000706e00000| Untracked 
|  44|0x0000000707000000, 0x0000000707200000, 0x0000000707200000|100%| O|  |TAMS 0x0000000707200000, 0x0000000707000000| Untracked 
|  45|0x0000000707200000, 0x00000007073ffff8, 0x0000000707400000| 99%| O|  |TAMS 0x00000007073ffff8, 0x0000000707200000| Untracked 
|  46|0x0000000707400000, 0x00000007075ffff8, 0x0000000707600000| 99%| O|  |TAMS 0x00000007075ffff8, 0x0000000707400000| Untracked 
|  47|0x0000000707600000, 0x00000007077750a0, 0x0000000707800000| 72%| O|  |TAMS 0x0000000707600000, 0x0000000707600000| Untracked 
|  48|0x0000000707800000, 0x00000007079f15f8, 0x0000000707a00000| 97%| O|  |TAMS 0x00000007079f15f8, 0x0000000707800000| Untracked 
|  49|0x0000000707a00000, 0x0000000707bffff0, 0x0000000707c00000| 99%| O|  |TAMS 0x0000000707bffff0, 0x0000000707a00000| Untracked 
|  50|0x0000000707c00000, 0x0000000707dffff0, 0x0000000707e00000| 99%| O|  |TAMS 0x0000000707dffff0, 0x0000000707c00000| Untracked 
|  51|0x0000000707e00000, 0x0000000707ffff28, 0x0000000708000000| 99%| O|  |TAMS 0x0000000707ffff28, 0x0000000707e00000| Untracked 
|  52|0x0000000708000000, 0x00000007081fffd0, 0x0000000708200000| 99%| O|  |TAMS 0x00000007081fffd0, 0x0000000708000000| Untracked 
|  53|0x0000000708200000, 0x00000007083ec168, 0x0000000708400000| 96%| O|  |TAMS 0x0000000708200000, 0x0000000708200000| Untracked 
|  54|0x0000000708400000, 0x00000007085ffff8, 0x0000000708600000| 99%| O|  |TAMS 0x00000007085ffff8, 0x0000000708400000| Untracked 
|  55|0x0000000708600000, 0x00000007087fea58, 0x0000000708800000| 99%| O|  |TAMS 0x00000007087fea58, 0x0000000708600000| Untracked 
|  56|0x0000000708800000, 0x00000007089fffe8, 0x0000000708a00000| 99%| O|  |TAMS 0x00000007089fffe8, 0x0000000708800000| Untracked 
|  57|0x0000000708a00000, 0x0000000708bffc38, 0x0000000708c00000| 99%| O|  |TAMS 0x0000000708bffc38, 0x0000000708a00000| Untracked 
|  58|0x0000000708c00000, 0x0000000708dfffd0, 0x0000000708e00000| 99%| O|  |TAMS 0x0000000708dfffd0, 0x0000000708c00000| Untracked 
|  59|0x0000000708e00000, 0x0000000708ffff48, 0x0000000709000000| 99%| O|  |TAMS 0x0000000708ffff48, 0x0000000708e00000| Untracked 
|  60|0x0000000709000000, 0x0000000709200000, 0x0000000709200000|100%| O|  |TAMS 0x0000000709200000, 0x0000000709000000| Untracked 
|  61|0x0000000709200000, 0x00000007093ffff0, 0x0000000709400000| 99%| O|  |TAMS 0x00000007093ffff0, 0x0000000709200000| Untracked 
|  62|0x0000000709400000, 0x00000007095ffff0, 0x0000000709600000| 99%| O|  |TAMS 0x00000007095ffff0, 0x0000000709400000| Untracked 
|  63|0x0000000709600000, 0x00000007097fffa0, 0x0000000709800000| 99%| O|  |TAMS 0x00000007097fffa0, 0x0000000709600000| Untracked 
|  64|0x0000000709800000, 0x00000007099ff878, 0x0000000709a00000| 99%| O|  |TAMS 0x00000007099ff878, 0x0000000709800000| Untracked 
|  65|0x0000000709a00000, 0x0000000709bffff0, 0x0000000709c00000| 99%| O|  |TAMS 0x0000000709bffff0, 0x0000000709a00000| Untracked 
|  66|0x0000000709c00000, 0x0000000709dffea0, 0x0000000709e00000| 99%| O|  |TAMS 0x0000000709dffea0, 0x0000000709c00000| Untracked 
|  67|0x0000000709e00000, 0x0000000709fffff8, 0x000000070a000000| 99%| O|  |TAMS 0x0000000709fffff8, 0x0000000709e00000| Untracked 
|  68|0x000000070a000000, 0x000000070a1ffb30, 0x000000070a200000| 99%| O|  |TAMS 0x000000070a1ffb30, 0x000000070a000000| Untracked 
|  69|0x000000070a200000, 0x000000070a3ff750, 0x000000070a400000| 99%| O|  |TAMS 0x000000070a3ff750, 0x000000070a200000| Untracked 
|  70|0x000000070a400000, 0x000000070a5ffff8, 0x000000070a600000| 99%| O|  |TAMS 0x000000070a5ffff8, 0x000000070a400000| Untracked 
|  71|0x000000070a600000, 0x000000070a7ffff0, 0x000000070a800000| 99%| O|  |TAMS 0x000000070a7ffff0, 0x000000070a600000| Untracked 
|  72|0x000000070a800000, 0x000000070a9ffff0, 0x000000070aa00000| 99%| O|  |TAMS 0x000000070a9ffff0, 0x000000070a800000| Untracked 
|  73|0x000000070aa00000, 0x000000070abffff8, 0x000000070ac00000| 99%| O|  |TAMS 0x000000070abffff8, 0x000000070aa00000| Untracked 
|  74|0x000000070ac00000, 0x000000070adffe98, 0x000000070ae00000| 99%| O|  |TAMS 0x000000070adffe98, 0x000000070ac00000| Untracked 
|  75|0x000000070ae00000, 0x000000070afffff0, 0x000000070b000000| 99%| O|  |TAMS 0x000000070afffff0, 0x000000070ae00000| Untracked 
|  76|0x000000070b000000, 0x000000070b1ffff8, 0x000000070b200000| 99%| O|  |TAMS 0x000000070b1ffff8, 0x000000070b000000| Untracked 
|  77|0x000000070b200000, 0x000000070b400000, 0x000000070b400000|100%|HS|  |TAMS 0x000000070b400000, 0x000000070b200000| Untracked 
|  78|0x000000070b400000, 0x000000070b600000, 0x000000070b600000|100%|HC|  |TAMS 0x000000070b600000, 0x000000070b400000| Untracked 
|  79|0x000000070b600000, 0x000000070b7fb258, 0x000000070b800000| 99%| O|  |TAMS 0x000000070b7fb258, 0x000000070b600000| Untracked 
|  80|0x000000070b800000, 0x000000070b9973d0, 0x000000070ba00000| 79%| O|  |TAMS 0x000000070b800000, 0x000000070b800000| Untracked 
|  81|0x000000070ba00000, 0x000000070bb65760, 0x000000070bc00000| 69%| O|  |TAMS 0x000000070ba00000, 0x000000070ba00000| Untracked 
|  82|0x000000070bc00000, 0x000000070bd66b00, 0x000000070be00000| 70%| O|  |TAMS 0x000000070bc00000, 0x000000070bc00000| Untracked 
|  83|0x000000070be00000, 0x000000070bf99b20, 0x000000070c000000| 80%| O|  |TAMS 0x000000070be00000, 0x000000070be00000| Untracked 
|  84|0x000000070c000000, 0x000000070c07c0d0, 0x000000070c200000| 24%| O|  |TAMS 0x000000070c000000, 0x000000070c000000| Untracked 
|  85|0x000000070c200000, 0x000000070c200000, 0x000000070c400000|  0%| F|  |TAMS 0x000000070c200000, 0x000000070c200000| Untracked 
|  86|0x000000070c400000, 0x000000070c400000, 0x000000070c600000|  0%| F|  |TAMS 0x000000070c400000, 0x000000070c400000| Untracked 
|  87|0x000000070c600000, 0x000000070c600000, 0x000000070c800000|  0%| F|  |TAMS 0x000000070c600000, 0x000000070c600000| Untracked 
|  88|0x000000070c800000, 0x000000070c800000, 0x000000070ca00000|  0%| F|  |TAMS 0x000000070c800000, 0x000000070c800000| Untracked 
|  89|0x000000070ca00000, 0x000000070ca00000, 0x000000070cc00000|  0%| F|  |TAMS 0x000000070ca00000, 0x000000070ca00000| Untracked 
|  90|0x000000070cc00000, 0x000000070cc0a388, 0x000000070ce00000|  1%| O|  |TAMS 0x000000070cc00000, 0x000000070cc00000| Untracked 
|  91|0x000000070ce00000, 0x000000070ce00000, 0x000000070d000000|  0%| F|  |TAMS 0x000000070ce00000, 0x000000070ce00000| Untracked 
|  92|0x000000070d000000, 0x000000070d000000, 0x000000070d200000|  0%| F|  |TAMS 0x000000070d000000, 0x000000070d000000| Untracked 
|  93|0x000000070d200000, 0x000000070d400000, 0x000000070d400000|100%|HS|  |TAMS 0x000000070d400000, 0x000000070d200000| Untracked 
|  94|0x000000070d400000, 0x000000070d600000, 0x000000070d600000|100%|HC|  |TAMS 0x000000070d600000, 0x000000070d400000| Untracked 
|  95|0x000000070d600000, 0x000000070d800000, 0x000000070d800000|100%|HC|  |TAMS 0x000000070d800000, 0x000000070d600000| Untracked 
|  96|0x000000070d800000, 0x000000070da00000, 0x000000070da00000|100%|HC|  |TAMS 0x000000070da00000, 0x000000070d800000| Untracked 
|  97|0x000000070da00000, 0x000000070dc00000, 0x000000070dc00000|100%|HC|  |TAMS 0x000000070dc00000, 0x000000070da00000| Untracked 
|  98|0x000000070dc00000, 0x000000070dc00000, 0x000000070de00000|  0%| F|  |TAMS 0x000000070dc00000, 0x000000070dc00000| Untracked 
|  99|0x000000070de00000, 0x000000070de00000, 0x000000070e000000|  0%| F|  |TAMS 0x000000070de00000, 0x000000070de00000| Untracked 
| 100|0x000000070e000000, 0x000000070e000000, 0x000000070e200000|  0%| F|  |TAMS 0x000000070e000000, 0x000000070e000000| Untracked 
| 101|0x000000070e200000, 0x000000070e200000, 0x000000070e400000|  0%| F|  |TAMS 0x000000070e200000, 0x000000070e200000| Untracked 
| 102|0x000000070e400000, 0x000000070e400000, 0x000000070e600000|  0%| F|  |TAMS 0x000000070e400000, 0x000000070e400000| Untracked 
| 103|0x000000070e600000, 0x000000070e600000, 0x000000070e800000|  0%| F|  |TAMS 0x000000070e600000, 0x000000070e600000| Untracked 
| 104|0x000000070e800000, 0x000000070e800000, 0x000000070ea00000|  0%| F|  |TAMS 0x000000070e800000, 0x000000070e800000| Untracked 
| 105|0x000000070ea00000, 0x000000070ea00000, 0x000000070ec00000|  0%| F|  |TAMS 0x000000070ea00000, 0x000000070ea00000| Untracked 
| 106|0x000000070ec00000, 0x000000070ec00000, 0x000000070ee00000|  0%| F|  |TAMS 0x000000070ec00000, 0x000000070ec00000| Untracked 
| 107|0x000000070ee00000, 0x000000070ee00000, 0x000000070f000000|  0%| F|  |TAMS 0x000000070ee00000, 0x000000070ee00000| Untracked 
| 108|0x000000070f000000, 0x000000070f000000, 0x000000070f200000|  0%| F|  |TAMS 0x000000070f000000, 0x000000070f000000| Untracked 
| 109|0x000000070f200000, 0x000000070f200000, 0x000000070f400000|  0%| F|  |TAMS 0x000000070f200000, 0x000000070f200000| Untracked 
| 110|0x000000070f400000, 0x000000070f400000, 0x000000070f600000|  0%| F|  |TAMS 0x000000070f400000, 0x000000070f400000| Untracked 
| 111|0x000000070f600000, 0x000000070f800000, 0x000000070f800000|100%| O|  |TAMS 0x000000070f800000, 0x000000070f600000| Untracked 
| 112|0x000000070f800000, 0x000000070fa00000, 0x000000070fa00000|100%| O|  |TAMS 0x000000070fa00000, 0x000000070f800000| Untracked 
| 113|0x000000070fa00000, 0x000000070fa00000, 0x000000070fc00000|  0%| F|  |TAMS 0x000000070fa00000, 0x000000070fa00000| Untracked 
| 114|0x000000070fc00000, 0x000000070fc00000, 0x000000070fe00000|  0%| F|  |TAMS 0x000000070fc00000, 0x000000070fc00000| Untracked 
| 115|0x000000070fe00000, 0x000000070fe00000, 0x0000000710000000|  0%| F|  |TAMS 0x000000070fe00000, 0x000000070fe00000| Untracked 
| 116|0x0000000710000000, 0x0000000710000000, 0x0000000710200000|  0%| F|  |TAMS 0x0000000710000000, 0x0000000710000000| Untracked 
| 117|0x0000000710200000, 0x0000000710200000, 0x0000000710400000|  0%| F|  |TAMS 0x0000000710200000, 0x0000000710200000| Untracked 
| 118|0x0000000710400000, 0x0000000710400000, 0x0000000710600000|  0%| F|  |TAMS 0x0000000710400000, 0x0000000710400000| Untracked 
| 119|0x0000000710600000, 0x0000000710600000, 0x0000000710800000|  0%| F|  |TAMS 0x0000000710600000, 0x0000000710600000| Untracked 
| 120|0x0000000710800000, 0x0000000710800000, 0x0000000710a00000|  0%| F|  |TAMS 0x0000000710800000, 0x0000000710800000| Untracked 
| 121|0x0000000710a00000, 0x0000000710a00000, 0x0000000710c00000|  0%| F|  |TAMS 0x0000000710a00000, 0x0000000710a00000| Untracked 
| 122|0x0000000710c00000, 0x0000000710c00000, 0x0000000710e00000|  0%| F|  |TAMS 0x0000000710c00000, 0x0000000710c00000| Untracked 
| 123|0x0000000710e00000, 0x0000000710e00000, 0x0000000711000000|  0%| F|  |TAMS 0x0000000710e00000, 0x0000000710e00000| Untracked 
| 124|0x0000000711000000, 0x0000000711000000, 0x0000000711200000|  0%| F|  |TAMS 0x0000000711000000, 0x0000000711000000| Untracked 
| 125|0x0000000711200000, 0x0000000711200000, 0x0000000711400000|  0%| F|  |TAMS 0x0000000711200000, 0x0000000711200000| Untracked 
| 126|0x0000000711400000, 0x0000000711400000, 0x0000000711600000|  0%| F|  |TAMS 0x0000000711400000, 0x0000000711400000| Untracked 
| 127|0x0000000711600000, 0x0000000711600000, 0x0000000711800000|  0%| F|  |TAMS 0x0000000711600000, 0x0000000711600000| Untracked 
| 128|0x0000000711800000, 0x0000000711800000, 0x0000000711a00000|  0%| F|  |TAMS 0x0000000711800000, 0x0000000711800000| Untracked 
| 129|0x0000000711a00000, 0x0000000711a00000, 0x0000000711c00000|  0%| F|  |TAMS 0x0000000711a00000, 0x0000000711a00000| Untracked 
| 130|0x0000000711c00000, 0x0000000711c00000, 0x0000000711e00000|  0%| F|  |TAMS 0x0000000711c00000, 0x0000000711c00000| Untracked 
| 131|0x0000000711e00000, 0x0000000711e00000, 0x0000000712000000|  0%| F|  |TAMS 0x0000000711e00000, 0x0000000711e00000| Untracked 
| 132|0x0000000712000000, 0x0000000712000000, 0x0000000712200000|  0%| F|  |TAMS 0x0000000712000000, 0x0000000712000000| Untracked 
| 133|0x0000000712200000, 0x0000000712200000, 0x0000000712400000|  0%| F|  |TAMS 0x0000000712200000, 0x0000000712200000| Untracked 
| 134|0x0000000712400000, 0x0000000712405570, 0x0000000712600000|  1%| O|  |TAMS 0x0000000712400000, 0x0000000712400000| Untracked 
| 135|0x0000000712600000, 0x0000000712600000, 0x0000000712800000|  0%| F|  |TAMS 0x0000000712600000, 0x0000000712600000| Untracked 
| 136|0x0000000712800000, 0x0000000712800000, 0x0000000712a00000|  0%| F|  |TAMS 0x0000000712800000, 0x0000000712800000| Untracked 
| 137|0x0000000712a00000, 0x0000000712a00000, 0x0000000712c00000|  0%| F|  |TAMS 0x0000000712a00000, 0x0000000712a00000| Untracked 
| 138|0x0000000712c00000, 0x0000000712c00000, 0x0000000712e00000|  0%| F|  |TAMS 0x0000000712c00000, 0x0000000712c00000| Untracked 
| 139|0x0000000712e00000, 0x0000000712e00000, 0x0000000713000000|  0%| F|  |TAMS 0x0000000712e00000, 0x0000000712e00000| Untracked 
| 140|0x0000000713000000, 0x0000000713000000, 0x0000000713200000|  0%| F|  |TAMS 0x0000000713000000, 0x0000000713000000| Untracked 
| 141|0x0000000713200000, 0x0000000713400000, 0x0000000713400000|100%|HS|  |TAMS 0x0000000713400000, 0x0000000713200000| Untracked 
| 142|0x0000000713400000, 0x0000000713600000, 0x0000000713600000|100%|HC|  |TAMS 0x0000000713600000, 0x0000000713400000| Untracked 
| 143|0x0000000713600000, 0x0000000713800000, 0x0000000713800000|100%|HC|  |TAMS 0x0000000713800000, 0x0000000713600000| Untracked 
| 144|0x0000000713800000, 0x0000000713a00000, 0x0000000713a00000|100%|HC|  |TAMS 0x0000000713a00000, 0x0000000713800000| Untracked 
| 145|0x0000000713a00000, 0x0000000713c00000, 0x0000000713c00000|100%|HC|  |TAMS 0x0000000713c00000, 0x0000000713a00000| Untracked 
| 146|0x0000000713c00000, 0x0000000713e00000, 0x0000000713e00000|100%|HC|  |TAMS 0x0000000713e00000, 0x0000000713c00000| Untracked 
| 147|0x0000000713e00000, 0x0000000714000000, 0x0000000714000000|100%|HC|  |TAMS 0x0000000714000000, 0x0000000713e00000| Untracked 
| 148|0x0000000714000000, 0x0000000714200000, 0x0000000714200000|100%|HC|  |TAMS 0x0000000714200000, 0x0000000714000000| Untracked 
| 149|0x0000000714200000, 0x0000000714400000, 0x0000000714400000|100%|HC|  |TAMS 0x0000000714400000, 0x0000000714200000| Untracked 
| 150|0x0000000714400000, 0x0000000714600000, 0x0000000714600000|100%|HC|  |TAMS 0x0000000714600000, 0x0000000714400000| Untracked 
| 151|0x0000000714600000, 0x0000000714600000, 0x0000000714800000|  0%| F|  |TAMS 0x0000000714600000, 0x0000000714600000| Untracked 
| 152|0x0000000714800000, 0x0000000714800000, 0x0000000714a00000|  0%| F|  |TAMS 0x0000000714800000, 0x0000000714800000| Untracked 
| 153|0x0000000714a00000, 0x0000000714a00000, 0x0000000714c00000|  0%| F|  |TAMS 0x0000000714a00000, 0x0000000714a00000| Untracked 
| 154|0x0000000714c00000, 0x0000000714c00000, 0x0000000714e00000|  0%| F|  |TAMS 0x0000000714c00000, 0x0000000714c00000| Untracked 
| 155|0x0000000714e00000, 0x0000000714e00000, 0x0000000715000000|  0%| F|  |TAMS 0x0000000714e00000, 0x0000000714e00000| Untracked 
| 156|0x0000000715000000, 0x0000000715000000, 0x0000000715200000|  0%| F|  |TAMS 0x0000000715000000, 0x0000000715000000| Untracked 
| 157|0x0000000715200000, 0x0000000715200000, 0x0000000715400000|  0%| F|  |TAMS 0x0000000715200000, 0x0000000715200000| Untracked 
| 158|0x0000000715400000, 0x0000000715400000, 0x0000000715600000|  0%| F|  |TAMS 0x0000000715400000, 0x0000000715400000| Untracked 
| 159|0x0000000715600000, 0x0000000715600000, 0x0000000715800000|  0%| F|  |TAMS 0x0000000715600000, 0x0000000715600000| Untracked 
| 160|0x0000000715800000, 0x0000000715800000, 0x0000000715a00000|  0%| F|  |TAMS 0x0000000715800000, 0x0000000715800000| Untracked 
| 161|0x0000000715a00000, 0x0000000715a00000, 0x0000000715c00000|  0%| F|  |TAMS 0x0000000715a00000, 0x0000000715a00000| Untracked 
| 162|0x0000000715c00000, 0x0000000715c00000, 0x0000000715e00000|  0%| F|  |TAMS 0x0000000715c00000, 0x0000000715c00000| Untracked 
| 163|0x0000000715e00000, 0x0000000715e00000, 0x0000000716000000|  0%| F|  |TAMS 0x0000000715e00000, 0x0000000715e00000| Untracked 
| 164|0x0000000716000000, 0x0000000716000000, 0x0000000716200000|  0%| F|  |TAMS 0x0000000716000000, 0x0000000716000000| Untracked 
| 165|0x0000000716200000, 0x0000000716200000, 0x0000000716400000|  0%| F|  |TAMS 0x0000000716200000, 0x0000000716200000| Untracked 
| 166|0x0000000716400000, 0x0000000716400000, 0x0000000716600000|  0%| F|  |TAMS 0x0000000716400000, 0x0000000716400000| Untracked 
| 167|0x0000000716600000, 0x0000000716600000, 0x0000000716800000|  0%| F|  |TAMS 0x0000000716600000, 0x0000000716600000| Untracked 
| 168|0x0000000716800000, 0x0000000716800000, 0x0000000716a00000|  0%| F|  |TAMS 0x0000000716800000, 0x0000000716800000| Untracked 
| 169|0x0000000716a00000, 0x0000000716a00000, 0x0000000716c00000|  0%| F|  |TAMS 0x0000000716a00000, 0x0000000716a00000| Untracked 
| 170|0x0000000716c00000, 0x0000000716c00000, 0x0000000716e00000|  0%| F|  |TAMS 0x0000000716c00000, 0x0000000716c00000| Untracked 
| 171|0x0000000716e00000, 0x0000000716e00000, 0x0000000717000000|  0%| F|  |TAMS 0x0000000716e00000, 0x0000000716e00000| Untracked 
| 172|0x0000000717000000, 0x0000000717000000, 0x0000000717200000|  0%| F|  |TAMS 0x0000000717000000, 0x0000000717000000| Untracked 
| 173|0x0000000717200000, 0x0000000717200000, 0x0000000717400000|  0%| F|  |TAMS 0x0000000717200000, 0x0000000717200000| Untracked 
| 174|0x0000000717400000, 0x0000000717400000, 0x0000000717600000|  0%| F|  |TAMS 0x0000000717400000, 0x0000000717400000| Untracked 
| 175|0x0000000717600000, 0x0000000717600000, 0x0000000717800000|  0%| F|  |TAMS 0x0000000717600000, 0x0000000717600000| Untracked 
| 176|0x0000000717800000, 0x0000000717800000, 0x0000000717a00000|  0%| F|  |TAMS 0x0000000717800000, 0x0000000717800000| Untracked 
| 177|0x0000000717a00000, 0x0000000717a00000, 0x0000000717c00000|  0%| F|  |TAMS 0x0000000717a00000, 0x0000000717a00000| Untracked 
| 178|0x0000000717c00000, 0x0000000717c00000, 0x0000000717e00000|  0%| F|  |TAMS 0x0000000717c00000, 0x0000000717c00000| Untracked 
| 179|0x0000000717e00000, 0x0000000717e00000, 0x0000000718000000|  0%| F|  |TAMS 0x0000000717e00000, 0x0000000717e00000| Untracked 
| 180|0x0000000718000000, 0x0000000718000000, 0x0000000718200000|  0%| F|  |TAMS 0x0000000718000000, 0x0000000718000000| Untracked 
| 181|0x0000000718200000, 0x0000000718200000, 0x0000000718400000|  0%| F|  |TAMS 0x0000000718200000, 0x0000000718200000| Untracked 
| 182|0x0000000718400000, 0x0000000718400000, 0x0000000718600000|  0%| F|  |TAMS 0x0000000718400000, 0x0000000718400000| Untracked 
| 183|0x0000000718600000, 0x0000000718600000, 0x0000000718800000|  0%| F|  |TAMS 0x0000000718600000, 0x0000000718600000| Untracked 
| 184|0x0000000718800000, 0x0000000718800000, 0x0000000718a00000|  0%| F|  |TAMS 0x0000000718800000, 0x0000000718800000| Untracked 
| 185|0x0000000718a00000, 0x0000000718a00000, 0x0000000718c00000|  0%| F|  |TAMS 0x0000000718a00000, 0x0000000718a00000| Untracked 
| 186|0x0000000718c00000, 0x0000000718c00000, 0x0000000718e00000|  0%| F|  |TAMS 0x0000000718c00000, 0x0000000718c00000| Untracked 
| 187|0x0000000718e00000, 0x0000000718e00000, 0x0000000719000000|  0%| F|  |TAMS 0x0000000718e00000, 0x0000000718e00000| Untracked 
| 188|0x0000000719000000, 0x0000000719000000, 0x0000000719200000|  0%| F|  |TAMS 0x0000000719000000, 0x0000000719000000| Untracked 
| 189|0x0000000719200000, 0x0000000719200000, 0x0000000719400000|  0%| F|  |TAMS 0x0000000719200000, 0x0000000719200000| Untracked 
| 190|0x0000000719400000, 0x0000000719400000, 0x0000000719600000|  0%| F|  |TAMS 0x0000000719400000, 0x0000000719400000| Untracked 
| 191|0x0000000719600000, 0x0000000719600000, 0x0000000719800000|  0%| F|  |TAMS 0x0000000719600000, 0x0000000719600000| Untracked 
| 192|0x0000000719800000, 0x0000000719800000, 0x0000000719a00000|  0%| F|  |TAMS 0x0000000719800000, 0x0000000719800000| Untracked 
| 193|0x0000000719a00000, 0x0000000719a00000, 0x0000000719c00000|  0%| F|  |TAMS 0x0000000719a00000, 0x0000000719a00000| Untracked 
| 194|0x0000000719c00000, 0x0000000719c00000, 0x0000000719e00000|  0%| F|  |TAMS 0x0000000719c00000, 0x0000000719c00000| Untracked 
| 195|0x0000000719e00000, 0x0000000719e00000, 0x000000071a000000|  0%| F|  |TAMS 0x0000000719e00000, 0x0000000719e00000| Untracked 
| 196|0x000000071a000000, 0x000000071a000000, 0x000000071a200000|  0%| F|  |TAMS 0x000000071a000000, 0x000000071a000000| Untracked 
| 197|0x000000071a200000, 0x000000071a200000, 0x000000071a400000|  0%| F|  |TAMS 0x000000071a200000, 0x000000071a200000| Untracked 
| 198|0x000000071a400000, 0x000000071a400000, 0x000000071a600000|  0%| F|  |TAMS 0x000000071a400000, 0x000000071a400000| Untracked 
| 199|0x000000071a600000, 0x000000071a600000, 0x000000071a800000|  0%| F|  |TAMS 0x000000071a600000, 0x000000071a600000| Untracked 
| 200|0x000000071a800000, 0x000000071a800000, 0x000000071aa00000|  0%| F|  |TAMS 0x000000071a800000, 0x000000071a800000| Untracked 
| 201|0x000000071aa00000, 0x000000071aa00000, 0x000000071ac00000|  0%| F|  |TAMS 0x000000071aa00000, 0x000000071aa00000| Untracked 
| 202|0x000000071ac00000, 0x000000071ac00000, 0x000000071ae00000|  0%| F|  |TAMS 0x000000071ac00000, 0x000000071ac00000| Untracked 
| 203|0x000000071ae00000, 0x000000071ae00000, 0x000000071b000000|  0%| F|  |TAMS 0x000000071ae00000, 0x000000071ae00000| Untracked 
| 204|0x000000071b000000, 0x000000071b000000, 0x000000071b200000|  0%| F|  |TAMS 0x000000071b000000, 0x000000071b000000| Untracked 
| 205|0x000000071b200000, 0x000000071b200000, 0x000000071b400000|  0%| F|  |TAMS 0x000000071b200000, 0x000000071b200000| Untracked 
| 206|0x000000071b400000, 0x000000071b400000, 0x000000071b600000|  0%| F|  |TAMS 0x000000071b400000, 0x000000071b400000| Untracked 
| 207|0x000000071b600000, 0x000000071b600000, 0x000000071b800000|  0%| F|  |TAMS 0x000000071b600000, 0x000000071b600000| Untracked 
| 208|0x000000071b800000, 0x000000071b800000, 0x000000071ba00000|  0%| F|  |TAMS 0x000000071b800000, 0x000000071b800000| Untracked 
| 209|0x000000071ba00000, 0x000000071ba00000, 0x000000071bc00000|  0%| F|  |TAMS 0x000000071ba00000, 0x000000071ba00000| Untracked 
| 210|0x000000071bc00000, 0x000000071bc00000, 0x000000071be00000|  0%| F|  |TAMS 0x000000071bc00000, 0x000000071bc00000| Untracked 
| 211|0x000000071be00000, 0x000000071be00000, 0x000000071c000000|  0%| F|  |TAMS 0x000000071be00000, 0x000000071be00000| Untracked 
| 212|0x000000071c000000, 0x000000071c000000, 0x000000071c200000|  0%| F|  |TAMS 0x000000071c000000, 0x000000071c000000| Untracked 
| 213|0x000000071c200000, 0x000000071c200000, 0x000000071c400000|  0%| F|  |TAMS 0x000000071c200000, 0x000000071c200000| Untracked 
| 214|0x000000071c400000, 0x000000071c400000, 0x000000071c600000|  0%| F|  |TAMS 0x000000071c400000, 0x000000071c400000| Untracked 
| 215|0x000000071c600000, 0x000000071c600000, 0x000000071c800000|  0%| F|  |TAMS 0x000000071c600000, 0x000000071c600000| Untracked 
| 216|0x000000071c800000, 0x000000071c800000, 0x000000071ca00000|  0%| F|  |TAMS 0x000000071c800000, 0x000000071c800000| Untracked 
| 217|0x000000071ca00000, 0x000000071ca00000, 0x000000071cc00000|  0%| F|  |TAMS 0x000000071ca00000, 0x000000071ca00000| Untracked 
| 218|0x000000071cc00000, 0x000000071cc00000, 0x000000071ce00000|  0%| F|  |TAMS 0x000000071cc00000, 0x000000071cc00000| Untracked 
| 219|0x000000071ce00000, 0x000000071ce00000, 0x000000071d000000|  0%| F|  |TAMS 0x000000071ce00000, 0x000000071ce00000| Untracked 
| 220|0x000000071d000000, 0x000000071d000000, 0x000000071d200000|  0%| F|  |TAMS 0x000000071d000000, 0x000000071d000000| Untracked 
| 221|0x000000071d200000, 0x000000071d200000, 0x000000071d400000|  0%| F|  |TAMS 0x000000071d200000, 0x000000071d200000| Untracked 
| 222|0x000000071d400000, 0x000000071d400000, 0x000000071d600000|  0%| F|  |TAMS 0x000000071d400000, 0x000000071d400000| Untracked 
| 223|0x000000071d600000, 0x000000071d600000, 0x000000071d800000|  0%| F|  |TAMS 0x000000071d600000, 0x000000071d600000| Untracked 
| 224|0x000000071d800000, 0x000000071d800000, 0x000000071da00000|  0%| F|  |TAMS 0x000000071d800000, 0x000000071d800000| Untracked 
| 225|0x000000071da00000, 0x000000071da00000, 0x000000071dc00000|  0%| F|  |TAMS 0x000000071da00000, 0x000000071da00000| Untracked 
| 226|0x000000071dc00000, 0x000000071dc00000, 0x000000071de00000|  0%| F|  |TAMS 0x000000071dc00000, 0x000000071dc00000| Untracked 
| 227|0x000000071de00000, 0x000000071de00000, 0x000000071e000000|  0%| F|  |TAMS 0x000000071de00000, 0x000000071de00000| Untracked 
| 228|0x000000071e000000, 0x000000071e000000, 0x000000071e200000|  0%| F|  |TAMS 0x000000071e000000, 0x000000071e000000| Untracked 
| 229|0x000000071e200000, 0x000000071e200000, 0x000000071e400000|  0%| F|  |TAMS 0x000000071e200000, 0x000000071e200000| Untracked 
| 230|0x000000071e400000, 0x000000071e400000, 0x000000071e600000|  0%| F|  |TAMS 0x000000071e400000, 0x000000071e400000| Untracked 
| 231|0x000000071e600000, 0x000000071e600000, 0x000000071e800000|  0%| F|  |TAMS 0x000000071e600000, 0x000000071e600000| Untracked 
| 232|0x000000071e800000, 0x000000071e800000, 0x000000071ea00000|  0%| F|  |TAMS 0x000000071e800000, 0x000000071e800000| Untracked 
| 233|0x000000071ea00000, 0x000000071ea00000, 0x000000071ec00000|  0%| F|  |TAMS 0x000000071ea00000, 0x000000071ea00000| Untracked 
| 234|0x000000071ec00000, 0x000000071ec00000, 0x000000071ee00000|  0%| F|  |TAMS 0x000000071ec00000, 0x000000071ec00000| Untracked 
| 235|0x000000071ee00000, 0x000000071ee00000, 0x000000071f000000|  0%| F|  |TAMS 0x000000071ee00000, 0x000000071ee00000| Untracked 
| 236|0x000000071f000000, 0x000000071f000000, 0x000000071f200000|  0%| F|  |TAMS 0x000000071f000000, 0x000000071f000000| Untracked 
| 237|0x000000071f200000, 0x000000071f200000, 0x000000071f400000|  0%| F|  |TAMS 0x000000071f200000, 0x000000071f200000| Untracked 
| 238|0x000000071f400000, 0x000000071f400000, 0x000000071f600000|  0%| F|  |TAMS 0x000000071f400000, 0x000000071f400000| Untracked 
| 239|0x000000071f600000, 0x000000071f600000, 0x000000071f800000|  0%| F|  |TAMS 0x000000071f600000, 0x000000071f600000| Untracked 
| 240|0x000000071f800000, 0x000000071f800000, 0x000000071fa00000|  0%| F|  |TAMS 0x000000071f800000, 0x000000071f800000| Untracked 
| 241|0x000000071fa00000, 0x000000071fa00000, 0x000000071fc00000|  0%| F|  |TAMS 0x000000071fa00000, 0x000000071fa00000| Untracked 
| 242|0x000000071fc00000, 0x000000071fc00000, 0x000000071fe00000|  0%| F|  |TAMS 0x000000071fc00000, 0x000000071fc00000| Untracked 
| 243|0x000000071fe00000, 0x000000071fe00000, 0x0000000720000000|  0%| F|  |TAMS 0x000000071fe00000, 0x000000071fe00000| Untracked 
| 244|0x0000000720000000, 0x0000000720000000, 0x0000000720200000|  0%| F|  |TAMS 0x0000000720000000, 0x0000000720000000| Untracked 
| 245|0x0000000720200000, 0x0000000720200000, 0x0000000720400000|  0%| F|  |TAMS 0x0000000720200000, 0x0000000720200000| Untracked 
| 246|0x0000000720400000, 0x0000000720400000, 0x0000000720600000|  0%| F|  |TAMS 0x0000000720400000, 0x0000000720400000| Untracked 
| 247|0x0000000720600000, 0x0000000720600000, 0x0000000720800000|  0%| F|  |TAMS 0x0000000720600000, 0x0000000720600000| Untracked 
| 248|0x0000000720800000, 0x0000000720800000, 0x0000000720a00000|  0%| F|  |TAMS 0x0000000720800000, 0x0000000720800000| Untracked 
| 249|0x0000000720a00000, 0x0000000720a00000, 0x0000000720c00000|  0%| F|  |TAMS 0x0000000720a00000, 0x0000000720a00000| Untracked 
| 250|0x0000000720c00000, 0x0000000720c00000, 0x0000000720e00000|  0%| F|  |TAMS 0x0000000720c00000, 0x0000000720c00000| Untracked 
| 251|0x0000000720e00000, 0x0000000720e00000, 0x0000000721000000|  0%| F|  |TAMS 0x0000000720e00000, 0x0000000720e00000| Untracked 
| 252|0x0000000721000000, 0x0000000721000000, 0x0000000721200000|  0%| F|  |TAMS 0x0000000721000000, 0x0000000721000000| Untracked 
| 253|0x0000000721200000, 0x0000000721200000, 0x0000000721400000|  0%| F|  |TAMS 0x0000000721200000, 0x0000000721200000| Untracked 
| 254|0x0000000721400000, 0x0000000721400000, 0x0000000721600000|  0%| F|  |TAMS 0x0000000721400000, 0x0000000721400000| Untracked 
| 255|0x0000000721600000, 0x0000000721600000, 0x0000000721800000|  0%| F|  |TAMS 0x0000000721600000, 0x0000000721600000| Untracked 
| 256|0x0000000721800000, 0x0000000721800000, 0x0000000721a00000|  0%| F|  |TAMS 0x0000000721800000, 0x0000000721800000| Untracked 
| 257|0x0000000721a00000, 0x0000000721a00000, 0x0000000721c00000|  0%| F|  |TAMS 0x0000000721a00000, 0x0000000721a00000| Untracked 
| 258|0x0000000721c00000, 0x0000000721c00000, 0x0000000721e00000|  0%| F|  |TAMS 0x0000000721c00000, 0x0000000721c00000| Untracked 
| 259|0x0000000721e00000, 0x0000000721e00000, 0x0000000722000000|  0%| F|  |TAMS 0x0000000721e00000, 0x0000000721e00000| Untracked 
| 260|0x0000000722000000, 0x0000000722000000, 0x0000000722200000|  0%| F|  |TAMS 0x0000000722000000, 0x0000000722000000| Untracked 
| 261|0x0000000722200000, 0x0000000722200000, 0x0000000722400000|  0%| F|  |TAMS 0x0000000722200000, 0x0000000722200000| Untracked 
| 262|0x0000000722400000, 0x0000000722400000, 0x0000000722600000|  0%| F|  |TAMS 0x0000000722400000, 0x0000000722400000| Untracked 
| 263|0x0000000722600000, 0x0000000722600000, 0x0000000722800000|  0%| F|  |TAMS 0x0000000722600000, 0x0000000722600000| Untracked 
| 264|0x0000000722800000, 0x0000000722800000, 0x0000000722a00000|  0%| F|  |TAMS 0x0000000722800000, 0x0000000722800000| Untracked 
| 265|0x0000000722a00000, 0x0000000722a00000, 0x0000000722c00000|  0%| F|  |TAMS 0x0000000722a00000, 0x0000000722a00000| Untracked 
| 266|0x0000000722c00000, 0x0000000722c00000, 0x0000000722e00000|  0%| F|  |TAMS 0x0000000722c00000, 0x0000000722c00000| Untracked 
| 267|0x0000000722e00000, 0x0000000722e00000, 0x0000000723000000|  0%| F|  |TAMS 0x0000000722e00000, 0x0000000722e00000| Untracked 
| 268|0x0000000723000000, 0x0000000723000000, 0x0000000723200000|  0%| F|  |TAMS 0x0000000723000000, 0x0000000723000000| Untracked 
| 269|0x0000000723200000, 0x0000000723200000, 0x0000000723400000|  0%| F|  |TAMS 0x0000000723200000, 0x0000000723200000| Untracked 
| 270|0x0000000723400000, 0x0000000723400000, 0x0000000723600000|  0%| F|  |TAMS 0x0000000723400000, 0x0000000723400000| Untracked 
| 271|0x0000000723600000, 0x0000000723600000, 0x0000000723800000|  0%| F|  |TAMS 0x0000000723600000, 0x0000000723600000| Untracked 
| 272|0x0000000723800000, 0x0000000723800000, 0x0000000723a00000|  0%| F|  |TAMS 0x0000000723800000, 0x0000000723800000| Untracked 
| 273|0x0000000723a00000, 0x0000000723a00000, 0x0000000723c00000|  0%| F|  |TAMS 0x0000000723a00000, 0x0000000723a00000| Untracked 
| 274|0x0000000723c00000, 0x0000000723c00000, 0x0000000723e00000|  0%| F|  |TAMS 0x0000000723c00000, 0x0000000723c00000| Untracked 
| 275|0x0000000723e00000, 0x0000000723e00000, 0x0000000724000000|  0%| F|  |TAMS 0x0000000723e00000, 0x0000000723e00000| Untracked 
| 276|0x0000000724000000, 0x0000000724000000, 0x0000000724200000|  0%| F|  |TAMS 0x0000000724000000, 0x0000000724000000| Untracked 
| 277|0x0000000724200000, 0x0000000724200000, 0x0000000724400000|  0%| F|  |TAMS 0x0000000724200000, 0x0000000724200000| Untracked 
| 278|0x0000000724400000, 0x0000000724400000, 0x0000000724600000|  0%| F|  |TAMS 0x0000000724400000, 0x0000000724400000| Untracked 
| 279|0x0000000724600000, 0x000000072460d368, 0x0000000724800000|  2%| O|  |TAMS 0x0000000724600000, 0x0000000724600000| Untracked 
| 280|0x0000000724800000, 0x0000000724800000, 0x0000000724a00000|  0%| F|  |TAMS 0x0000000724800000, 0x0000000724800000| Untracked 
| 281|0x0000000724a00000, 0x0000000724a00000, 0x0000000724c00000|  0%| F|  |TAMS 0x0000000724a00000, 0x0000000724a00000| Untracked 
| 282|0x0000000724c00000, 0x0000000724c00000, 0x0000000724e00000|  0%| F|  |TAMS 0x0000000724c00000, 0x0000000724c00000| Untracked 
| 283|0x0000000724e00000, 0x0000000724e00000, 0x0000000725000000|  0%| F|  |TAMS 0x0000000724e00000, 0x0000000724e00000| Untracked 
| 284|0x0000000725000000, 0x0000000725000000, 0x0000000725200000|  0%| F|  |TAMS 0x0000000725000000, 0x0000000725000000| Untracked 
| 285|0x0000000725200000, 0x0000000725200000, 0x0000000725400000|  0%| F|  |TAMS 0x0000000725200000, 0x0000000725200000| Untracked 
| 286|0x0000000725400000, 0x0000000725400000, 0x0000000725600000|  0%| F|  |TAMS 0x0000000725400000, 0x0000000725400000| Untracked 
| 287|0x0000000725600000, 0x0000000725600000, 0x0000000725800000|  0%| F|  |TAMS 0x0000000725600000, 0x0000000725600000| Untracked 
| 288|0x0000000725800000, 0x0000000725800000, 0x0000000725a00000|  0%| F|  |TAMS 0x0000000725800000, 0x0000000725800000| Untracked 
| 289|0x0000000725a00000, 0x0000000725a00000, 0x0000000725c00000|  0%| F|  |TAMS 0x0000000725a00000, 0x0000000725a00000| Untracked 
| 290|0x0000000725c00000, 0x0000000725c00000, 0x0000000725e00000|  0%| F|  |TAMS 0x0000000725c00000, 0x0000000725c00000| Untracked 
| 291|0x0000000725e00000, 0x0000000725e00000, 0x0000000726000000|  0%| F|  |TAMS 0x0000000725e00000, 0x0000000725e00000| Untracked 
| 292|0x0000000726000000, 0x0000000726000000, 0x0000000726200000|  0%| F|  |TAMS 0x0000000726000000, 0x0000000726000000| Untracked 
| 293|0x0000000726200000, 0x0000000726200000, 0x0000000726400000|  0%| F|  |TAMS 0x0000000726200000, 0x0000000726200000| Untracked 
| 294|0x0000000726400000, 0x0000000726400000, 0x0000000726600000|  0%| F|  |TAMS 0x0000000726400000, 0x0000000726400000| Untracked 
| 295|0x0000000726600000, 0x0000000726600000, 0x0000000726800000|  0%| F|  |TAMS 0x0000000726600000, 0x0000000726600000| Untracked 
| 296|0x0000000726800000, 0x0000000726800000, 0x0000000726a00000|  0%| F|  |TAMS 0x0000000726800000, 0x0000000726800000| Untracked 
| 297|0x0000000726a00000, 0x0000000726a00000, 0x0000000726c00000|  0%| F|  |TAMS 0x0000000726a00000, 0x0000000726a00000| Untracked 
| 298|0x0000000726c00000, 0x0000000726c00000, 0x0000000726e00000|  0%| F|  |TAMS 0x0000000726c00000, 0x0000000726c00000| Untracked 
| 299|0x0000000726e00000, 0x0000000726e00000, 0x0000000727000000|  0%| F|  |TAMS 0x0000000726e00000, 0x0000000726e00000| Untracked 
| 300|0x0000000727000000, 0x0000000727000000, 0x0000000727200000|  0%| F|  |TAMS 0x0000000727000000, 0x0000000727000000| Untracked 
| 301|0x0000000727200000, 0x0000000727200000, 0x0000000727400000|  0%| F|  |TAMS 0x0000000727200000, 0x0000000727200000| Untracked 
| 302|0x0000000727400000, 0x0000000727400000, 0x0000000727600000|  0%| F|  |TAMS 0x0000000727400000, 0x0000000727400000| Untracked 
| 303|0x0000000727600000, 0x0000000727600000, 0x0000000727800000|  0%| F|  |TAMS 0x0000000727600000, 0x0000000727600000| Untracked 
| 304|0x0000000727800000, 0x0000000727800000, 0x0000000727a00000|  0%| F|  |TAMS 0x0000000727800000, 0x0000000727800000| Untracked 
| 305|0x0000000727a00000, 0x0000000727a00000, 0x0000000727c00000|  0%| F|  |TAMS 0x0000000727a00000, 0x0000000727a00000| Untracked 
| 306|0x0000000727c00000, 0x0000000727c00000, 0x0000000727e00000|  0%| F|  |TAMS 0x0000000727c00000, 0x0000000727c00000| Untracked 
| 307|0x0000000727e00000, 0x0000000727e00000, 0x0000000728000000|  0%| F|  |TAMS 0x0000000727e00000, 0x0000000727e00000| Untracked 
| 308|0x0000000728000000, 0x0000000728000000, 0x0000000728200000|  0%| F|  |TAMS 0x0000000728000000, 0x0000000728000000| Untracked 
| 309|0x0000000728200000, 0x0000000728200000, 0x0000000728400000|  0%| F|  |TAMS 0x0000000728200000, 0x0000000728200000| Untracked 
| 310|0x0000000728400000, 0x0000000728400000, 0x0000000728600000|  0%| F|  |TAMS 0x0000000728400000, 0x0000000728400000| Untracked 
| 311|0x0000000728600000, 0x0000000728600000, 0x0000000728800000|  0%| F|  |TAMS 0x0000000728600000, 0x0000000728600000| Untracked 
| 312|0x0000000728800000, 0x0000000728800000, 0x0000000728a00000|  0%| F|  |TAMS 0x0000000728800000, 0x0000000728800000| Untracked 
| 313|0x0000000728a00000, 0x0000000728a00000, 0x0000000728c00000|  0%| F|  |TAMS 0x0000000728a00000, 0x0000000728a00000| Untracked 
| 314|0x0000000728c00000, 0x0000000728c00000, 0x0000000728e00000|  0%| F|  |TAMS 0x0000000728c00000, 0x0000000728c00000| Untracked 
| 315|0x0000000728e00000, 0x0000000728e00000, 0x0000000729000000|  0%| F|  |TAMS 0x0000000728e00000, 0x0000000728e00000| Untracked 
| 316|0x0000000729000000, 0x0000000729000000, 0x0000000729200000|  0%| F|  |TAMS 0x0000000729000000, 0x0000000729000000| Untracked 
| 317|0x0000000729200000, 0x0000000729200000, 0x0000000729400000|  0%| F|  |TAMS 0x0000000729200000, 0x0000000729200000| Untracked 
| 318|0x0000000729400000, 0x0000000729474488, 0x0000000729600000| 22%| E|  |TAMS 0x0000000729400000, 0x0000000729400000| Complete 
| 319|0x0000000729600000, 0x0000000729800000, 0x0000000729800000|100%| E|CS|TAMS 0x0000000729600000, 0x0000000729600000| Complete 
| 320|0x0000000729800000, 0x0000000729a00000, 0x0000000729a00000|100%| E|CS|TAMS 0x0000000729800000, 0x0000000729800000| Complete 
| 321|0x0000000729a00000, 0x0000000729c00000, 0x0000000729c00000|100%| E|CS|TAMS 0x0000000729a00000, 0x0000000729a00000| Complete 
| 322|0x0000000729c00000, 0x0000000729e00000, 0x0000000729e00000|100%| E|CS|TAMS 0x0000000729c00000, 0x0000000729c00000| Complete 
| 323|0x0000000729e00000, 0x000000072a000000, 0x000000072a000000|100%| E|CS|TAMS 0x0000000729e00000, 0x0000000729e00000| Complete 
| 324|0x000000072a000000, 0x000000072a200000, 0x000000072a200000|100%| E|CS|TAMS 0x000000072a000000, 0x000000072a000000| Complete 
| 325|0x000000072a200000, 0x000000072a400000, 0x000000072a400000|100%| E|CS|TAMS 0x000000072a200000, 0x000000072a200000| Complete 
| 326|0x000000072a400000, 0x000000072a600000, 0x000000072a600000|100%| E|CS|TAMS 0x000000072a400000, 0x000000072a400000| Complete 

Card table byte_map: [0x000001af6c190000,0x000001af6c990000] _byte_map_base: 0x000001af68984000

Marking Bits (Prev, Next): (CMBitMap*) 0x000001af53f49930, (CMBitMap*) 0x000001af53f49970
 Prev Bits: [0x000001af6d190000, 0x000001af71130000)
 Next Bits: [0x000001af71130000, 0x000001af750d0000)

Polling page: 0x000001af495a0000

Metaspace:

Usage:
  Non-class:     84.53 MB used.
      Class:     13.57 MB used.
       Both:     98.10 MB used.

Virtual space:
  Non-class space:      128.00 MB reserved,      84.81 MB ( 66%) committed,  2 nodes.
      Class space:        1.00 GB reserved,      14.06 MB (  1%) committed,  1 nodes.
             Both:        1.12 GB reserved,      98.88 MB (  9%) committed. 

Chunk freelists:
   Non-Class:  10.46 MB
       Class:  2.07 MB
        Both:  12.53 MB

MaxMetaspaceSize: unlimited
CompressedClassSpaceSize: 1.00 GB
Initial GC threshold: 21.00 MB
Current GC threshold: 164.81 MB
CDS: on
MetaspaceReclaimPolicy: balanced
 - commit_granule_bytes: 65536.
 - commit_granule_words: 8192.
 - virtual_space_node_default_size: 8388608.
 - enlarge_chunks_in_place: 1.
 - new_chunks_are_fully_committed: 0.
 - uncommit_free_chunks: 1.
 - use_allocation_guard: 0.
 - handle_deallocations: 1.


Internal statistics:

num_allocs_failed_limit: 6.
num_arena_births: 1680.
num_arena_deaths: 1126.
num_vsnodes_births: 3.
num_vsnodes_deaths: 0.
num_space_committed: 1576.
num_space_uncommitted: 0.
num_chunks_returned_to_freelist: 1342.
num_chunks_taken_from_freelist: 4742.
num_chunk_merges: 500.
num_chunk_splits: 3238.
num_chunks_enlarged: 2385.
num_inconsistent_stats: 0.

CodeHeap 'non-profiled nmethods': size=119168Kb used=35717Kb max_used=35717Kb free=83450Kb
 bounds [0x000001af63ed0000, 0x000001af661d0000, 0x000001af6b330000]
CodeHeap 'profiled nmethods': size=119104Kb used=47763Kb max_used=47763Kb free=71341Kb
 bounds [0x000001af5c330000, 0x000001af5f260000, 0x000001af63780000]
CodeHeap 'non-nmethods': size=7488Kb used=1799Kb max_used=3505Kb free=5688Kb
 bounds [0x000001af63780000, 0x000001af63af0000, 0x000001af63ed0000]
 total_blobs=25374 nmethods=24113 adapters=1166
 compilation: enabled
              stopped_count=0, restarted_count=0
 full_count=0

Compilation events (20 events):
Event: 74090.135 Thread 0x000001af541e0f10 nmethod 33552 0x000001af5e5a2390 code [0x000001af5e5a2b20, 0x000001af5e5a6f38]
Event: 74090.137 Thread 0x000001af541e0f10 33553   !   3       de.javasoft.plaf.synthetica.StyleFactory$9::propertyChange (101 bytes)
Event: 74090.139 Thread 0x000001af541e0f10 nmethod 33553 0x000001af5cc5cb10 code [0x000001af5cc5cda0, 0x000001af5cc5dd08]
Event: 74090.144 Thread 0x000001af541dd5b0 nmethod 33549 0x000001af66150110 code [0x000001af66150380, 0x000001af661515e0]
Event: 74090.253 Thread 0x000001af541e0f10 33554       3       com.jidesoft.plaf.basic.BasicJideButtonUI::installKeyboardActions (19 bytes)
Event: 74090.254 Thread 0x000001af541e0f10 nmethod 33554 0x000001af5db94e10 code [0x000001af5db94fc0, 0x000001af5db95318]
Event: 74090.254 Thread 0x000001af541e0f10 33555       3       com.jidesoft.plaf.basic.BasicJideButtonUI::installUI (36 bytes)
Event: 74090.254 Thread 0x000001af541e0f10 nmethod 33555 0x000001af5d336890 code [0x000001af5d336ac0, 0x000001af5d337578]
Event: 74090.259 Thread 0x000001af541e0f10 33556       3       com.jidesoft.plaf.basic.BasicJideButtonUI::installListeners (42 bytes)
Event: 74090.261 Thread 0x000001af541e0f10 nmethod 33556 0x000001af5dc52710 code [0x000001af5dc52940, 0x000001af5dc531f8]
Event: 74090.322 Thread 0x000001af541dd5b0 33557       4       javax.swing.LookAndFeel::installColorsAndFont (34 bytes)
Event: 74090.329 Thread 0x000001af541e0f10 33558       1       com.jidesoft.action.DockableBarContainer::getDockableBarList (5 bytes)
Event: 74090.329 Thread 0x000001af541e0f10 nmethod 33558 0x000001af65bd3590 code [0x000001af65bd3720, 0x000001af65bd37f8]
Event: 74090.330 Thread 0x000001af541e0f10 33559       3       com.jidesoft.swing.JideMenu::isTopLevelMenu (23 bytes)
Event: 74090.331 Thread 0x000001af541e0f10 nmethod 33559 0x000001af5e510010 code [0x000001af5e5101c0, 0x000001af5e510658]
Event: 74090.337 Thread 0x000001af541dd5b0 nmethod 33557 0x000001af6614f390 code [0x000001af6614f5a0, 0x000001af6614fbe0]
Event: 74090.395 Thread 0x000001af541dd5b0 33560       4       javax.swing.ComponentInputMap::clear (29 bytes)
Event: 74090.405 Thread 0x000001af541dd5b0 nmethod 33560 0x000001af6614ec10 code [0x000001af6614edc0, 0x000001af6614f138]
Event: 74090.427 Thread 0x000001af541e0f10 33561       3       javax.swing.plaf.basic.BasicComboBoxUI::setPopupVisible (33 bytes)
Event: 74090.428 Thread 0x000001af541e0f10 nmethod 33561 0x000001af5ddb0810 code [0x000001af5ddb09e0, 0x000001af5ddb0d38]

GC Heap History (20 events):
Event: 28267.700 GC heap before
{Heap before GC invocations=1305 (full 504):
 garbage-first heap   total 669696K, used 285031K [0x0000000701800000, 0x0000000800000000)
  region size 2048K, 40 young (81920K), 1 survivors (2048K)
 Metaspace       used 100371K, committed 101248K, reserved 1179648K
  class space    used 13878K, committed 14400K, reserved 1048576K
}
Event: 28267.707 GC heap after
{Heap after GC invocations=1306 (full 504):
 garbage-first heap   total 669696K, used 205161K [0x0000000701800000, 0x0000000800000000)
  region size 2048K, 1 young (2048K), 1 survivors (2048K)
 Metaspace       used 100371K, committed 101248K, reserved 1179648K
  class space    used 13878K, committed 14400K, reserved 1048576K
}
Event: 28350.253 GC heap before
{Heap before GC invocations=1306 (full 504):
 garbage-first heap   total 669696K, used 285033K [0x0000000701800000, 0x0000000800000000)
  region size 2048K, 40 young (81920K), 1 survivors (2048K)
 Metaspace       used 100371K, committed 101248K, reserved 1179648K
  class space    used 13878K, committed 14400K, reserved 1048576K
}
Event: 28350.260 GC heap after
{Heap after GC invocations=1307 (full 504):
 garbage-first heap   total 669696K, used 205123K [0x0000000701800000, 0x0000000800000000)
  region size 2048K, 1 young (2048K), 1 survivors (2048K)
 Metaspace       used 100371K, committed 101248K, reserved 1179648K
  class space    used 13878K, committed 14400K, reserved 1048576K
}
Event: 28433.007 GC heap before
{Heap before GC invocations=1307 (full 504):
 garbage-first heap   total 669696K, used 284995K [0x0000000701800000, 0x0000000800000000)
  region size 2048K, 40 young (81920K), 1 survivors (2048K)
 Metaspace       used 100371K, committed 101248K, reserved 1179648K
  class space    used 13878K, committed 14400K, reserved 1048576K
}
Event: 28433.014 GC heap after
{Heap after GC invocations=1308 (full 504):
 garbage-first heap   total 669696K, used 205117K [0x0000000701800000, 0x0000000800000000)
  region size 2048K, 1 young (2048K), 1 survivors (2048K)
 Metaspace       used 100371K, committed 101248K, reserved 1179648K
  class space    used 13878K, committed 14400K, reserved 1048576K
}
Event: 28494.872 GC heap before
{Heap before GC invocations=1308 (full 504):
 garbage-first heap   total 669696K, used 264509K [0x0000000701800000, 0x0000000800000000)
  region size 2048K, 31 young (63488K), 1 survivors (2048K)
 Metaspace       used 100371K, committed 101248K, reserved 1179648K
  class space    used 13878K, committed 14400K, reserved 1048576K
}
Event: 28495.139 GC heap after
{Heap after GC invocations=1309 (full 505):
 garbage-first heap   total 669696K, used 204254K [0x0000000701800000, 0x0000000800000000)
  region size 2048K, 0 young (0K), 0 survivors (0K)
 Metaspace       used 100371K, committed 101248K, reserved 1179648K
  class space    used 13878K, committed 14400K, reserved 1048576K
}
Event: 28579.996 GC heap before
{Heap before GC invocations=1309 (full 505):
 garbage-first heap   total 669696K, used 286174K [0x0000000701800000, 0x0000000800000000)
  region size 2048K, 40 young (81920K), 0 survivors (0K)
 Metaspace       used 100371K, committed 101248K, reserved 1179648K
  class space    used 13878K, committed 14400K, reserved 1048576K
}
Event: 28580.002 GC heap after
{Heap after GC invocations=1310 (full 505):
 garbage-first heap   total 669696K, used 204963K [0x0000000701800000, 0x0000000800000000)
  region size 2048K, 1 young (2048K), 1 survivors (2048K)
 Metaspace       used 100371K, committed 101248K, reserved 1179648K
  class space    used 13878K, committed 14400K, reserved 1048576K
}
Event: 28662.880 GC heap before
{Heap before GC invocations=1310 (full 505):
 garbage-first heap   total 669696K, used 284835K [0x0000000701800000, 0x0000000800000000)
  region size 2048K, 40 young (81920K), 1 survivors (2048K)
 Metaspace       used 100371K, committed 101248K, reserved 1179648K
  class space    used 13878K, committed 14400K, reserved 1048576K
}
Event: 28662.886 GC heap after
{Heap after GC invocations=1311 (full 505):
 garbage-first heap   total 669696K, used 205077K [0x0000000701800000, 0x0000000800000000)
  region size 2048K, 1 young (2048K), 1 survivors (2048K)
 Metaspace       used 100371K, committed 101248K, reserved 1179648K
  class space    used 13878K, committed 14400K, reserved 1048576K
}
Event: 28745.929 GC heap before
{Heap before GC invocations=1311 (full 505):
 garbage-first heap   total 669696K, used 284949K [0x0000000701800000, 0x0000000800000000)
  region size 2048K, 40 young (81920K), 1 survivors (2048K)
 Metaspace       used 100371K, committed 101248K, reserved 1179648K
  class space    used 13878K, committed 14400K, reserved 1048576K
}
Event: 28745.935 GC heap after
{Heap after GC invocations=1312 (full 505):
 garbage-first heap   total 669696K, used 205124K [0x0000000701800000, 0x0000000800000000)
  region size 2048K, 1 young (2048K), 1 survivors (2048K)
 Metaspace       used 100371K, committed 101248K, reserved 1179648K
  class space    used 13878K, committed 14400K, reserved 1048576K
}
Event: 28828.689 GC heap before
{Heap before GC invocations=1312 (full 505):
 garbage-first heap   total 669696K, used 284996K [0x0000000701800000, 0x0000000800000000)
  region size 2048K, 40 young (81920K), 1 survivors (2048K)
 Metaspace       used 100371K, committed 101248K, reserved 1179648K
  class space    used 13878K, committed 14400K, reserved 1048576K
}
Event: 28828.697 GC heap after
{Heap after GC invocations=1313 (full 505):
 garbage-first heap   total 669696K, used 205120K [0x0000000701800000, 0x0000000800000000)
  region size 2048K, 1 young (2048K), 1 survivors (2048K)
 Metaspace       used 100371K, committed 101248K, reserved 1179648K
  class space    used 13878K, committed 14400K, reserved 1048576K
}
Event: 28911.184 GC heap before
{Heap before GC invocations=1313 (full 505):
 garbage-first heap   total 669696K, used 284992K [0x0000000701800000, 0x0000000800000000)
  region size 2048K, 40 young (81920K), 1 survivors (2048K)
 Metaspace       used 100371K, committed 101248K, reserved 1179648K
  class space    used 13878K, committed 14400K, reserved 1048576K
}
Event: 28911.191 GC heap after
{Heap after GC invocations=1314 (full 505):
 garbage-first heap   total 669696K, used 205139K [0x0000000701800000, 0x0000000800000000)
  region size 2048K, 1 young (2048K), 1 survivors (2048K)
 Metaspace       used 100371K, committed 101248K, reserved 1179648K
  class space    used 13878K, committed 14400K, reserved 1048576K
}
Event: 74088.940 GC heap before
{Heap before GC invocations=1314 (full 505):
 garbage-first heap   total 669696K, used 248147K [0x0000000701800000, 0x0000000800000000)
  region size 2048K, 23 young (47104K), 1 survivors (2048K)
 Metaspace       used 100423K, committed 101248K, reserved 1179648K
  class space    used 13889K, committed 14400K, reserved 1048576K
}
Event: 74089.173 GC heap after
{Heap after GC invocations=1315 (full 506):
 garbage-first heap   total 669696K, used 204225K [0x0000000701800000, 0x0000000800000000)
  region size 2048K, 0 young (0K), 0 survivors (0K)
 Metaspace       used 100423K, committed 101248K, reserved 1179648K
  class space    used 13889K, committed 14400K, reserved 1048576K
}

Dll operation events (20 events):
Event: 0.741 Loaded shared library D:\Xilinx\Vivado\2023.2\lib\win64.o\librdi_vivadotasks.dll
Event: 0.742 Loaded shared library D:\Xilinx\Vivado\2023.2\lib\win64.o\librdi_board.dll
Event: 0.743 Loaded shared library D:\Xilinx\Vivado\2023.2\lib\win64.o\librdi_boarddep.dll
Event: 0.744 Loaded shared library D:\Xilinx\Vivado\2023.2\lib\win64.o\librdi_boardcommontasks.dll
Event: 0.745 Loaded shared library D:\Xilinx\Vivado\2023.2\lib\win64.o\librdi_ptgen.dll
Event: 0.746 Loaded shared library D:\Xilinx\Vivado\2023.2\lib\win64.o\librdi_ip.dll
Event: 0.747 Loaded shared library D:\Xilinx\Vivado\2023.2\lib\win64.o\librdi_mig.dll
Event: 0.749 Loaded shared library D:\Xilinx\Vivado\2023.2\lib\win64.o\librdi_implflow.dll
Event: 0.750 Loaded shared library D:\Xilinx\Vivado\2023.2\lib\win64.o\librdi_xhubtasks.dll
Event: 0.753 Loaded shared library D:\Xilinx\Vivado\2023.2\lib\win64.o\librdi_iptasks.dll
Event: 0.754 Loaded shared library D:\Xilinx\Vivado\2023.2\lib\win64.o\librdi_synth.dll
Event: 1.562 Loaded shared library D:\Xilinx\Vivado\2023.2\tps\win64\jre17.0.7_7\bin\verify.dll
Event: 1.772 Loaded shared library D:\Xilinx\Vivado\2023.2\tps\win64\jre17.0.7_7\bin\javajpeg.dll
Event: 1.779 Loaded shared library D:\Xilinx\Vivado\2023.2\tps\win64\jre17.0.7_7\bin\lcms.dll
Event: 2.075 Loaded shared library D:\Xilinx\Vivado\2023.2\tps\win64\jre17.0.7_7\bin\freetype.dll
Event: 2.076 Loaded shared library D:\Xilinx\Vivado\2023.2\tps\win64\jre17.0.7_7\bin\fontmanager.dll
Event: 5.424 Loaded shared library D:\Xilinx\Vivado\2023.2\lib\win64.o\librdi_xhub.dll
Event: 10.924 Loaded shared library D:\Xilinx\Vivado\2023.2\tps\win64\jre17.0.7_7\bin\management.dll
Event: 10.926 Loaded shared library D:\Xilinx\Vivado\2023.2\tps\win64\jre17.0.7_7\bin\management_ext.dll
Event: 1928.067 Loaded shared library D:\Xilinx\Vivado\2023.2\lib\win64.o\nlview.dll

Deoptimization events (20 events):
Event: 74090.388 Thread 0x000001af4ad7c760 Uncommon trap: trap_request=0xfffffff4 fr.pc=0x000001af6571f4c4 relative=0x0000000000001044
Event: 74090.388 Thread 0x000001af4ad7c760 Uncommon trap: reason=null_check action=make_not_entrant pc=0x000001af6571f4c4 method=sun.java2d.ReentrantContextProviderTL.acquire()Lsun/java2d/ReentrantContext; @ 21 c2
Event: 74090.388 Thread 0x000001af4ad7c760 DEOPT PACKING pc=0x000001af6571f4c4 sp=0x00000039995fd660
Event: 74090.388 Thread 0x000001af4ad7c760 DEOPT UNPACKING pc=0x000001af637d69a3 sp=0x00000039995fd518 mode 2
Event: 74090.390 Thread 0x000001af4ad7c760 Uncommon trap: trap_request=0xffffffc6 fr.pc=0x000001af658068f8 relative=0x0000000000002918
Event: 74090.390 Thread 0x000001af4ad7c760 Uncommon trap: reason=bimorphic_or_optimized_type_check action=maybe_recompile pc=0x000001af658068f8 method=javax.swing.plaf.basic.BasicButtonUI.uninstallUI(Ljavax/swing/JComponent;)V @ 13 c2
Event: 74090.390 Thread 0x000001af4ad7c760 DEOPT PACKING pc=0x000001af658068f8 sp=0x00000039995fea80
Event: 74090.390 Thread 0x000001af4ad7c760 DEOPT UNPACKING pc=0x000001af637d69a3 sp=0x00000039995feaa8 mode 2
Event: 74090.391 Thread 0x000001af4ad7c760 Uncommon trap: trap_request=0xffffff45 fr.pc=0x000001af6545f654 relative=0x0000000000000314
Event: 74090.391 Thread 0x000001af4ad7c760 Uncommon trap: reason=unstable_if action=reinterpret pc=0x000001af6545f654 method=de.javasoft.plaf.synthetica.StyleFactory.installFocusListener(Ljava/awt/Component;)V @ 4 c2
Event: 74090.391 Thread 0x000001af4ad7c760 DEOPT PACKING pc=0x000001af6545f654 sp=0x00000039995fe450
Event: 74090.391 Thread 0x000001af4ad7c760 DEOPT UNPACKING pc=0x000001af637d69a3 sp=0x00000039995fe3f0 mode 2
Event: 74090.392 Thread 0x000001af4ad7c760 Uncommon trap: trap_request=0xffffffc6 fr.pc=0x000001af658068f8 relative=0x0000000000002918
Event: 74090.392 Thread 0x000001af4ad7c760 Uncommon trap: reason=bimorphic_or_optimized_type_check action=maybe_recompile pc=0x000001af658068f8 method=javax.swing.plaf.basic.BasicButtonUI.uninstallUI(Ljavax/swing/JComponent;)V @ 13 c2
Event: 74090.392 Thread 0x000001af4ad7c760 DEOPT PACKING pc=0x000001af658068f8 sp=0x00000039995fea80
Event: 74090.392 Thread 0x000001af4ad7c760 DEOPT UNPACKING pc=0x000001af637d69a3 sp=0x00000039995feaa8 mode 2
Event: 74090.417 Thread 0x000001af4ad7c760 Uncommon trap: trap_request=0xffffffc6 fr.pc=0x000001af658068f8 relative=0x0000000000002918
Event: 74090.417 Thread 0x000001af4ad7c760 Uncommon trap: reason=bimorphic_or_optimized_type_check action=maybe_recompile pc=0x000001af658068f8 method=javax.swing.plaf.basic.BasicButtonUI.uninstallUI(Ljavax/swing/JComponent;)V @ 13 c2
Event: 74090.417 Thread 0x000001af4ad7c760 DEOPT PACKING pc=0x000001af658068f8 sp=0x00000039995fe570
Event: 74090.417 Thread 0x000001af4ad7c760 DEOPT UNPACKING pc=0x000001af637d69a3 sp=0x00000039995fe598 mode 2

Classes unloaded (20 events):
Event: 15875.895 Thread 0x000001af521a3300 Unloading class 0x000000080100f800 'java/lang/invoke/LambdaForm$MH+0x000000080100f800'
Event: 15875.895 Thread 0x000001af521a3300 Unloading class 0x0000000801010000 'java/lang/invoke/LambdaForm$MH+0x0000000801010000'
Event: 15875.895 Thread 0x000001af521a3300 Unloading class 0x0000000801012c00 'java/lang/invoke/LambdaForm$MH+0x0000000801012c00'
Event: 15875.895 Thread 0x000001af521a3300 Unloading class 0x0000000801a9bc00 'java/lang/invoke/LambdaForm$MH+0x0000000801a9bc00'
Event: 15875.895 Thread 0x000001af521a3300 Unloading class 0x0000000801bdc000 'java/lang/invoke/LambdaForm$MH+0x0000000801bdc000'
Event: 15875.895 Thread 0x000001af521a3300 Unloading class 0x0000000801d3b400 'java/lang/invoke/LambdaForm$MH+0x0000000801d3b400'
Event: 15875.895 Thread 0x000001af521a3300 Unloading class 0x0000000801d3e000 'java/lang/invoke/LambdaForm$MH+0x0000000801d3e000'
Event: 15875.895 Thread 0x000001af521a3300 Unloading class 0x0000000801d3ec00 'java/lang/invoke/LambdaForm$MH+0x0000000801d3ec00'
Event: 15875.895 Thread 0x000001af521a3300 Unloading class 0x0000000801d81800 'java/lang/invoke/LambdaForm$MH+0x0000000801d81800'
Event: 15875.895 Thread 0x000001af521a3300 Unloading class 0x0000000801bff000 'jdk/internal/reflect/GeneratedMethodAccessor44'
Event: 15875.895 Thread 0x000001af521a3300 Unloading class 0x0000000801bf8800 'jdk/internal/reflect/GeneratedConstructorAccessor18'
Event: 15875.895 Thread 0x000001af521a3300 Unloading class 0x0000000801bf8400 'jdk/internal/reflect/GeneratedConstructorAccessor17'
Event: 15875.895 Thread 0x000001af521a3300 Unloading class 0x0000000801b34000 'jdk/internal/reflect/GeneratedMethodAccessor23'
Event: 15875.895 Thread 0x000001af521a3300 Unloading class 0x00000008019c0400 'jdk/internal/reflect/GeneratedMethodAccessor21'
Event: 15875.895 Thread 0x000001af521a3300 Unloading class 0x0000000801944800 'jdk/internal/reflect/GeneratedConstructorAccessor15'
Event: 15875.895 Thread 0x000001af521a3300 Unloading class 0x0000000801944400 'jdk/internal/reflect/GeneratedConstructorAccessor14'
Event: 15875.896 Thread 0x000001af521a3300 Unloading class 0x000000080192f000 'jdk/internal/reflect/GeneratedConstructorAccessor13'
Event: 15875.896 Thread 0x000001af521a3300 Unloading class 0x0000000801460000 'jdk/internal/reflect/GeneratedConstructorAccessor12'
Event: 15875.896 Thread 0x000001af521a3300 Unloading class 0x00000008010cc000 'java/lang/invoke/LambdaForm$MH+0x00000008010cc000'
Event: 15875.896 Thread 0x000001af521a3300 Unloading class 0x000000080100e000 'java/lang/invoke/LambdaForm$MH+0x000000080100e000'

Classes redefined (0 events):
No events

Internal exceptions (20 events):
Event: 28923.687 Thread 0x000001af4ad7c760 Exception <a 'java/io/FileNotFoundException'{0x0000000729b64390}> (0x0000000729b64390) 
thrown [s\src\hotspot\share\prims\jni.cpp, line 516]
Event: 28924.768 Thread 0x000001af4ad7c760 Exception <a 'java/io/FileNotFoundException'{0x0000000729b689e0}> (0x0000000729b689e0) 
thrown [s\src\hotspot\share\prims\jni.cpp, line 516]
Event: 28928.699 Thread 0x000001af4ad7c760 Exception <a 'java/io/FileNotFoundException'{0x000000072943c0e0}> (0x000000072943c0e0) 
thrown [s\src\hotspot\share\prims\jni.cpp, line 516]
Event: 28929.769 Thread 0x000001af4ad7c760 Exception <a 'java/io/FileNotFoundException'{0x000000072955f060}> (0x000000072955f060) 
thrown [s\src\hotspot\share\prims\jni.cpp, line 516]
Event: 28933.710 Thread 0x000001af4ad7c760 Exception <a 'java/io/FileNotFoundException'{0x00000007291583d0}> (0x00000007291583d0) 
thrown [s\src\hotspot\share\prims\jni.cpp, line 516]
Event: 28934.777 Thread 0x000001af4ad7c760 Exception <a 'java/io/FileNotFoundException'{0x000000072915cb60}> (0x000000072915cb60) 
thrown [s\src\hotspot\share\prims\jni.cpp, line 516]
Event: 28938.718 Thread 0x000001af4ad7c760 Exception <a 'java/io/FileNotFoundException'{0x0000000728d5c210}> (0x0000000728d5c210) 
thrown [s\src\hotspot\share\prims\jni.cpp, line 516]
Event: 28939.786 Thread 0x000001af4ad7c760 Exception <a 'java/io/FileNotFoundException'{0x0000000728b1bc48}> (0x0000000728b1bc48) 
thrown [s\src\hotspot\share\prims\jni.cpp, line 516]
Event: 28943.729 Thread 0x000001af4ad7c760 Exception <a 'java/io/FileNotFoundException'{0x00000007286069b0}> (0x00000007286069b0) 
thrown [s\src\hotspot\share\prims\jni.cpp, line 516]
Event: 28944.798 Thread 0x000001af4ad7c760 Exception <a 'java/io/FileNotFoundException'{0x0000000728729b50}> (0x0000000728729b50) 
thrown [s\src\hotspot\share\prims\jni.cpp, line 516]
Event: 74088.155 Thread 0x000001af4ad7c760 Exception <a 'java/io/FileNotFoundException'{0x0000000728211d18}> (0x0000000728211d18) 
thrown [s\src\hotspot\share\prims\jni.cpp, line 516]
Event: 74088.155 Thread 0x000001af4ad7c760 Exception <a 'java/io/FileNotFoundException'{0x0000000728213548}> (0x0000000728213548) 
thrown [s\src\hotspot\share\prims\jni.cpp, line 516]
Event: 74088.688 Thread 0x000001af4ad7c760 Implicit null exception at 0x000001af654f709a to 0x000001af654f7c60
Event: 74088.712 Thread 0x000001af4ad7c760 Implicit null exception at 0x000001af656d8ab8 to 0x000001af656da1e4
Event: 74088.715 Thread 0x000001af4ad7c760 Implicit null exception at 0x000001af656bcff9 to 0x000001af656bf7a8
Event: 74088.726 Thread 0x000001af4ad7c760 Implicit null exception at 0x000001af65681e9c to 0x000001af65684efc
Event: 74088.860 Thread 0x000001af4ad7c760 Exception <a 'java/lang/NoSuchMethodError'{0x0000000727e0b6c0}: 'java.lang.Object java.lang.invoke.DirectMethodHandle$Holder.invokeSpecial(java.lang.Object, java.lang.Object, long, java.lang.Object, java.lang.Object, int, int, int, int)'> (0x0000000727e0b6c0) 
thrown [s\src\hotspot\share\interpreter\linkResolver.cpp, line 759]
Event: 74088.863 Thread 0x000001af4ad7c760 Exception <a 'java/lang/NoSuchMethodError'{0x0000000727e0f5d0}: 'java.lang.Object java.lang.invoke.DelegatingMethodHandle$Holder.reinvoke_L(java.lang.Object, long, java.lang.Object, java.lang.Object, int, int, int, int)'> (0x0000000727e0f5d0) 
thrown [s\src\hotspot\share\interpreter\linkResolver.cpp, line 759]
Event: 74090.369 Thread 0x000001af4ad7c760 Implicit null exception at 0x000001af63fbec69 to 0x000001af63fbf454
Event: 74090.388 Thread 0x000001af4ad7c760 Implicit null exception at 0x000001af6571e5d1 to 0x000001af6571f4a8

VM Operations (20 events):
Event: 28579.995 Executing VM operation: G1CollectForAllocation
Event: 28580.002 Executing VM operation: G1CollectForAllocation done
Event: 28662.879 Executing VM operation: G1CollectForAllocation
Event: 28662.886 Executing VM operation: G1CollectForAllocation done
Event: 28745.929 Executing VM operation: G1CollectForAllocation
Event: 28745.935 Executing VM operation: G1CollectForAllocation done
Event: 28828.689 Executing VM operation: G1CollectForAllocation
Event: 28828.697 Executing VM operation: G1CollectForAllocation done
Event: 28911.184 Executing VM operation: G1CollectForAllocation
Event: 28911.184 Executing VM operation: G1CollectForAllocation done
Event: 28911.184 Executing VM operation: G1CollectForAllocation
Event: 28911.191 Executing VM operation: G1CollectForAllocation done
Event: 74088.576 Executing VM operation: HandshakeAllThreads
Event: 74088.732 Executing VM operation: HandshakeAllThreads done
Event: 74088.732 Executing VM operation: Cleanup
Event: 74088.939 Executing VM operation: Cleanup done
Event: 74088.939 Executing VM operation: G1CollectFull
Event: 74089.176 Executing VM operation: G1CollectFull done
Event: 74090.185 Executing VM operation: Cleanup
Event: 74090.253 Executing VM operation: Cleanup done

Events (20 events):
Event: 74088.914 Thread 0x000001af541e74a0 flushing nmethod 0x000001af5dbc4290
Event: 74088.915 Thread 0x000001af541e74a0 flushing nmethod 0x000001af5dc52710
Event: 74088.916 Thread 0x000001af541e74a0 flushing nmethod 0x000001af5ddb0810
Event: 74088.916 Thread 0x000001af541e74a0 flushing nmethod 0x000001af5de0b410
Event: 74088.916 Thread 0x000001af541e74a0 flushing nmethod 0x000001af5de0da90
Event: 74088.917 Thread 0x000001af541e74a0 flushing nmethod 0x000001af5defb690
Event: 74088.920 Thread 0x000001af541e74a0 flushing nmethod 0x000001af5e168a90
Event: 74088.921 Thread 0x000001af541e74a0 flushing nmethod 0x000001af5e1dac10
Event: 74088.921 Thread 0x000001af541e74a0 flushing nmethod 0x000001af5e237b10
Event: 74088.923 Thread 0x000001af541e74a0 flushing nmethod 0x000001af5e3d5f10
Event: 74088.924 Thread 0x000001af541e74a0 flushing nmethod 0x000001af5e510010
Event: 74088.926 Thread 0x000001af541e74a0 flushing nmethod 0x000001af5e67d310
Event: 74088.926 Thread 0x000001af2e0316c0 Thread exited: 0x000001af2e0316c0
Event: 74088.927 Thread 0x000001af541e74a0 flushing nmethod 0x000001af5e770990
Event: 74088.929 Thread 0x000001af541e74a0 flushing nmethod 0x000001af5e935f10
Event: 74088.931 Thread 0x000001af541e74a0 flushing nmethod 0x000001af5eb8fb10
Event: 74088.932 Thread 0x000001af541e74a0 flushing nmethod 0x000001af5ec46690
Event: 74088.935 Thread 0x000001af541e74a0 flushing nmethod 0x000001af5eebe890
Event: 74088.935 Thread 0x000001af541e74a0 flushing nmethod 0x000001af5ef2b190
Event: 74089.179 Thread 0x000001af2e030d20 Thread exited: 0x000001af2e030d20


Dynamic libraries:
0x00007ff6a45a0000 - 0x00007ff6a45d1000 	D:\Xilinx\Vivado\2023.2\bin\unwrapped\win64.o\vivado.exe
0x00007ff9b1c20000 - 0x00007ff9b1e87000 	C:\WINDOWS\SYSTEM32\ntdll.dll
0x00007ff9b0d70000 - 0x00007ff9b0e39000 	C:\WINDOWS\System32\KERNEL32.DLL
0x00007ff9af370000 - 0x00007ff9af75f000 	C:\WINDOWS\System32\KERNELBASE.dll
0x00007ff9af0f0000 - 0x00007ff9af23b000 	C:\WINDOWS\System32\ucrtbase.dll
0x00007ff9a99d0000 - 0x00007ff9a9a5d000 	C:\WINDOWS\SYSTEM32\MSVCP140.dll
0x00007ff996a50000 - 0x00007ff996a6e000 	C:\WINDOWS\SYSTEM32\VCRUNTIME140.dll
0x00007ff9a99a0000 - 0x00007ff9a99bc000 	D:\Xilinx\Vivado\2023.2\lib\win64.o\librdi_commonmain.dll
0x00007ff9a99c0000 - 0x00007ff9a99cc000 	C:\WINDOWS\SYSTEM32\VCRUNTIME140_1.dll
0x00007ff98cb20000 - 0x00007ff98cf50000 	D:\Xilinx\Vivado\2023.2\lib\win64.o\python38.dll
0x00007ff9a2980000 - 0x00007ff9a29a1000 	D:\Xilinx\Vivado\2023.2\lib\win64.o\libboost_filesystem.dll
0x00007ff9afdc0000 - 0x00007ff9afe74000 	C:\WINDOWS\System32\ADVAPI32.dll
0x00007ff9b0410000 - 0x00007ff9b04b9000 	C:\WINDOWS\System32\msvcrt.dll
0x00007ff9afa30000 - 0x00007ff9afad6000 	C:\WINDOWS\System32\sechost.dll
0x00007ff9af9c0000 - 0x00007ff9afa26000 	C:\WINDOWS\System32\SHLWAPI.dll
0x00007ff9afb20000 - 0x00007ff9afc38000 	C:\WINDOWS\System32\RPCRT4.dll
0x00007ff9b1660000 - 0x00007ff9b16d4000 	C:\WINDOWS\System32\WS2_32.dll
0x00007ff935410000 - 0x00007ff936aba000 	D:\Xilinx\Vivado\2023.2\lib\win64.o\librdi_common.dll
0x00007ff9b16e0000 - 0x00007ff9b18a5000 	C:\WINDOWS\System32\USER32.dll
0x00007ff9af990000 - 0x00007ff9af9b7000 	C:\WINDOWS\System32\win32u.dll
0x00007ff9a9990000 - 0x00007ff9a9999000 	D:\Xilinx\Vivado\2023.2\lib\win64.o\librdi_commonversion.dll
0x00007ff9b04c0000 - 0x00007ff9b04eb000 	C:\WINDOWS\System32\GDI32.dll
0x00007ff990af0000 - 0x00007ff990ca6000 	D:\Xilinx\Vivado\2023.2\lib\win64.o\librdi_commonxillic.dll
0x00007ff9af240000 - 0x00007ff9af36c000 	C:\WINDOWS\System32\gdi32full.dll
0x0000000070fd0000 - 0x00000000710fc000 	D:\Xilinx\Vivado\2023.2\lib\win64.o\tcl85t.dll
0x00007ff9aef80000 - 0x00007ff9af023000 	C:\WINDOWS\System32\msvcp_win.dll
0x00007ff9a6830000 - 0x00007ff9a683b000 	C:\WINDOWS\SYSTEM32\VERSION.dll
0x00007ff9b0f00000 - 0x00007ff9b1653000 	C:\WINDOWS\System32\SHELL32.dll
0x00007ff9af820000 - 0x00007ff9af98a000 	C:\WINDOWS\System32\wintypes.dll
0x00007ff9b0810000 - 0x00007ff9b0b95000 	C:\WINDOWS\System32\combase.dll
0x00007ff9aeef0000 - 0x00007ff9aef70000 	C:\WINDOWS\System32\WINTRUST.dll
0x00007ff9a28e0000 - 0x00007ff9a28f1000 	D:\Xilinx\Vivado\2023.2\lib\win64.o\libboost_date_time.dll
0x00007ff94ed10000 - 0x00007ff94f07e000 	D:\Xilinx\Vivado\2023.2\lib\win64.o\libCOIN-all.dll
0x00007ff9a2830000 - 0x00007ff9a28a9000 	D:\Xilinx\Vivado\2023.2\lib\win64.o\libboost_program_options.dll
0x00007ff981930000 - 0x00007ff981a44000 	D:\Xilinx\Vivado\2023.2\lib\win64.o\libboost_regex.dll
0x00007ff9a2810000 - 0x00007ff9a282c000 	D:\Xilinx\Vivado\2023.2\lib\win64.o\libboost_thread.dll
0x00007ff9a9980000 - 0x00007ff9a998c000 	D:\Xilinx\Vivado\2023.2\lib\win64.o\libboost_xilinx.dll
0x00007ff9a2780000 - 0x00007ff9a2802000 	D:\Xilinx\Vivado\2023.2\lib\win64.o\libhdlpsolve.dll
0x00007ff9a23d0000 - 0x00007ff9a23fa000 	D:\Xilinx\Vivado\2023.2\lib\win64.o\libisl_sysinfo.dll
0x00007ff992cf0000 - 0x00007ff992d95000 	D:\Xilinx\Vivado\2023.2\lib\win64.o\libhdxml.dll
0x00007ff9a23b0000 - 0x00007ff9a23ca000 	D:\Xilinx\Vivado\2023.2\lib\win64.o\pthreadVC2.dll
0x00007ff98d120000 - 0x00007ff98d185000 	D:\Xilinx\Vivado\2023.2\lib\win64.o\liblmx6.0.dll
0x00007ff9a1ea0000 - 0x00007ff9a1ebc000 	D:\Xilinx\Vivado\2023.2\lib\win64.o\librdiconfig.dll
0x00007ff99f900000 - 0x00007ff99f921000 	D:\Xilinx\Vivado\2023.2\lib\win64.o\librdizlib.dll
0x00007ff938580000 - 0x00007ff938841000 	D:\Xilinx\Vivado\2023.2\lib\win64.o\xerces-c_3_2.dll
0x00007ff9340b0000 - 0x00007ff9343dd000 	D:\Xilinx\Vivado\2023.2\lib\win64.o\libXil_lmgr11.dll
0x00007ff9afe80000 - 0x00007ff9aff70000 	C:\WINDOWS\System32\COMDLG32.dll
0x00007ff9afc40000 - 0x00007ff9afd35000 	C:\WINDOWS\System32\shcore.dll
0x00007ff9aec60000 - 0x00007ff9aec8a000 	C:\WINDOWS\SYSTEM32\bcrypt.dll
0x00007ff9b04f0000 - 0x00007ff9b05c6000 	C:\WINDOWS\System32\OLEAUT32.dll
0x00007ff9b19a0000 - 0x00007ff9b1b37000 	C:\WINDOWS\System32\ole32.dll
0x00007ff9aed70000 - 0x00007ff9aeee7000 	C:\WINDOWS\System32\CRYPT32.dll
0x00007ff9343e0000 - 0x00007ff935404600 	D:\Xilinx\Vivado\2023.2\lib\win64.o\libisl_iostreams.dll
0x00007ff999190000 - 0x00007ff9991aa000 	C:\WINDOWS\SYSTEM32\NETAPI32.dll
0x00007ff998f00000 - 0x00007ff999188000 	C:\WINDOWS\SYSTEM32\WININET.dll
0x00007ff9a6680000 - 0x00007ff9a67a8000 	C:\WINDOWS\SYSTEM32\WINHTTP.dll
0x00007ff999770000 - 0x00007ff999950000 	C:\WINDOWS\SYSTEM32\urlmon.dll
0x00007ff932190000 - 0x00007ff9340a7000 	D:\Xilinx\Vivado\2023.2\lib\win64.o\gurobi90.dll
0x00007ff981aa0000 - 0x00007ff981aaa000 	C:\WINDOWS\SYSTEM32\WSOCK32.dll
0x00007ff995e90000 - 0x00007ff995ec1000 	C:\WINDOWS\SYSTEM32\VCOMP140.DLL
0x00007ff9b1b40000 - 0x00007ff9b1bb4000 	C:\WINDOWS\System32\WLDAP32.dll
0x00007ff9b0d40000 - 0x00007ff9b0d48000 	C:\WINDOWS\System32\Normaliz.dll
0x00007ff9a1d40000 - 0x00007ff9a1df4000 	C:\WINDOWS\WinSxS\amd64_microsoft.windows.common-controls_6595b64144ccf1df_5.82.26100.7309_none_87ef0e2f7a2c9771\COMCTL32.dll
0x00007ff9ae140000 - 0x00007ff9ae16b000 	C:\WINDOWS\SYSTEM32\USERENV.dll
0x00007ff9a4c30000 - 0x00007ff9a4c53000 	C:\WINDOWS\SYSTEM32\dhcpcsvc.DLL
0x00007ff99f6f0000 - 0x00007ff99f708000 	D:\Xilinx\Vivado\2023.2\lib\win64.o\libboost_iostreams.dll
0x00007ff995ef0000 - 0x00007ff995f14000 	D:\Xilinx\Vivado\2023.2\lib\win64.o\libisl_iosutils.dll
0x00007ff9ac9b0000 - 0x00007ff9ad20e000 	C:\WINDOWS\SYSTEM32\windows.storage.dll
0x00007ff9994a0000 - 0x00007ff999765000 	C:\WINDOWS\SYSTEM32\iertutil.dll
0x00007ff999300000 - 0x00007ff999329000 	C:\WINDOWS\SYSTEM32\srvcli.dll
0x00007ff9ad4d0000 - 0x00007ff9ad4dd000 	C:\WINDOWS\SYSTEM32\netutils.dll
0x00007ff9ae090000 - 0x00007ff9ae0fb000 	C:\WINDOWS\SYSTEM32\MSWSOCK.DLL
0x00007ff9afae0000 - 0x00007ff9afb11000 	C:\WINDOWS\System32\IMM32.DLL
0x00007ff9ae3c0000 - 0x00007ff9ae3d3000 	C:\WINDOWS\SYSTEM32\MSASN1.dll
0x00007ff9ae350000 - 0x00007ff9ae36b000 	C:\WINDOWS\SYSTEM32\CRYPTSP.dll
0x00007ff9adb20000 - 0x00007ff9adb3b000 	C:\WINDOWS\SYSTEM32\kernel.appcore.dll
0x00007ff9ada80000 - 0x00007ff9adaba000 	C:\WINDOWS\system32\rsaenh.dll
0x00007ff9ae370000 - 0x00007ff9ae37c000 	C:\WINDOWS\SYSTEM32\CRYPTBASE.dll
0x00007ff9af770000 - 0x00007ff9af815000 	C:\WINDOWS\System32\bcryptPrimitives.dll
0x00007ff9b0ba0000 - 0x00007ff9b0bc0000 	C:\WINDOWS\System32\imagehlp.dll
0x00007ff931c40000 - 0x00007ff93218d000 	D:\Xilinx\Vivado\2023.2\lib\win64.o\librdi_commontasks.dll
0x00007ff930cc0000 - 0x00007ff930feb800 	D:\Xilinx\Vivado\2023.2\lib\win64.o\librdi_sio.dll
0x00007ff9ad5e0000 - 0x00007ff9ad614000 	C:\WINDOWS\SYSTEM32\IPHLPAPI.DLL
0x00007ff930ff0000 - 0x00007ff931c38000 	D:\Xilinx\Vivado\2023.2\tps\win64\jre17.0.7_7\bin\server\jvm.dll
0x00007ff9a67f0000 - 0x00007ff9a6825000 	C:\WINDOWS\SYSTEM32\WINMM.dll
0x00007ff9ae100000 - 0x00007ff9ae132000 	C:\WINDOWS\SYSTEM32\gpapi.dll
0x00007ff9957a0000 - 0x00007ff9957db000 	C:\Windows\System32\cryptnet.dll
0x00007ff9aec90000 - 0x00007ff9aecb9000 	C:\WINDOWS\SYSTEM32\profapi.dll
0x00007ff9ab180000 - 0x00007ff9ab18f000 	C:\WINDOWS\SYSTEM32\WINNSI.DLL
0x00007ff9b05d0000 - 0x00007ff9b05da000 	C:\WINDOWS\System32\NSI.dll
0x00007ff9addc0000 - 0x00007ff9ade09000 	C:\WINDOWS\SYSTEM32\SspiCli.dll
0x00007ff987330000 - 0x00007ff987348000 	C:\WINDOWS\system32\napinsp.dll
0x00007ff9ad620000 - 0x00007ff9ad74c000 	C:\WINDOWS\SYSTEM32\DNSAPI.dll
0x00007ff985c50000 - 0x00007ff985c62000 	C:\WINDOWS\System32\winrnr.dll
0x00007ff985ba0000 - 0x00007ff985bc2000 	C:\WINDOWS\system32\nlansp_c.dll
0x00007ff9a4c60000 - 0x00007ff9a4c76000 	C:\WINDOWS\system32\wshbth.dll
0x00007ff919590000 - 0x00007ff91c356000 	D:\Xilinx\Vivado\2023.2\lib\win64.o\librdi_tcltasks.dll
0x00007ff9307d0000 - 0x00007ff930cb1000 	D:\Xilinx\Vivado\2023.2\lib\win64.o\librdi_bitstream.dll
0x00007ff98ca90000 - 0x00007ff98cb13000 	D:\Xilinx\Vivado\2023.2\lib\win64.o\librdi_boarddep.dll
0x00007ff97f410000 - 0x00007ff97f610000 	D:\Xilinx\Vivado\2023.2\lib\win64.o\librdi_board.dll
0x00007ff959480000 - 0x00007ff9595aa000 	D:\Xilinx\Vivado\2023.2\lib\win64.o\librdi_chipscope.dll
0x00007ff916e90000 - 0x00007ff919585000 	D:\Xilinx\Vivado\2023.2\lib\win64.o\librdi_constraints.dll
0x00007ff9552e0000 - 0x00007ff9554e7000 	D:\Xilinx\Vivado\2023.2\lib\win64.o\librdi_chipscopeimpl.dll
0x00007ff9532d0000 - 0x00007ff95343e000 	D:\Xilinx\Vivado\2023.2\lib\win64.o\librdi_containers.dll
0x00007ff914750000 - 0x00007ff916e86000 	D:\Xilinx\Vivado\2023.2\lib\win64.o\librdi_coregen.dll
0x00007ff92e940000 - 0x00007ff92ff43000 	D:\Xilinx\Vivado\2023.2\lib\win64.o\librdi_device.dll
0x00007ff930430000 - 0x00007ff9307cf000 	D:\Xilinx\Vivado\2023.2\lib\win64.o\librdi_dlyest.dll
0x00007ff98c880000 - 0x00007ff98c934000 	D:\Xilinx\Vivado\2023.2\lib\win64.o\librdi_dsp.dll
0x00007ff98ca20000 - 0x00007ff98ca8b000 	D:\Xilinx\Vivado\2023.2\lib\win64.o\librdi_hdf.dll
0x00007ff912200000 - 0x00007ff912936000 	D:\Xilinx\Vivado\2023.2\lib\win64.o\librdi_drc.dll
0x00007ff912940000 - 0x00007ff914747000 	D:\Xilinx\Vivado\2023.2\lib\win64.o\librdi_designutils.dll
0x00007ff938290000 - 0x00007ff938574000 	D:\Xilinx\Vivado\2023.2\lib\win64.o\librdi_hip_devdesign.dll
0x00007ff911a40000 - 0x00007ff9121ff000 	D:\Xilinx\Vivado\2023.2\lib\win64.o\librdi_filemgmt.dll
0x00007ff94ebc0000 - 0x00007ff94ed08000 	D:\Xilinx\Vivado\2023.2\lib\win64.o\librdi_hip_perf_analysis.dll
0x00007ff9108f0000 - 0x00007ff911a33000 	D:\Xilinx\Vivado\2023.2\lib\win64.o\librdi_implflow.dll
0x00007ff910050000 - 0x00007ff9108ea000 	D:\Xilinx\Vivado\2023.2\lib\win64.o\librdi_lopt.dll
0x00007ff90f1a0000 - 0x00007ff910050000 	D:\Xilinx\Vivado\2023.2\lib\win64.o\librdi_ippcw.dll
0x00007ff90eb40000 - 0x00007ff90f196000 	D:\Xilinx\Vivado\2023.2\lib\win64.o\librdi_memdata.dll
0x00007ff982740000 - 0x00007ff9827bd000 	D:\Xilinx\Vivado\2023.2\lib\win64.o\librdi_memoryarray.dll
0x00007ff90b8e0000 - 0x00007ff90c0e4000 	D:\Xilinx\Vivado\2023.2\lib\win64.o\librdi_netlist.dll
0x00007ff981d00000 - 0x00007ff981d72000 	D:\Xilinx\Vivado\2023.2\lib\win64.o\librdi_noc_frameworks.dll
0x00007ff981ca0000 - 0x00007ff981cfc000 	D:\Xilinx\Vivado\2023.2\lib\win64.o\librdi_pfi.dll
0x00007ff92ffb0000 - 0x00007ff93042e000 	D:\Xilinx\Vivado\2023.2\lib\win64.o\librdi_platform.dll
0x00007ff908120000 - 0x00007ff908a12000 	D:\Xilinx\Vivado\2023.2\lib\win64.o\librdi_power.dll
0x00007ff907890000 - 0x00007ff90811b000 	D:\Xilinx\Vivado\2023.2\lib\win64.o\librdi_project.dll
0x00007ff907110000 - 0x00007ff907887000 	D:\Xilinx\Vivado\2023.2\lib\win64.o\librdi_psta.dll
0x00007ff9061a0000 - 0x00007ff906748000 	D:\Xilinx\Vivado\2023.2\lib\win64.o\librdi_runs.dll
0x00007ff906750000 - 0x00007ff90710a000 	D:\Xilinx\Vivado\2023.2\lib\win64.o\librdi_rsb.dll

dbghelp: loaded successfully - version: 4.0.5 - missing functions: none
symbol engine: initialized successfully - sym options: 0x614 - pdb path: .;D:\Xilinx\Vivado\2023.2\bin\unwrapped\win64.o;C:\WINDOWS\SYSTEM32;D:\Xilinx\Vivado\2023.2\lib\win64.o;C:\WINDOWS\WinSxS\amd64_microsoft.windows.common-controls_6595b64144ccf1df_5.82.26100.7309_none_87ef0e2f7a2c9771;D:\Xilinx\Vivado\2023.2\tps\win64\jre17.0.7_7\bin\server;D:\Xilinx\Vivado\2023.2\tps\win64\jre17.0.7_7\bin;C:\WINDOWS\WinSxS\amd64_microsoft.windows.common-controls_6595b64144ccf1df_6.0.26100.7309_none_3e05feeae336a044

VM Arguments:
jvm_args: -Dsun.java2d.pmoffscreen=false -Dhttps.protocols=TLSv1,TLSv1.1,TLSv1.2 -Dsun.java2d.xrender=false -Dsun.java2d.d3d=false -Dsun.awt.nopixfmt=true -Dsun.java2d.dpiaware=true -Dsun.java2d.uiScale.enabled=false -Dswing.aatext=true -XX:-UsePerfData -Djdk.map.althashing.threshold=512 -XX:StringTableSize=4072 -XX:+UseStringDeduplication -XX:MaxGCPauseMillis=200 -XX:+ParallelRefProcEnabled --add-opens=java.desktop/javax.swing.plaf.synth=ALL-UNNAMED --add-opens=java.base/java.nio=ALL-UNNAMED --add-opens=java.desktop/sun.swing=ALL-UNNAMED --add-opens=java.desktop/javax.swing=ALL-UNNAMED --add-opens=java.desktop/javax.swing.tree=ALL-UNNAMED --add-opens=java.desktop/javax.swing.plaf.basic=ALL-UNNAMED --add-opens=java.desktop/javax.swing.plaf.synth=ALL-UNNAMED --add-opens=java.desktop/javax.swing.plaf.basic=ALL-UNNAMED --add-opens=java.desktop/javax.swing=ALL-UNNAMED --add-opens=java.desktop/javax.swing.tree=ALL-UNNAMED --add-opens=java.desktop/java.awt.event=ALL-UNNAMED --add-exports=java.desktop/javax.swing.plaf.synth=ALL-UNNAMED --add-exports=java.base/java.nio=ALL-UNNAMED --add-exports=java.desktop/sun.swing=ALL-UNNAMED --add-exports=java.desktop/javax.swing=ALL-UNNAMED --add-exports=java.desktop/javax.swing.tree=ALL-UNNAMED --add-exports=java.desktop/javax.swing.plaf.basic=ALL-UNNAMED --add-exports=java.desktop/sun.swing=ALL-UNNAMED --add-exports=java.desktop/sun.swing.table=ALL-UNNAMED --add-exports=java.desktop/sun.swing.plaf.synth=ALL-UNNAMED --add-exports=java.desktop/sun.awt.shell=ALL-UNNAMED --add-exports=java.base/sun.security.action=ALL-UNNAMED --add-exports=java.desktop/sun.font=ALL-UNNAMED -XX:NewSize=80m -XX:MaxNewSize=80m -Xms512m -Xmx4072m -Xss10m 
java_command: <unknown>
java_class_path (initial): D:/Xilinx/Vivado/2023.2\lib\classes\alloy.jar;D:/Xilinx/Vivado/2023.2\lib\classes\asm-9.3.jar;D:/Xilinx/Vivado/2023.2\lib\classes\asm-analysis-9.3.jar;D:/Xilinx/Vivado/2023.2\lib\classes\asm-commons-9.3.jar;D:/Xilinx/Vivado/2023.2\lib\classes\asm-tree-9.3.jar;D:/Xilinx/Vivado/2023.2\lib\classes\autoesl-models.jar;D:/Xilinx/Vivado/2023.2\lib\classes\batik-anim.jar;D:/Xilinx/Vivado/2023.2\lib\classes\batik-awt-util.jar;D:/Xilinx/Vivado/2023.2\lib\classes\batik-bridge.jar;D:/Xilinx/Vivado/2023.2\lib\classes\batik-codec.jar;D:/Xilinx/Vivado/2023.2\lib\classes\batik-constants.jar;D:/Xilinx/Vivado/2023.2\lib\classes\batik-css.jar;D:/Xilinx/Vivado/2023.2\lib\classes\batik-dom.jar;D:/Xilinx/Vivado/2023.2\lib\classes\batik-ext.jar;D:/Xilinx/Vivado/2023.2\lib\classes\batik-gui-util.jar;D:/Xilinx/Vivado/2023.2\lib\classes\batik-gvt.jar;D:/Xilinx/Vivado/2023.2\lib\classes\batik-i18n.jar;D:/Xilinx/Vivado/2023.2\lib\classes\batik-parser.jar;D:/Xilinx/Vivado/2023.2\lib\classes\batik-script.jar;D:/Xilinx/Vivado/2023.2\lib\classes\batik-svg-dom.jar;D:/Xilinx/Vivado/2023.2\lib\classes\batik-svggen.jar;D:/Xilinx/Vivado/2023.2\lib\classes\batik-swing.jar;D:/Xilinx/Vivado/2023.2\lib\classes\batik-transcoder.jar;D:/Xilinx/Vivado/2023.2\lib\classes\batik-util.jar;D:/Xilinx/Vivado/2023.2\lib\classes\batik-xml.jar;D:/Xilinx/Vivado/2023.2\lib\classes\com.fasterxml.jackson.core.jackson-annotations_2.12.1.v20210128-1726.jar;D:/Xilinx/Vivado/2023.2\lib\classes\com.fasterxml.jackson.core.jackson-core_2.12.1.v20210128-1726.jar;D:/Xilinx/Vivado/2023.2\lib\classes\com.fasterxml.jackson.core.jackson-databind_2.12.1.v20210128-1726.jar;D:/Xilinx/Vivado/2023.2\lib\classes\com.google.gson_2.8.9.v20220111-1409.jar;D:/Xilinx/Vivado/2023.2\lib\classes\com.google.guava_30.1.0.v20210127-2300.jar;D:/Xilinx/Vivado/2023.2\lib\classes\com.sigasi.hdt.connection_4.17.2.202304211001.jar;D:/Xilinx/Vivado/2023.2\lib\classes\com.sigasi.hdt.epl_4.17.2.202304211001.jar;D:/Xilinx/Vivado/2023.
Launcher Type: generic

[Global flags]
     intx CICompilerCount                          = 12                                        {product} {ergonomic}
     uint ConcGCThreads                            = 3                                         {product} {ergonomic}
     uint G1ConcRefinementThreads                  = 13                                        {product} {ergonomic}
   size_t G1HeapRegionSize                         = 2097152                                   {product} {ergonomic}
    uintx GCDrainStackTargetSize                   = 64                                        {product} {ergonomic}
   size_t InitialHeapSize                          = 536870912                                 {product} {command line}
   size_t MarkStackSize                            = 4194304                                   {product} {ergonomic}
    uintx MaxGCPauseMillis                         = 200                                       {product} {command line}
   size_t MaxHeapSize                              = 4269801472                                {product} {command line}
   size_t MaxNewSize                               = 83886080                                  {product} {command line}
   size_t MinHeapDeltaBytes                        = 2097152                                   {product} {ergonomic}
   size_t MinHeapSize                              = 536870912                                 {product} {command line}
   size_t NewSize                                  = 83886080                                  {product} {command line}
    uintx NonNMethodCodeHeapSize                   = 7602480                                {pd product} {ergonomic}
    uintx NonProfiledCodeHeapSize                  = 122027880                              {pd product} {ergonomic}
     bool ParallelRefProcEnabled                   = true                                      {product} {command line}
    uintx ProfiledCodeHeapSize                     = 122027880                              {pd product} {ergonomic}
    uintx ReservedCodeCacheSize                    = 251658240                              {pd product} {ergonomic}
     bool SegmentedCodeCache                       = true                                      {product} {ergonomic}
   size_t SoftMaxHeapSize                          = 4269801472                             {manageable} {ergonomic}
    uintx StringTableSize                          = 4072                                      {product} {command line}
     intx ThreadStackSize                          = 10240                                  {pd product} {command line}
     bool UseCompressedClassPointers               = true                           {product lp64_product} {ergonomic}
     bool UseCompressedOops                        = true                           {product lp64_product} {ergonomic}
     bool UseG1GC                                  = true                                      {product} {ergonomic}
     bool UseLargePagesIndividualAllocation        = false                                  {pd product} {ergonomic}
     bool UsePerfData                              = false                                     {product} {command line}
     bool UseStringDeduplication                   = true                                      {product} {command line}

Logging:
Log output configuration:
 #0: stdout all=warning uptime,level,tags
 #1: stderr all=off uptime,level,tags

Environment Variables:
PATH=D:/Xilinx/Vivado/2023.2\gnuwin\bin;D:/Xilinx/Vivado/2023.2\gnu\microblaze\nt\bin;D:/Xilinx/Vivado/2023.2/bin;D:/Xilinx/Vivado/2023.2/tps/win64/java-cef-95.0.4638.69/bin/lib/win64;D:/Xilinx/Vivado/2023.2/tps/win64/javafx-sdk-17.0.1/lib;D:/Xilinx/Vivado/2023.2/tps/win64/javafx-sdk-17.0.1/bin;D:/Xilinx/Vivado/2023.2/lib/win64.o;D:/Xilinx/Vivado/2023.2/tps/win64/jre17.0.7_7/bin/server;D:/Xilinx/Vivado/2023.2/tps/win64/jre17.0.7_7/bin;D:/Xilinx/Vivado/2023.2/ids_lite/ISE/bin/nt64;D:/Xilinx/Vivado/2023.2/ids_lite/ISE/lib/nt64;D:/Xilinx/Vitis_HLS/2023.2/bin;D:\anaconda\condabin;D:\Program Files (x86)\VMware\bin\;C:\WINDOWS\system32;C:\WINDOWS;C:\WINDOWS\System32\Wbem;C:\WINDOWS\System32\WindowsPowerShell\v1.0\;C:\WINDOWS\System32\OpenSSH\;C:\Program Files\dotnet\;D:\Program Files (x86)\putty\;C:\Program Files (x86)\STMicroelectronics\STM32 ST-LINK Utility\ST-LINK Utility;D:\Program Files (x86)\xshell\;D:\Program Files\Git\cmd;C:\Users\11613\AppData\Local\Programs\Python\Launcher\;C:\Users\11613\AppData\Local\Microsoft\WindowsApps;D:\Program Files\mingw64\mingw64\bin;D:\Program Files\mingw64\SDL2-2.32.4\x86_64-w64-mingw32\bin;D:\Program Files\mingw64\cmake-4.0.1-windows-x86_64\cmake-4.0.1-windows-x86_64\bin;D:\Program Files\Microsoft VS Code\bin;D:\anaconda;D:\anaconda\Scripts;D:\anaconda\Library\mingw-w64\bin;D:\anaconda\Library\usr\bin;D:\anaconda\Library\bin;;D:/Xilinx/Vivado/2023.2\tps\mingw\6.2.0\win64.o\nt\bin;D:/Xilinx/Vivado/2023.2\tps\mingw\6.2.0\win64.o\nt\libexec\gcc\x86_64-w64-mingw32\6.2.0;D:/Xilinx/Vivado/2023.2\tps\win64\python-3.8.3;D:/Xilinx/Vivado/2023.2\tps\win64\python-3.8.3\bin;D:/Xilinx/Vivado/2023.2\tps\win64\python-3.8.3\lib;D:/Xilinx/Vivado/2023.2\tps\win64\python-3.8.3\lib\site-packages
USERNAME=11613
OS=Windows_NT
PROCESSOR_IDENTIFIER=AMD64 Family 23 Model 96 Stepping 1, AuthenticAMD
TMP=C:\Users\11613\AppData\Local\Temp
TEMP=C:\Users\11613\AppData\Local\Temp



---------------  S Y S T E M  ---------------

OS:
 Windows 11 , 64 bit Build 26100 (10.0.26100.7309)
OS uptime: 0 days 20:48 hours

CPU: total 16 (initial active 16) (16 cores per cpu, 2 threads per core) family 23 model 96 stepping 1 microcode 0x8600106, cx8, cmov, fxsr, ht, mmx, 3dnowpref, sse, sse2, sse3, ssse3, sse4a, sse4.1, sse4.2, popcnt, lzcnt, tsc, tscinvbit, avx, avx2, aes, clmul, bmi1, bmi2, adx, sha, fma, vzeroupper, clflush, clflushopt

Memory: 4k page, system-wide physical 14198M (2589M free)
TotalPageFile size 28397M (AvailPageFile size 11779M)
current process WorkingSet (physical memory assigned to process): 1752M, peak: 2024M
current process commit charge ("private bytes"): 2935M, peak: 4006M

vm_info: OpenJDK 64-Bit Server VM (17.0.7+7) for windows-amd64 JRE (17.0.7+7), built on Apr 18 2023 22:10:42 by "temurin" with MS VC++ 16.7 (VS2019)

END.
